# point_id mrho mpi seed repeat mass_index mass_label
0 1.000 1.000 50001 0 0 1p000
1 1.000 1.000 50002 1 0 1p000
2 1.000 1.000 50003 2 0 1p000
3 1.000 1.000 50004 3 0 1p000
4 1.010 1.010 50005 0 1 1p010
5 1.010 1.010 50006 1 1 1p010
6 1.010 1.010 50007 2 1 1p010
7 1.010 1.010 50008 3 1 1p010
8 1.020 1.020 50009 0 2 1p020
9 1.020 1.020 50010 1 2 1p020
10 1.020 1.020 50011 2 2 1p020
11 1.020 1.020 50012 3 2 1p020
12 1.030 1.030 50013 0 3 1p030
13 1.030 1.030 50014 1 3 1p030
14 1.030 1.030 50015 2 3 1p030
15 1.030 1.030 50016 3 3 1p030
16 1.040 1.040 50017 0 4 1p040
17 1.040 1.040 50018 1 4 1p040
18 1.040 1.040 50019 2 4 1p040
19 1.040 1.040 50020 3 4 1p040
20 1.050 1.050 50021 0 5 1p050
21 1.050 1.050 50022 1 5 1p050
22 1.050 1.050 50023 2 5 1p050
23 1.050 1.050 50024 3 5 1p050
24 1.060 1.060 50025 0 6 1p060
25 1.060 1.060 50026 1 6 1p060
26 1.060 1.060 50027 2 6 1p060
27 1.060 1.060 50028 3 6 1p060
28 1.070 1.070 50029 0 7 1p070
29 1.070 1.070 50030 1 7 1p070
30 1.070 1.070 50031 2 7 1p070
31 1.070 1.070 50032 3 7 1p070
32 1.080 1.080 50033 0 8 1p080
33 1.080 1.080 50034 1 8 1p080
34 1.080 1.080 50035 2 8 1p080
35 1.080 1.080 50036 3 8 1p080
36 1.090 1.090 50037 0 9 1p090
37 1.090 1.090 50038 1 9 1p090
38 1.090 1.090 50039 2 9 1p090
39 1.090 1.090 50040 3 9 1p090
40 1.100 1.100 50041 0 10 1p100
41 1.100 1.100 50042 1 10 1p100
42 1.100 1.100 50043 2 10 1p100
43 1.100 1.100 50044 3 10 1p100
44 1.110 1.110 50045 0 11 1p110
45 1.110 1.110 50046 1 11 1p110
46 1.110 1.110 50047 2 11 1p110
47 1.110 1.110 50048 3 11 1p110
48 1.120 1.120 50049 0 12 1p120
49 1.120 1.120 50050 1 12 1p120
50 1.120 1.120 50051 2 12 1p120
51 1.120 1.120 50052 3 12 1p120
52 1.130 1.130 50053 0 13 1p130
53 1.130 1.130 50054 1 13 1p130
54 1.130 1.130 50055 2 13 1p130
55 1.130 1.130 50056 3 13 1p130
56 1.140 1.140 50057 0 14 1p140
57 1.140 1.140 50058 1 14 1p140
58 1.140 1.140 50059 2 14 1p140
59 1.140 1.140 50060 3 14 1p140
60 1.150 1.150 50061 0 15 1p150
61 1.150 1.150 50062 1 15 1p150
62 1.150 1.150 50063 2 15 1p150
63 1.150 1.150 50064 3 15 1p150
64 1.160 1.160 50065 0 16 1p160
65 1.160 1.160 50066 1 16 1p160
66 1.160 1.160 50067 2 16 1p160
67 1.160 1.160 50068 3 16 1p160
68 1.170 1.170 50069 0 17 1p170
69 1.170 1.170 50070 1 17 1p170
70 1.170 1.170 50071 2 17 1p170
71 1.170 1.170 50072 3 17 1p170
72 1.180 1.180 50073 0 18 1p180
73 1.180 1.180 50074 1 18 1p180
74 1.180 1.180 50075 2 18 1p180
75 1.180 1.180 50076 3 18 1p180
76 1.190 1.190 50077 0 19 1p190
77 1.190 1.190 50078 1 19 1p190
78 1.190 1.190 50079 2 19 1p190
79 1.190 1.190 50080 3 19 1p190
80 1.200 1.200 50081 0 20 1p200
81 1.200 1.200 50082 1 20 1p200
82 1.200 1.200 50083 2 20 1p200
83 1.200 1.200 50084 3 20 1p200
84 1.210 1.210 50085 0 21 1p210
85 1.210 1.210 50086 1 21 1p210
86 1.210 1.210 50087 2 21 1p210
87 1.210 1.210 50088 3 21 1p210
88 1.220 1.220 50089 0 22 1p220
89 1.220 1.220 50090 1 22 1p220
90 1.220 1.220 50091 2 22 1p220
91 1.220 1.220 50092 3 22 1p220
92 1.230 1.230 50093 0 23 1p230
93 1.230 1.230 50094 1 23 1p230
94 1.230 1.230 50095 2 23 1p230
95 1.230 1.230 50096 3 23 1p230
96 1.240 1.240 50097 0 24 1p240
97 1.240 1.240 50098 1 24 1p240
98 1.240 1.240 50099 2 24 1p240
99 1.240 1.240 50100 3 24 1p240
100 1.250 1.250 50101 0 25 1p250
101 1.250 1.250 50102 1 25 1p250
102 1.250 1.250 50103 2 25 1p250
103 1.250 1.250 50104 3 25 1p250
104 1.260 1.260 50105 0 26 1p260
105 1.260 1.260 50106 1 26 1p260
106 1.260 1.260 50107 2 26 1p260
107 1.260 1.260 50108 3 26 1p260
108 1.270 1.270 50109 0 27 1p270
109 1.270 1.270 50110 1 27 1p270
110 1.270 1.270 50111 2 27 1p270
111 1.270 1.270 50112 3 27 1p270
112 1.280 1.280 50113 0 28 1p280
113 1.280 1.280 50114 1 28 1p280
114 1.280 1.280 50115 2 28 1p280
115 1.280 1.280 50116 3 28 1p280
116 1.290 1.290 50117 0 29 1p290
117 1.290 1.290 50118 1 29 1p290
118 1.290 1.290 50119 2 29 1p290
119 1.290 1.290 50120 3 29 1p290
120 1.300 1.300 50121 0 30 1p300
121 1.300 1.300 50122 1 30 1p300
122 1.300 1.300 50123 2 30 1p300
123 1.300 1.300 50124 3 30 1p300
124 1.310 1.310 50125 0 31 1p310
125 1.310 1.310 50126 1 31 1p310
126 1.310 1.310 50127 2 31 1p310
127 1.310 1.310 50128 3 31 1p310
128 1.320 1.320 50129 0 32 1p320
129 1.320 1.320 50130 1 32 1p320
130 1.320 1.320 50131 2 32 1p320
131 1.320 1.320 50132 3 32 1p320
132 1.330 1.330 50133 0 33 1p330
133 1.330 1.330 50134 1 33 1p330
134 1.330 1.330 50135 2 33 1p330
135 1.330 1.330 50136 3 33 1p330
136 1.340 1.340 50137 0 34 1p340
137 1.340 1.340 50138 1 34 1p340
138 1.340 1.340 50139 2 34 1p340
139 1.340 1.340 50140 3 34 1p340
140 1.350 1.350 50141 0 35 1p350
141 1.350 1.350 50142 1 35 1p350
142 1.350 1.350 50143 2 35 1p350
143 1.350 1.350 50144 3 35 1p350
144 1.360 1.360 50145 0 36 1p360
145 1.360 1.360 50146 1 36 1p360
146 1.360 1.360 50147 2 36 1p360
147 1.360 1.360 50148 3 36 1p360
148 1.370 1.370 50149 0 37 1p370
149 1.370 1.370 50150 1 37 1p370
150 1.370 1.370 50151 2 37 1p370
151 1.370 1.370 50152 3 37 1p370
152 1.380 1.380 50153 0 38 1p380
153 1.380 1.380 50154 1 38 1p380
154 1.380 1.380 50155 2 38 1p380
155 1.380 1.380 50156 3 38 1p380
156 1.390 1.390 50157 0 39 1p390
157 1.390 1.390 50158 1 39 1p390
158 1.390 1.390 50159 2 39 1p390
159 1.390 1.390 50160 3 39 1p390
160 1.400 1.400 50161 0 40 1p400
161 1.400 1.400 50162 1 40 1p400
162 1.400 1.400 50163 2 40 1p400
163 1.400 1.400 50164 3 40 1p400
164 1.410 1.410 50165 0 41 1p410
165 1.410 1.410 50166 1 41 1p410
166 1.410 1.410 50167 2 41 1p410
167 1.410 1.410 50168 3 41 1p410
168 1.420 1.420 50169 0 42 1p420
169 1.420 1.420 50170 1 42 1p420
170 1.420 1.420 50171 2 42 1p420
171 1.420 1.420 50172 3 42 1p420
172 1.430 1.430 50173 0 43 1p430
173 1.430 1.430 50174 1 43 1p430
174 1.430 1.430 50175 2 43 1p430
175 1.430 1.430 50176 3 43 1p430
176 1.440 1.440 50177 0 44 1p440
177 1.440 1.440 50178 1 44 1p440
178 1.440 1.440 50179 2 44 1p440
179 1.440 1.440 50180 3 44 1p440
180 1.450 1.450 50181 0 45 1p450
181 1.450 1.450 50182 1 45 1p450
182 1.450 1.450 50183 2 45 1p450
183 1.450 1.450 50184 3 45 1p450
184 1.460 1.460 50185 0 46 1p460
185 1.460 1.460 50186 1 46 1p460
186 1.460 1.460 50187 2 46 1p460
187 1.460 1.460 50188 3 46 1p460
188 1.470 1.470 50189 0 47 1p470
189 1.470 1.470 50190 1 47 1p470
190 1.470 1.470 50191 2 47 1p470
191 1.470 1.470 50192 3 47 1p470
192 1.480 1.480 50193 0 48 1p480
193 1.480 1.480 50194 1 48 1p480
194 1.480 1.480 50195 2 48 1p480
195 1.480 1.480 50196 3 48 1p480
196 1.490 1.490 50197 0 49 1p490
197 1.490 1.490 50198 1 49 1p490
198 1.490 1.490 50199 2 49 1p490
199 1.490 1.490 50200 3 49 1p490
200 1.500 1.500 50201 0 50 1p500
201 1.500 1.500 50202 1 50 1p500
202 1.500 1.500 50203 2 50 1p500
203 1.500 1.500 50204 3 50 1p500
204 1.510 1.510 50205 0 51 1p510
205 1.510 1.510 50206 1 51 1p510
206 1.510 1.510 50207 2 51 1p510
207 1.510 1.510 50208 3 51 1p510
208 1.520 1.520 50209 0 52 1p520
209 1.520 1.520 50210 1 52 1p520
210 1.520 1.520 50211 2 52 1p520
211 1.520 1.520 50212 3 52 1p520
212 1.530 1.530 50213 0 53 1p530
213 1.530 1.530 50214 1 53 1p530
214 1.530 1.530 50215 2 53 1p530
215 1.530 1.530 50216 3 53 1p530
216 1.540 1.540 50217 0 54 1p540
217 1.540 1.540 50218 1 54 1p540
218 1.540 1.540 50219 2 54 1p540
219 1.540 1.540 50220 3 54 1p540
220 1.550 1.550 50221 0 55 1p550
221 1.550 1.550 50222 1 55 1p550
222 1.550 1.550 50223 2 55 1p550
223 1.550 1.550 50224 3 55 1p550
224 1.560 1.560 50225 0 56 1p560
225 1.560 1.560 50226 1 56 1p560
226 1.560 1.560 50227 2 56 1p560
227 1.560 1.560 50228 3 56 1p560
228 1.570 1.570 50229 0 57 1p570
229 1.570 1.570 50230 1 57 1p570
230 1.570 1.570 50231 2 57 1p570
231 1.570 1.570 50232 3 57 1p570
232 1.580 1.580 50233 0 58 1p580
233 1.580 1.580 50234 1 58 1p580
234 1.580 1.580 50235 2 58 1p580
235 1.580 1.580 50236 3 58 1p580
236 1.590 1.590 50237 0 59 1p590
237 1.590 1.590 50238 1 59 1p590
238 1.590 1.590 50239 2 59 1p590
239 1.590 1.590 50240 3 59 1p590
240 1.600 1.600 50241 0 60 1p600
241 1.600 1.600 50242 1 60 1p600
242 1.600 1.600 50243 2 60 1p600
243 1.600 1.600 50244 3 60 1p600
244 1.610 1.610 50245 0 61 1p610
245 1.610 1.610 50246 1 61 1p610
246 1.610 1.610 50247 2 61 1p610
247 1.610 1.610 50248 3 61 1p610
248 1.620 1.620 50249 0 62 1p620
249 1.620 1.620 50250 1 62 1p620
250 1.620 1.620 50251 2 62 1p620
251 1.620 1.620 50252 3 62 1p620
252 1.630 1.630 50253 0 63 1p630
253 1.630 1.630 50254 1 63 1p630
254 1.630 1.630 50255 2 63 1p630
255 1.630 1.630 50256 3 63 1p630
256 1.640 1.640 50257 0 64 1p640
257 1.640 1.640 50258 1 64 1p640
258 1.640 1.640 50259 2 64 1p640
259 1.640 1.640 50260 3 64 1p640
260 1.650 1.650 50261 0 65 1p650
261 1.650 1.650 50262 1 65 1p650
262 1.650 1.650 50263 2 65 1p650
263 1.650 1.650 50264 3 65 1p650
264 1.660 1.660 50265 0 66 1p660
265 1.660 1.660 50266 1 66 1p660
266 1.660 1.660 50267 2 66 1p660
267 1.660 1.660 50268 3 66 1p660
268 1.670 1.670 50269 0 67 1p670
269 1.670 1.670 50270 1 67 1p670
270 1.670 1.670 50271 2 67 1p670
271 1.670 1.670 50272 3 67 1p670
272 1.680 1.680 50273 0 68 1p680
273 1.680 1.680 50274 1 68 1p680
274 1.680 1.680 50275 2 68 1p680
275 1.680 1.680 50276 3 68 1p680
276 1.690 1.690 50277 0 69 1p690
277 1.690 1.690 50278 1 69 1p690
278 1.690 1.690 50279 2 69 1p690
279 1.690 1.690 50280 3 69 1p690
280 1.700 1.700 50281 0 70 1p700
281 1.700 1.700 50282 1 70 1p700
282 1.700 1.700 50283 2 70 1p700
283 1.700 1.700 50284 3 70 1p700
284 1.710 1.710 50285 0 71 1p710
285 1.710 1.710 50286 1 71 1p710
286 1.710 1.710 50287 2 71 1p710
287 1.710 1.710 50288 3 71 1p710
288 1.720 1.720 50289 0 72 1p720
289 1.720 1.720 50290 1 72 1p720
290 1.720 1.720 50291 2 72 1p720
291 1.720 1.720 50292 3 72 1p720
292 1.730 1.730 50293 0 73 1p730
293 1.730 1.730 50294 1 73 1p730
294 1.730 1.730 50295 2 73 1p730
295 1.730 1.730 50296 3 73 1p730
296 1.740 1.740 50297 0 74 1p740
297 1.740 1.740 50298 1 74 1p740
298 1.740 1.740 50299 2 74 1p740
299 1.740 1.740 50300 3 74 1p740
300 1.750 1.750 50301 0 75 1p750
301 1.750 1.750 50302 1 75 1p750
302 1.750 1.750 50303 2 75 1p750
303 1.750 1.750 50304 3 75 1p750
304 1.760 1.760 50305 0 76 1p760
305 1.760 1.760 50306 1 76 1p760
306 1.760 1.760 50307 2 76 1p760
307 1.760 1.760 50308 3 76 1p760
308 1.770 1.770 50309 0 77 1p770
309 1.770 1.770 50310 1 77 1p770
310 1.770 1.770 50311 2 77 1p770
311 1.770 1.770 50312 3 77 1p770
312 1.780 1.780 50313 0 78 1p780
313 1.780 1.780 50314 1 78 1p780
314 1.780 1.780 50315 2 78 1p780
315 1.780 1.780 50316 3 78 1p780
316 1.790 1.790 50317 0 79 1p790
317 1.790 1.790 50318 1 79 1p790
318 1.790 1.790 50319 2 79 1p790
319 1.790 1.790 50320 3 79 1p790
320 1.800 1.800 50321 0 80 1p800
321 1.800 1.800 50322 1 80 1p800
322 1.800 1.800 50323 2 80 1p800
323 1.800 1.800 50324 3 80 1p800
324 1.810 1.810 50325 0 81 1p810
325 1.810 1.810 50326 1 81 1p810
326 1.810 1.810 50327 2 81 1p810
327 1.810 1.810 50328 3 81 1p810
328 1.820 1.820 50329 0 82 1p820
329 1.820 1.820 50330 1 82 1p820
330 1.820 1.820 50331 2 82 1p820
331 1.820 1.820 50332 3 82 1p820
332 1.830 1.830 50333 0 83 1p830
333 1.830 1.830 50334 1 83 1p830
334 1.830 1.830 50335 2 83 1p830
335 1.830 1.830 50336 3 83 1p830
336 1.840 1.840 50337 0 84 1p840
337 1.840 1.840 50338 1 84 1p840
338 1.840 1.840 50339 2 84 1p840
339 1.840 1.840 50340 3 84 1p840
340 1.850 1.850 50341 0 85 1p850
341 1.850 1.850 50342 1 85 1p850
342 1.850 1.850 50343 2 85 1p850
343 1.850 1.850 50344 3 85 1p850
344 1.860 1.860 50345 0 86 1p860
345 1.860 1.860 50346 1 86 1p860
346 1.860 1.860 50347 2 86 1p860
347 1.860 1.860 50348 3 86 1p860
348 1.870 1.870 50349 0 87 1p870
349 1.870 1.870 50350 1 87 1p870
350 1.870 1.870 50351 2 87 1p870
351 1.870 1.870 50352 3 87 1p870
352 1.880 1.880 50353 0 88 1p880
353 1.880 1.880 50354 1 88 1p880
354 1.880 1.880 50355 2 88 1p880
355 1.880 1.880 50356 3 88 1p880
356 1.890 1.890 50357 0 89 1p890
357 1.890 1.890 50358 1 89 1p890
358 1.890 1.890 50359 2 89 1p890
359 1.890 1.890 50360 3 89 1p890
360 1.900 1.900 50361 0 90 1p900
361 1.900 1.900 50362 1 90 1p900
362 1.900 1.900 50363 2 90 1p900
363 1.900 1.900 50364 3 90 1p900
364 1.910 1.910 50365 0 91 1p910
365 1.910 1.910 50366 1 91 1p910
366 1.910 1.910 50367 2 91 1p910
367 1.910 1.910 50368 3 91 1p910
368 1.920 1.920 50369 0 92 1p920
369 1.920 1.920 50370 1 92 1p920
370 1.920 1.920 50371 2 92 1p920
371 1.920 1.920 50372 3 92 1p920
372 1.930 1.930 50373 0 93 1p930
373 1.930 1.930 50374 1 93 1p930
374 1.930 1.930 50375 2 93 1p930
375 1.930 1.930 50376 3 93 1p930
376 1.940 1.940 50377 0 94 1p940
377 1.940 1.940 50378 1 94 1p940
378 1.940 1.940 50379 2 94 1p940
379 1.940 1.940 50380 3 94 1p940
380 1.950 1.950 50381 0 95 1p950
381 1.950 1.950 50382 1 95 1p950
382 1.950 1.950 50383 2 95 1p950
383 1.950 1.950 50384 3 95 1p950
384 1.960 1.960 50385 0 96 1p960
385 1.960 1.960 50386 1 96 1p960
386 1.960 1.960 50387 2 96 1p960
387 1.960 1.960 50388 3 96 1p960
388 1.970 1.970 50389 0 97 1p970
389 1.970 1.970 50390 1 97 1p970
390 1.970 1.970 50391 2 97 1p970
391 1.970 1.970 50392 3 97 1p970
392 1.980 1.980 50393 0 98 1p980
393 1.980 1.980 50394 1 98 1p980
394 1.980 1.980 50395 2 98 1p980
395 1.980 1.980 50396 3 98 1p980
396 1.990 1.990 50397 0 99 1p990
397 1.990 1.990 50398 1 99 1p990
398 1.990 1.990 50399 2 99 1p990
399 1.990 1.990 50400 3 99 1p990
400 2.000 2.000 50401 0 100 2p000
401 2.000 2.000 50402 1 100 2p000
402 2.000 2.000 50403 2 100 2p000
403 2.000 2.000 50404 3 100 2p000
404 2.010 2.010 50405 0 101 2p010
405 2.010 2.010 50406 1 101 2p010
406 2.010 2.010 50407 2 101 2p010
407 2.010 2.010 50408 3 101 2p010
408 2.020 2.020 50409 0 102 2p020
409 2.020 2.020 50410 1 102 2p020
410 2.020 2.020 50411 2 102 2p020
411 2.020 2.020 50412 3 102 2p020
412 2.030 2.030 50413 0 103 2p030
413 2.030 2.030 50414 1 103 2p030
414 2.030 2.030 50415 2 103 2p030
415 2.030 2.030 50416 3 103 2p030
416 2.040 2.040 50417 0 104 2p040
417 2.040 2.040 50418 1 104 2p040
418 2.040 2.040 50419 2 104 2p040
419 2.040 2.040 50420 3 104 2p040
420 2.050 2.050 50421 0 105 2p050
421 2.050 2.050 50422 1 105 2p050
422 2.050 2.050 50423 2 105 2p050
423 2.050 2.050 50424 3 105 2p050
424 2.060 2.060 50425 0 106 2p060
425 2.060 2.060 50426 1 106 2p060
426 2.060 2.060 50427 2 106 2p060
427 2.060 2.060 50428 3 106 2p060
428 2.070 2.070 50429 0 107 2p070
429 2.070 2.070 50430 1 107 2p070
430 2.070 2.070 50431 2 107 2p070
431 2.070 2.070 50432 3 107 2p070
432 2.080 2.080 50433 0 108 2p080
433 2.080 2.080 50434 1 108 2p080
434 2.080 2.080 50435 2 108 2p080
435 2.080 2.080 50436 3 108 2p080
436 2.090 2.090 50437 0 109 2p090
437 2.090 2.090 50438 1 109 2p090
438 2.090 2.090 50439 2 109 2p090
439 2.090 2.090 50440 3 109 2p090
440 2.100 2.100 50441 0 110 2p100
441 2.100 2.100 50442 1 110 2p100
442 2.100 2.100 50443 2 110 2p100
443 2.100 2.100 50444 3 110 2p100
444 2.110 2.110 50445 0 111 2p110
445 2.110 2.110 50446 1 111 2p110
446 2.110 2.110 50447 2 111 2p110
447 2.110 2.110 50448 3 111 2p110
448 2.120 2.120 50449 0 112 2p120
449 2.120 2.120 50450 1 112 2p120
450 2.120 2.120 50451 2 112 2p120
451 2.120 2.120 50452 3 112 2p120
452 2.130 2.130 50453 0 113 2p130
453 2.130 2.130 50454 1 113 2p130
454 2.130 2.130 50455 2 113 2p130
455 2.130 2.130 50456 3 113 2p130
456 2.140 2.140 50457 0 114 2p140
457 2.140 2.140 50458 1 114 2p140
458 2.140 2.140 50459 2 114 2p140
459 2.140 2.140 50460 3 114 2p140
460 2.150 2.150 50461 0 115 2p150
461 2.150 2.150 50462 1 115 2p150
462 2.150 2.150 50463 2 115 2p150
463 2.150 2.150 50464 3 115 2p150
464 2.160 2.160 50465 0 116 2p160
465 2.160 2.160 50466 1 116 2p160
466 2.160 2.160 50467 2 116 2p160
467 2.160 2.160 50468 3 116 2p160
468 2.170 2.170 50469 0 117 2p170
469 2.170 2.170 50470 1 117 2p170
470 2.170 2.170 50471 2 117 2p170
471 2.170 2.170 50472 3 117 2p170
472 2.180 2.180 50473 0 118 2p180
473 2.180 2.180 50474 1 118 2p180
474 2.180 2.180 50475 2 118 2p180
475 2.180 2.180 50476 3 118 2p180
476 2.190 2.190 50477 0 119 2p190
477 2.190 2.190 50478 1 119 2p190
478 2.190 2.190 50479 2 119 2p190
479 2.190 2.190 50480 3 119 2p190
480 2.200 2.200 50481 0 120 2p200
481 2.200 2.200 50482 1 120 2p200
482 2.200 2.200 50483 2 120 2p200
483 2.200 2.200 50484 3 120 2p200
484 2.210 2.210 50485 0 121 2p210
485 2.210 2.210 50486 1 121 2p210
486 2.210 2.210 50487 2 121 2p210
487 2.210 2.210 50488 3 121 2p210
488 2.220 2.220 50489 0 122 2p220
489 2.220 2.220 50490 1 122 2p220
490 2.220 2.220 50491 2 122 2p220
491 2.220 2.220 50492 3 122 2p220
492 2.230 2.230 50493 0 123 2p230
493 2.230 2.230 50494 1 123 2p230
494 2.230 2.230 50495 2 123 2p230
495 2.230 2.230 50496 3 123 2p230
496 2.240 2.240 50497 0 124 2p240
497 2.240 2.240 50498 1 124 2p240
498 2.240 2.240 50499 2 124 2p240
499 2.240 2.240 50500 3 124 2p240
500 2.250 2.250 50501 0 125 2p250
501 2.250 2.250 50502 1 125 2p250
502 2.250 2.250 50503 2 125 2p250
503 2.250 2.250 50504 3 125 2p250
504 2.260 2.260 50505 0 126 2p260
505 2.260 2.260 50506 1 126 2p260
506 2.260 2.260 50507 2 126 2p260
507 2.260 2.260 50508 3 126 2p260
508 2.270 2.270 50509 0 127 2p270
509 2.270 2.270 50510 1 127 2p270
510 2.270 2.270 50511 2 127 2p270
511 2.270 2.270 50512 3 127 2p270
512 2.280 2.280 50513 0 128 2p280
513 2.280 2.280 50514 1 128 2p280
514 2.280 2.280 50515 2 128 2p280
515 2.280 2.280 50516 3 128 2p280
516 2.290 2.290 50517 0 129 2p290
517 2.290 2.290 50518 1 129 2p290
518 2.290 2.290 50519 2 129 2p290
519 2.290 2.290 50520 3 129 2p290
520 2.300 2.300 50521 0 130 2p300
521 2.300 2.300 50522 1 130 2p300
522 2.300 2.300 50523 2 130 2p300
523 2.300 2.300 50524 3 130 2p300
524 2.310 2.310 50525 0 131 2p310
525 2.310 2.310 50526 1 131 2p310
526 2.310 2.310 50527 2 131 2p310
527 2.310 2.310 50528 3 131 2p310
528 2.320 2.320 50529 0 132 2p320
529 2.320 2.320 50530 1 132 2p320
530 2.320 2.320 50531 2 132 2p320
531 2.320 2.320 50532 3 132 2p320
532 2.330 2.330 50533 0 133 2p330
533 2.330 2.330 50534 1 133 2p330
534 2.330 2.330 50535 2 133 2p330
535 2.330 2.330 50536 3 133 2p330
536 2.340 2.340 50537 0 134 2p340
537 2.340 2.340 50538 1 134 2p340
538 2.340 2.340 50539 2 134 2p340
539 2.340 2.340 50540 3 134 2p340
540 2.350 2.350 50541 0 135 2p350
541 2.350 2.350 50542 1 135 2p350
542 2.350 2.350 50543 2 135 2p350
543 2.350 2.350 50544 3 135 2p350
544 2.360 2.360 50545 0 136 2p360
545 2.360 2.360 50546 1 136 2p360
546 2.360 2.360 50547 2 136 2p360
547 2.360 2.360 50548 3 136 2p360
548 2.370 2.370 50549 0 137 2p370
549 2.370 2.370 50550 1 137 2p370
550 2.370 2.370 50551 2 137 2p370
551 2.370 2.370 50552 3 137 2p370
552 2.380 2.380 50553 0 138 2p380
553 2.380 2.380 50554 1 138 2p380
554 2.380 2.380 50555 2 138 2p380
555 2.380 2.380 50556 3 138 2p380
556 2.390 2.390 50557 0 139 2p390
557 2.390 2.390 50558 1 139 2p390
558 2.390 2.390 50559 2 139 2p390
559 2.390 2.390 50560 3 139 2p390
560 2.400 2.400 50561 0 140 2p400
561 2.400 2.400 50562 1 140 2p400
562 2.400 2.400 50563 2 140 2p400
563 2.400 2.400 50564 3 140 2p400
564 2.410 2.410 50565 0 141 2p410
565 2.410 2.410 50566 1 141 2p410
566 2.410 2.410 50567 2 141 2p410
567 2.410 2.410 50568 3 141 2p410
568 2.420 2.420 50569 0 142 2p420
569 2.420 2.420 50570 1 142 2p420
570 2.420 2.420 50571 2 142 2p420
571 2.420 2.420 50572 3 142 2p420
572 2.430 2.430 50573 0 143 2p430
573 2.430 2.430 50574 1 143 2p430
574 2.430 2.430 50575 2 143 2p430
575 2.430 2.430 50576 3 143 2p430
576 2.440 2.440 50577 0 144 2p440
577 2.440 2.440 50578 1 144 2p440
578 2.440 2.440 50579 2 144 2p440
579 2.440 2.440 50580 3 144 2p440
580 2.450 2.450 50581 0 145 2p450
581 2.450 2.450 50582 1 145 2p450
582 2.450 2.450 50583 2 145 2p450
583 2.450 2.450 50584 3 145 2p450
584 2.460 2.460 50585 0 146 2p460
585 2.460 2.460 50586 1 146 2p460
586 2.460 2.460 50587 2 146 2p460
587 2.460 2.460 50588 3 146 2p460
588 2.470 2.470 50589 0 147 2p470
589 2.470 2.470 50590 1 147 2p470
590 2.470 2.470 50591 2 147 2p470
591 2.470 2.470 50592 3 147 2p470
592 2.480 2.480 50593 0 148 2p480
593 2.480 2.480 50594 1 148 2p480
594 2.480 2.480 50595 2 148 2p480
595 2.480 2.480 50596 3 148 2p480
596 2.490 2.490 50597 0 149 2p490
597 2.490 2.490 50598 1 149 2p490
598 2.490 2.490 50599 2 149 2p490
599 2.490 2.490 50600 3 149 2p490
600 2.500 2.500 50601 0 150 2p500
601 2.500 2.500 50602 1 150 2p500
602 2.500 2.500 50603 2 150 2p500
603 2.500 2.500 50604 3 150 2p500
604 2.510 2.510 50605 0 151 2p510
605 2.510 2.510 50606 1 151 2p510
606 2.510 2.510 50607 2 151 2p510
607 2.510 2.510 50608 3 151 2p510
608 2.520 2.520 50609 0 152 2p520
609 2.520 2.520 50610 1 152 2p520
610 2.520 2.520 50611 2 152 2p520
611 2.520 2.520 50612 3 152 2p520
612 2.530 2.530 50613 0 153 2p530
613 2.530 2.530 50614 1 153 2p530
614 2.530 2.530 50615 2 153 2p530
615 2.530 2.530 50616 3 153 2p530
616 2.540 2.540 50617 0 154 2p540
617 2.540 2.540 50618 1 154 2p540
618 2.540 2.540 50619 2 154 2p540
619 2.540 2.540 50620 3 154 2p540
620 2.550 2.550 50621 0 155 2p550
621 2.550 2.550 50622 1 155 2p550
622 2.550 2.550 50623 2 155 2p550
623 2.550 2.550 50624 3 155 2p550
624 2.560 2.560 50625 0 156 2p560
625 2.560 2.560 50626 1 156 2p560
626 2.560 2.560 50627 2 156 2p560
627 2.560 2.560 50628 3 156 2p560
628 2.570 2.570 50629 0 157 2p570
629 2.570 2.570 50630 1 157 2p570
630 2.570 2.570 50631 2 157 2p570
631 2.570 2.570 50632 3 157 2p570
632 2.580 2.580 50633 0 158 2p580
633 2.580 2.580 50634 1 158 2p580
634 2.580 2.580 50635 2 158 2p580
635 2.580 2.580 50636 3 158 2p580
636 2.590 2.590 50637 0 159 2p590
637 2.590 2.590 50638 1 159 2p590
638 2.590 2.590 50639 2 159 2p590
639 2.590 2.590 50640 3 159 2p590
640 2.600 2.600 50641 0 160 2p600
641 2.600 2.600 50642 1 160 2p600
642 2.600 2.600 50643 2 160 2p600
643 2.600 2.600 50644 3 160 2p600
644 2.610 2.610 50645 0 161 2p610
645 2.610 2.610 50646 1 161 2p610
646 2.610 2.610 50647 2 161 2p610
647 2.610 2.610 50648 3 161 2p610
648 2.620 2.620 50649 0 162 2p620
649 2.620 2.620 50650 1 162 2p620
650 2.620 2.620 50651 2 162 2p620
651 2.620 2.620 50652 3 162 2p620
652 2.630 2.630 50653 0 163 2p630
653 2.630 2.630 50654 1 163 2p630
654 2.630 2.630 50655 2 163 2p630
655 2.630 2.630 50656 3 163 2p630
656 2.640 2.640 50657 0 164 2p640
657 2.640 2.640 50658 1 164 2p640
658 2.640 2.640 50659 2 164 2p640
659 2.640 2.640 50660 3 164 2p640
660 2.650 2.650 50661 0 165 2p650
661 2.650 2.650 50662 1 165 2p650
662 2.650 2.650 50663 2 165 2p650
663 2.650 2.650 50664 3 165 2p650
664 2.660 2.660 50665 0 166 2p660
665 2.660 2.660 50666 1 166 2p660
666 2.660 2.660 50667 2 166 2p660
667 2.660 2.660 50668 3 166 2p660
668 2.670 2.670 50669 0 167 2p670
669 2.670 2.670 50670 1 167 2p670
670 2.670 2.670 50671 2 167 2p670
671 2.670 2.670 50672 3 167 2p670
672 2.680 2.680 50673 0 168 2p680
673 2.680 2.680 50674 1 168 2p680
674 2.680 2.680 50675 2 168 2p680
675 2.680 2.680 50676 3 168 2p680
676 2.690 2.690 50677 0 169 2p690
677 2.690 2.690 50678 1 169 2p690
678 2.690 2.690 50679 2 169 2p690
679 2.690 2.690 50680 3 169 2p690
680 2.700 2.700 50681 0 170 2p700
681 2.700 2.700 50682 1 170 2p700
682 2.700 2.700 50683 2 170 2p700
683 2.700 2.700 50684 3 170 2p700
684 2.710 2.710 50685 0 171 2p710
685 2.710 2.710 50686 1 171 2p710
686 2.710 2.710 50687 2 171 2p710
687 2.710 2.710 50688 3 171 2p710
688 2.720 2.720 50689 0 172 2p720
689 2.720 2.720 50690 1 172 2p720
690 2.720 2.720 50691 2 172 2p720
691 2.720 2.720 50692 3 172 2p720
692 2.730 2.730 50693 0 173 2p730
693 2.730 2.730 50694 1 173 2p730
694 2.730 2.730 50695 2 173 2p730
695 2.730 2.730 50696 3 173 2p730
696 2.740 2.740 50697 0 174 2p740
697 2.740 2.740 50698 1 174 2p740
698 2.740 2.740 50699 2 174 2p740
699 2.740 2.740 50700 3 174 2p740
700 2.750 2.750 50701 0 175 2p750
701 2.750 2.750 50702 1 175 2p750
702 2.750 2.750 50703 2 175 2p750
703 2.750 2.750 50704 3 175 2p750
704 2.760 2.760 50705 0 176 2p760
705 2.760 2.760 50706 1 176 2p760
706 2.760 2.760 50707 2 176 2p760
707 2.760 2.760 50708 3 176 2p760
708 2.770 2.770 50709 0 177 2p770
709 2.770 2.770 50710 1 177 2p770
710 2.770 2.770 50711 2 177 2p770
711 2.770 2.770 50712 3 177 2p770
712 2.780 2.780 50713 0 178 2p780
713 2.780 2.780 50714 1 178 2p780
714 2.780 2.780 50715 2 178 2p780
715 2.780 2.780 50716 3 178 2p780
716 2.790 2.790 50717 0 179 2p790
717 2.790 2.790 50718 1 179 2p790
718 2.790 2.790 50719 2 179 2p790
719 2.790 2.790 50720 3 179 2p790
720 2.800 2.800 50721 0 180 2p800
721 2.800 2.800 50722 1 180 2p800
722 2.800 2.800 50723 2 180 2p800
723 2.800 2.800 50724 3 180 2p800
724 2.810 2.810 50725 0 181 2p810
725 2.810 2.810 50726 1 181 2p810
726 2.810 2.810 50727 2 181 2p810
727 2.810 2.810 50728 3 181 2p810
728 2.820 2.820 50729 0 182 2p820
729 2.820 2.820 50730 1 182 2p820
730 2.820 2.820 50731 2 182 2p820
731 2.820 2.820 50732 3 182 2p820
732 2.830 2.830 50733 0 183 2p830
733 2.830 2.830 50734 1 183 2p830
734 2.830 2.830 50735 2 183 2p830
735 2.830 2.830 50736 3 183 2p830
736 2.840 2.840 50737 0 184 2p840
737 2.840 2.840 50738 1 184 2p840
738 2.840 2.840 50739 2 184 2p840
739 2.840 2.840 50740 3 184 2p840
740 2.850 2.850 50741 0 185 2p850
741 2.850 2.850 50742 1 185 2p850
742 2.850 2.850 50743 2 185 2p850
743 2.850 2.850 50744 3 185 2p850
744 2.860 2.860 50745 0 186 2p860
745 2.860 2.860 50746 1 186 2p860
746 2.860 2.860 50747 2 186 2p860
747 2.860 2.860 50748 3 186 2p860
748 2.870 2.870 50749 0 187 2p870
749 2.870 2.870 50750 1 187 2p870
750 2.870 2.870 50751 2 187 2p870
751 2.870 2.870 50752 3 187 2p870
752 2.880 2.880 50753 0 188 2p880
753 2.880 2.880 50754 1 188 2p880
754 2.880 2.880 50755 2 188 2p880
755 2.880 2.880 50756 3 188 2p880
756 2.890 2.890 50757 0 189 2p890
757 2.890 2.890 50758 1 189 2p890
758 2.890 2.890 50759 2 189 2p890
759 2.890 2.890 50760 3 189 2p890
760 2.900 2.900 50761 0 190 2p900
761 2.900 2.900 50762 1 190 2p900
762 2.900 2.900 50763 2 190 2p900
763 2.900 2.900 50764 3 190 2p900
764 2.910 2.910 50765 0 191 2p910
765 2.910 2.910 50766 1 191 2p910
766 2.910 2.910 50767 2 191 2p910
767 2.910 2.910 50768 3 191 2p910
768 2.920 2.920 50769 0 192 2p920
769 2.920 2.920 50770 1 192 2p920
770 2.920 2.920 50771 2 192 2p920
771 2.920 2.920 50772 3 192 2p920
772 2.930 2.930 50773 0 193 2p930
773 2.930 2.930 50774 1 193 2p930
774 2.930 2.930 50775 2 193 2p930
775 2.930 2.930 50776 3 193 2p930
776 2.940 2.940 50777 0 194 2p940
777 2.940 2.940 50778 1 194 2p940
778 2.940 2.940 50779 2 194 2p940
779 2.940 2.940 50780 3 194 2p940
780 2.950 2.950 50781 0 195 2p950
781 2.950 2.950 50782 1 195 2p950
782 2.950 2.950 50783 2 195 2p950
783 2.950 2.950 50784 3 195 2p950
784 2.960 2.960 50785 0 196 2p960
785 2.960 2.960 50786 1 196 2p960
786 2.960 2.960 50787 2 196 2p960
787 2.960 2.960 50788 3 196 2p960
788 2.970 2.970 50789 0 197 2p970
789 2.970 2.970 50790 1 197 2p970
790 2.970 2.970 50791 2 197 2p970
791 2.970 2.970 50792 3 197 2p970
792 2.980 2.980 50793 0 198 2p980
793 2.980 2.980 50794 1 198 2p980
794 2.980 2.980 50795 2 198 2p980
795 2.980 2.980 50796 3 198 2p980
796 2.990 2.990 50797 0 199 2p990
797 2.990 2.990 50798 1 199 2p990
798 2.990 2.990 50799 2 199 2p990
799 2.990 2.990 50800 3 199 2p990
800 3.000 3.000 50801 0 200 3p000
801 3.000 3.000 50802 1 200 3p000
802 3.000 3.000 50803 2 200 3p000
803 3.000 3.000 50804 3 200 3p000
804 3.010 3.010 50805 0 201 3p010
805 3.010 3.010 50806 1 201 3p010
806 3.010 3.010 50807 2 201 3p010
807 3.010 3.010 50808 3 201 3p010
808 3.020 3.020 50809 0 202 3p020
809 3.020 3.020 50810 1 202 3p020
810 3.020 3.020 50811 2 202 3p020
811 3.020 3.020 50812 3 202 3p020
812 3.030 3.030 50813 0 203 3p030
813 3.030 3.030 50814 1 203 3p030
814 3.030 3.030 50815 2 203 3p030
815 3.030 3.030 50816 3 203 3p030
816 3.040 3.040 50817 0 204 3p040
817 3.040 3.040 50818 1 204 3p040
818 3.040 3.040 50819 2 204 3p040
819 3.040 3.040 50820 3 204 3p040
820 3.050 3.050 50821 0 205 3p050
821 3.050 3.050 50822 1 205 3p050
822 3.050 3.050 50823 2 205 3p050
823 3.050 3.050 50824 3 205 3p050
824 3.060 3.060 50825 0 206 3p060
825 3.060 3.060 50826 1 206 3p060
826 3.060 3.060 50827 2 206 3p060
827 3.060 3.060 50828 3 206 3p060
828 3.070 3.070 50829 0 207 3p070
829 3.070 3.070 50830 1 207 3p070
830 3.070 3.070 50831 2 207 3p070
831 3.070 3.070 50832 3 207 3p070
832 3.080 3.080 50833 0 208 3p080
833 3.080 3.080 50834 1 208 3p080
834 3.080 3.080 50835 2 208 3p080
835 3.080 3.080 50836 3 208 3p080
836 3.090 3.090 50837 0 209 3p090
837 3.090 3.090 50838 1 209 3p090
838 3.090 3.090 50839 2 209 3p090
839 3.090 3.090 50840 3 209 3p090
840 3.100 3.100 50841 0 210 3p100
841 3.100 3.100 50842 1 210 3p100
842 3.100 3.100 50843 2 210 3p100
843 3.100 3.100 50844 3 210 3p100
844 3.110 3.110 50845 0 211 3p110
845 3.110 3.110 50846 1 211 3p110
846 3.110 3.110 50847 2 211 3p110
847 3.110 3.110 50848 3 211 3p110
848 3.120 3.120 50849 0 212 3p120
849 3.120 3.120 50850 1 212 3p120
850 3.120 3.120 50851 2 212 3p120
851 3.120 3.120 50852 3 212 3p120
852 3.130 3.130 50853 0 213 3p130
853 3.130 3.130 50854 1 213 3p130
854 3.130 3.130 50855 2 213 3p130
855 3.130 3.130 50856 3 213 3p130
856 3.140 3.140 50857 0 214 3p140
857 3.140 3.140 50858 1 214 3p140
858 3.140 3.140 50859 2 214 3p140
859 3.140 3.140 50860 3 214 3p140
860 3.150 3.150 50861 0 215 3p150
861 3.150 3.150 50862 1 215 3p150
862 3.150 3.150 50863 2 215 3p150
863 3.150 3.150 50864 3 215 3p150
864 3.160 3.160 50865 0 216 3p160
865 3.160 3.160 50866 1 216 3p160
866 3.160 3.160 50867 2 216 3p160
867 3.160 3.160 50868 3 216 3p160
868 3.170 3.170 50869 0 217 3p170
869 3.170 3.170 50870 1 217 3p170
870 3.170 3.170 50871 2 217 3p170
871 3.170 3.170 50872 3 217 3p170
872 3.180 3.180 50873 0 218 3p180
873 3.180 3.180 50874 1 218 3p180
874 3.180 3.180 50875 2 218 3p180
875 3.180 3.180 50876 3 218 3p180
876 3.190 3.190 50877 0 219 3p190
877 3.190 3.190 50878 1 219 3p190
878 3.190 3.190 50879 2 219 3p190
879 3.190 3.190 50880 3 219 3p190
880 3.200 3.200 50881 0 220 3p200
881 3.200 3.200 50882 1 220 3p200
882 3.200 3.200 50883 2 220 3p200
883 3.200 3.200 50884 3 220 3p200
884 3.210 3.210 50885 0 221 3p210
885 3.210 3.210 50886 1 221 3p210
886 3.210 3.210 50887 2 221 3p210
887 3.210 3.210 50888 3 221 3p210
888 3.220 3.220 50889 0 222 3p220
889 3.220 3.220 50890 1 222 3p220
890 3.220 3.220 50891 2 222 3p220
891 3.220 3.220 50892 3 222 3p220
892 3.230 3.230 50893 0 223 3p230
893 3.230 3.230 50894 1 223 3p230
894 3.230 3.230 50895 2 223 3p230
895 3.230 3.230 50896 3 223 3p230
896 3.240 3.240 50897 0 224 3p240
897 3.240 3.240 50898 1 224 3p240
898 3.240 3.240 50899 2 224 3p240
899 3.240 3.240 50900 3 224 3p240
900 3.250 3.250 50901 0 225 3p250
901 3.250 3.250 50902 1 225 3p250
902 3.250 3.250 50903 2 225 3p250
903 3.250 3.250 50904 3 225 3p250
904 3.260 3.260 50905 0 226 3p260
905 3.260 3.260 50906 1 226 3p260
906 3.260 3.260 50907 2 226 3p260
907 3.260 3.260 50908 3 226 3p260
908 3.270 3.270 50909 0 227 3p270
909 3.270 3.270 50910 1 227 3p270
910 3.270 3.270 50911 2 227 3p270
911 3.270 3.270 50912 3 227 3p270
912 3.280 3.280 50913 0 228 3p280
913 3.280 3.280 50914 1 228 3p280
914 3.280 3.280 50915 2 228 3p280
915 3.280 3.280 50916 3 228 3p280
916 3.290 3.290 50917 0 229 3p290
917 3.290 3.290 50918 1 229 3p290
918 3.290 3.290 50919 2 229 3p290
919 3.290 3.290 50920 3 229 3p290
920 3.300 3.300 50921 0 230 3p300
921 3.300 3.300 50922 1 230 3p300
922 3.300 3.300 50923 2 230 3p300
923 3.300 3.300 50924 3 230 3p300
924 3.310 3.310 50925 0 231 3p310
925 3.310 3.310 50926 1 231 3p310
926 3.310 3.310 50927 2 231 3p310
927 3.310 3.310 50928 3 231 3p310
928 3.320 3.320 50929 0 232 3p320
929 3.320 3.320 50930 1 232 3p320
930 3.320 3.320 50931 2 232 3p320
931 3.320 3.320 50932 3 232 3p320
932 3.330 3.330 50933 0 233 3p330
933 3.330 3.330 50934 1 233 3p330
934 3.330 3.330 50935 2 233 3p330
935 3.330 3.330 50936 3 233 3p330
936 3.340 3.340 50937 0 234 3p340
937 3.340 3.340 50938 1 234 3p340
938 3.340 3.340 50939 2 234 3p340
939 3.340 3.340 50940 3 234 3p340
940 3.350 3.350 50941 0 235 3p350
941 3.350 3.350 50942 1 235 3p350
942 3.350 3.350 50943 2 235 3p350
943 3.350 3.350 50944 3 235 3p350
944 3.360 3.360 50945 0 236 3p360
945 3.360 3.360 50946 1 236 3p360
946 3.360 3.360 50947 2 236 3p360
947 3.360 3.360 50948 3 236 3p360
948 3.370 3.370 50949 0 237 3p370
949 3.370 3.370 50950 1 237 3p370
950 3.370 3.370 50951 2 237 3p370
951 3.370 3.370 50952 3 237 3p370
952 3.380 3.380 50953 0 238 3p380
953 3.380 3.380 50954 1 238 3p380
954 3.380 3.380 50955 2 238 3p380
955 3.380 3.380 50956 3 238 3p380
956 3.390 3.390 50957 0 239 3p390
957 3.390 3.390 50958 1 239 3p390
958 3.390 3.390 50959 2 239 3p390
959 3.390 3.390 50960 3 239 3p390
960 3.400 3.400 50961 0 240 3p400
961 3.400 3.400 50962 1 240 3p400
962 3.400 3.400 50963 2 240 3p400
963 3.400 3.400 50964 3 240 3p400
964 3.410 3.410 50965 0 241 3p410
965 3.410 3.410 50966 1 241 3p410
966 3.410 3.410 50967 2 241 3p410
967 3.410 3.410 50968 3 241 3p410
968 3.420 3.420 50969 0 242 3p420
969 3.420 3.420 50970 1 242 3p420
970 3.420 3.420 50971 2 242 3p420
971 3.420 3.420 50972 3 242 3p420
972 3.430 3.430 50973 0 243 3p430
973 3.430 3.430 50974 1 243 3p430
974 3.430 3.430 50975 2 243 3p430
975 3.430 3.430 50976 3 243 3p430
976 3.440 3.440 50977 0 244 3p440
977 3.440 3.440 50978 1 244 3p440
978 3.440 3.440 50979 2 244 3p440
979 3.440 3.440 50980 3 244 3p440
980 3.450 3.450 50981 0 245 3p450
981 3.450 3.450 50982 1 245 3p450
982 3.450 3.450 50983 2 245 3p450
983 3.450 3.450 50984 3 245 3p450
984 3.460 3.460 50985 0 246 3p460
985 3.460 3.460 50986 1 246 3p460
986 3.460 3.460 50987 2 246 3p460
987 3.460 3.460 50988 3 246 3p460
988 3.470 3.470 50989 0 247 3p470
989 3.470 3.470 50990 1 247 3p470
990 3.470 3.470 50991 2 247 3p470
991 3.470 3.470 50992 3 247 3p470
992 3.480 3.480 50993 0 248 3p480
993 3.480 3.480 50994 1 248 3p480
994 3.480 3.480 50995 2 248 3p480
995 3.480 3.480 50996 3 248 3p480
996 3.490 3.490 50997 0 249 3p490
997 3.490 3.490 50998 1 249 3p490
998 3.490 3.490 50999 2 249 3p490
999 3.490 3.490 51000 3 249 3p490
1000 3.500 3.500 51001 0 250 3p500
1001 3.500 3.500 51002 1 250 3p500
1002 3.500 3.500 51003 2 250 3p500
1003 3.500 3.500 51004 3 250 3p500
1004 3.510 3.510 51005 0 251 3p510
1005 3.510 3.510 51006 1 251 3p510
1006 3.510 3.510 51007 2 251 3p510
1007 3.510 3.510 51008 3 251 3p510
1008 3.520 3.520 51009 0 252 3p520
1009 3.520 3.520 51010 1 252 3p520
1010 3.520 3.520 51011 2 252 3p520
1011 3.520 3.520 51012 3 252 3p520
1012 3.530 3.530 51013 0 253 3p530
1013 3.530 3.530 51014 1 253 3p530
1014 3.530 3.530 51015 2 253 3p530
1015 3.530 3.530 51016 3 253 3p530
1016 3.540 3.540 51017 0 254 3p540
1017 3.540 3.540 51018 1 254 3p540
1018 3.540 3.540 51019 2 254 3p540
1019 3.540 3.540 51020 3 254 3p540
1020 3.550 3.550 51021 0 255 3p550
1021 3.550 3.550 51022 1 255 3p550
1022 3.550 3.550 51023 2 255 3p550
1023 3.550 3.550 51024 3 255 3p550
1024 3.560 3.560 51025 0 256 3p560
1025 3.560 3.560 51026 1 256 3p560
1026 3.560 3.560 51027 2 256 3p560
1027 3.560 3.560 51028 3 256 3p560
1028 3.570 3.570 51029 0 257 3p570
1029 3.570 3.570 51030 1 257 3p570
1030 3.570 3.570 51031 2 257 3p570
1031 3.570 3.570 51032 3 257 3p570
1032 3.580 3.580 51033 0 258 3p580
1033 3.580 3.580 51034 1 258 3p580
1034 3.580 3.580 51035 2 258 3p580
1035 3.580 3.580 51036 3 258 3p580
1036 3.590 3.590 51037 0 259 3p590
1037 3.590 3.590 51038 1 259 3p590
1038 3.590 3.590 51039 2 259 3p590
1039 3.590 3.590 51040 3 259 3p590
1040 3.600 3.600 51041 0 260 3p600
1041 3.600 3.600 51042 1 260 3p600
1042 3.600 3.600 51043 2 260 3p600
1043 3.600 3.600 51044 3 260 3p600
1044 3.610 3.610 51045 0 261 3p610
1045 3.610 3.610 51046 1 261 3p610
1046 3.610 3.610 51047 2 261 3p610
1047 3.610 3.610 51048 3 261 3p610
1048 3.620 3.620 51049 0 262 3p620
1049 3.620 3.620 51050 1 262 3p620
1050 3.620 3.620 51051 2 262 3p620
1051 3.620 3.620 51052 3 262 3p620
1052 3.630 3.630 51053 0 263 3p630
1053 3.630 3.630 51054 1 263 3p630
1054 3.630 3.630 51055 2 263 3p630
1055 3.630 3.630 51056 3 263 3p630
1056 3.640 3.640 51057 0 264 3p640
1057 3.640 3.640 51058 1 264 3p640
1058 3.640 3.640 51059 2 264 3p640
1059 3.640 3.640 51060 3 264 3p640
1060 3.650 3.650 51061 0 265 3p650
1061 3.650 3.650 51062 1 265 3p650
1062 3.650 3.650 51063 2 265 3p650
1063 3.650 3.650 51064 3 265 3p650
1064 3.660 3.660 51065 0 266 3p660
1065 3.660 3.660 51066 1 266 3p660
1066 3.660 3.660 51067 2 266 3p660
1067 3.660 3.660 51068 3 266 3p660
1068 3.670 3.670 51069 0 267 3p670
1069 3.670 3.670 51070 1 267 3p670
1070 3.670 3.670 51071 2 267 3p670
1071 3.670 3.670 51072 3 267 3p670
1072 3.680 3.680 51073 0 268 3p680
1073 3.680 3.680 51074 1 268 3p680
1074 3.680 3.680 51075 2 268 3p680
1075 3.680 3.680 51076 3 268 3p680
1076 3.690 3.690 51077 0 269 3p690
1077 3.690 3.690 51078 1 269 3p690
1078 3.690 3.690 51079 2 269 3p690
1079 3.690 3.690 51080 3 269 3p690
1080 3.700 3.700 51081 0 270 3p700
1081 3.700 3.700 51082 1 270 3p700
1082 3.700 3.700 51083 2 270 3p700
1083 3.700 3.700 51084 3 270 3p700
1084 3.710 3.710 51085 0 271 3p710
1085 3.710 3.710 51086 1 271 3p710
1086 3.710 3.710 51087 2 271 3p710
1087 3.710 3.710 51088 3 271 3p710
1088 3.720 3.720 51089 0 272 3p720
1089 3.720 3.720 51090 1 272 3p720
1090 3.720 3.720 51091 2 272 3p720
1091 3.720 3.720 51092 3 272 3p720
1092 3.730 3.730 51093 0 273 3p730
1093 3.730 3.730 51094 1 273 3p730
1094 3.730 3.730 51095 2 273 3p730
1095 3.730 3.730 51096 3 273 3p730
1096 3.740 3.740 51097 0 274 3p740
1097 3.740 3.740 51098 1 274 3p740
1098 3.740 3.740 51099 2 274 3p740
1099 3.740 3.740 51100 3 274 3p740
1100 3.750 3.750 51101 0 275 3p750
1101 3.750 3.750 51102 1 275 3p750
1102 3.750 3.750 51103 2 275 3p750
1103 3.750 3.750 51104 3 275 3p750
1104 3.760 3.760 51105 0 276 3p760
1105 3.760 3.760 51106 1 276 3p760
1106 3.760 3.760 51107 2 276 3p760
1107 3.760 3.760 51108 3 276 3p760
1108 3.770 3.770 51109 0 277 3p770
1109 3.770 3.770 51110 1 277 3p770
1110 3.770 3.770 51111 2 277 3p770
1111 3.770 3.770 51112 3 277 3p770
1112 3.780 3.780 51113 0 278 3p780
1113 3.780 3.780 51114 1 278 3p780
1114 3.780 3.780 51115 2 278 3p780
1115 3.780 3.780 51116 3 278 3p780
1116 3.790 3.790 51117 0 279 3p790
1117 3.790 3.790 51118 1 279 3p790
1118 3.790 3.790 51119 2 279 3p790
1119 3.790 3.790 51120 3 279 3p790
1120 3.800 3.800 51121 0 280 3p800
1121 3.800 3.800 51122 1 280 3p800
1122 3.800 3.800 51123 2 280 3p800
1123 3.800 3.800 51124 3 280 3p800
1124 3.810 3.810 51125 0 281 3p810
1125 3.810 3.810 51126 1 281 3p810
1126 3.810 3.810 51127 2 281 3p810
1127 3.810 3.810 51128 3 281 3p810
1128 3.820 3.820 51129 0 282 3p820
1129 3.820 3.820 51130 1 282 3p820
1130 3.820 3.820 51131 2 282 3p820
1131 3.820 3.820 51132 3 282 3p820
1132 3.830 3.830 51133 0 283 3p830
1133 3.830 3.830 51134 1 283 3p830
1134 3.830 3.830 51135 2 283 3p830
1135 3.830 3.830 51136 3 283 3p830
1136 3.840 3.840 51137 0 284 3p840
1137 3.840 3.840 51138 1 284 3p840
1138 3.840 3.840 51139 2 284 3p840
1139 3.840 3.840 51140 3 284 3p840
1140 3.850 3.850 51141 0 285 3p850
1141 3.850 3.850 51142 1 285 3p850
1142 3.850 3.850 51143 2 285 3p850
1143 3.850 3.850 51144 3 285 3p850
1144 3.860 3.860 51145 0 286 3p860
1145 3.860 3.860 51146 1 286 3p860
1146 3.860 3.860 51147 2 286 3p860
1147 3.860 3.860 51148 3 286 3p860
1148 3.870 3.870 51149 0 287 3p870
1149 3.870 3.870 51150 1 287 3p870
1150 3.870 3.870 51151 2 287 3p870
1151 3.870 3.870 51152 3 287 3p870
1152 3.880 3.880 51153 0 288 3p880
1153 3.880 3.880 51154 1 288 3p880
1154 3.880 3.880 51155 2 288 3p880
1155 3.880 3.880 51156 3 288 3p880
1156 3.890 3.890 51157 0 289 3p890
1157 3.890 3.890 51158 1 289 3p890
1158 3.890 3.890 51159 2 289 3p890
1159 3.890 3.890 51160 3 289 3p890
1160 3.900 3.900 51161 0 290 3p900
1161 3.900 3.900 51162 1 290 3p900
1162 3.900 3.900 51163 2 290 3p900
1163 3.900 3.900 51164 3 290 3p900
1164 3.910 3.910 51165 0 291 3p910
1165 3.910 3.910 51166 1 291 3p910
1166 3.910 3.910 51167 2 291 3p910
1167 3.910 3.910 51168 3 291 3p910
1168 3.920 3.920 51169 0 292 3p920
1169 3.920 3.920 51170 1 292 3p920
1170 3.920 3.920 51171 2 292 3p920
1171 3.920 3.920 51172 3 292 3p920
1172 3.930 3.930 51173 0 293 3p930
1173 3.930 3.930 51174 1 293 3p930
1174 3.930 3.930 51175 2 293 3p930
1175 3.930 3.930 51176 3 293 3p930
1176 3.940 3.940 51177 0 294 3p940
1177 3.940 3.940 51178 1 294 3p940
1178 3.940 3.940 51179 2 294 3p940
1179 3.940 3.940 51180 3 294 3p940
1180 3.950 3.950 51181 0 295 3p950
1181 3.950 3.950 51182 1 295 3p950
1182 3.950 3.950 51183 2 295 3p950
1183 3.950 3.950 51184 3 295 3p950
1184 3.960 3.960 51185 0 296 3p960
1185 3.960 3.960 51186 1 296 3p960
1186 3.960 3.960 51187 2 296 3p960
1187 3.960 3.960 51188 3 296 3p960
1188 3.970 3.970 51189 0 297 3p970
1189 3.970 3.970 51190 1 297 3p970
1190 3.970 3.970 51191 2 297 3p970
1191 3.970 3.970 51192 3 297 3p970
1192 3.980 3.980 51193 0 298 3p980
1193 3.980 3.980 51194 1 298 3p980
1194 3.980 3.980 51195 2 298 3p980
1195 3.980 3.980 51196 3 298 3p980
1196 3.990 3.990 51197 0 299 3p990
1197 3.990 3.990 51198 1 299 3p990
1198 3.990 3.990 51199 2 299 3p990
1199 3.990 3.990 51200 3 299 3p990
1200 4.000 4.000 51201 0 300 4p000
1201 4.000 4.000 51202 1 300 4p000
1202 4.000 4.000 51203 2 300 4p000
1203 4.000 4.000 51204 3 300 4p000
1204 4.010 4.010 51205 0 301 4p010
1205 4.010 4.010 51206 1 301 4p010
1206 4.010 4.010 51207 2 301 4p010
1207 4.010 4.010 51208 3 301 4p010
1208 4.020 4.020 51209 0 302 4p020
1209 4.020 4.020 51210 1 302 4p020
1210 4.020 4.020 51211 2 302 4p020
1211 4.020 4.020 51212 3 302 4p020
1212 4.030 4.030 51213 0 303 4p030
1213 4.030 4.030 51214 1 303 4p030
1214 4.030 4.030 51215 2 303 4p030
1215 4.030 4.030 51216 3 303 4p030
1216 4.040 4.040 51217 0 304 4p040
1217 4.040 4.040 51218 1 304 4p040
1218 4.040 4.040 51219 2 304 4p040
1219 4.040 4.040 51220 3 304 4p040
1220 4.050 4.050 51221 0 305 4p050
1221 4.050 4.050 51222 1 305 4p050
1222 4.050 4.050 51223 2 305 4p050
1223 4.050 4.050 51224 3 305 4p050
1224 4.060 4.060 51225 0 306 4p060
1225 4.060 4.060 51226 1 306 4p060
1226 4.060 4.060 51227 2 306 4p060
1227 4.060 4.060 51228 3 306 4p060
1228 4.070 4.070 51229 0 307 4p070
1229 4.070 4.070 51230 1 307 4p070
1230 4.070 4.070 51231 2 307 4p070
1231 4.070 4.070 51232 3 307 4p070
1232 4.080 4.080 51233 0 308 4p080
1233 4.080 4.080 51234 1 308 4p080
1234 4.080 4.080 51235 2 308 4p080
1235 4.080 4.080 51236 3 308 4p080
1236 4.090 4.090 51237 0 309 4p090
1237 4.090 4.090 51238 1 309 4p090
1238 4.090 4.090 51239 2 309 4p090
1239 4.090 4.090 51240 3 309 4p090
1240 4.100 4.100 51241 0 310 4p100
1241 4.100 4.100 51242 1 310 4p100
1242 4.100 4.100 51243 2 310 4p100
1243 4.100 4.100 51244 3 310 4p100
1244 4.110 4.110 51245 0 311 4p110
1245 4.110 4.110 51246 1 311 4p110
1246 4.110 4.110 51247 2 311 4p110
1247 4.110 4.110 51248 3 311 4p110
1248 4.120 4.120 51249 0 312 4p120
1249 4.120 4.120 51250 1 312 4p120
1250 4.120 4.120 51251 2 312 4p120
1251 4.120 4.120 51252 3 312 4p120
1252 4.130 4.130 51253 0 313 4p130
1253 4.130 4.130 51254 1 313 4p130
1254 4.130 4.130 51255 2 313 4p130
1255 4.130 4.130 51256 3 313 4p130
1256 4.140 4.140 51257 0 314 4p140
1257 4.140 4.140 51258 1 314 4p140
1258 4.140 4.140 51259 2 314 4p140
1259 4.140 4.140 51260 3 314 4p140
1260 4.150 4.150 51261 0 315 4p150
1261 4.150 4.150 51262 1 315 4p150
1262 4.150 4.150 51263 2 315 4p150
1263 4.150 4.150 51264 3 315 4p150
1264 4.160 4.160 51265 0 316 4p160
1265 4.160 4.160 51266 1 316 4p160
1266 4.160 4.160 51267 2 316 4p160
1267 4.160 4.160 51268 3 316 4p160
1268 4.170 4.170 51269 0 317 4p170
1269 4.170 4.170 51270 1 317 4p170
1270 4.170 4.170 51271 2 317 4p170
1271 4.170 4.170 51272 3 317 4p170
1272 4.180 4.180 51273 0 318 4p180
1273 4.180 4.180 51274 1 318 4p180
1274 4.180 4.180 51275 2 318 4p180
1275 4.180 4.180 51276 3 318 4p180
1276 4.190 4.190 51277 0 319 4p190
1277 4.190 4.190 51278 1 319 4p190
1278 4.190 4.190 51279 2 319 4p190
1279 4.190 4.190 51280 3 319 4p190
1280 4.200 4.200 51281 0 320 4p200
1281 4.200 4.200 51282 1 320 4p200
1282 4.200 4.200 51283 2 320 4p200
1283 4.200 4.200 51284 3 320 4p200
1284 4.210 4.210 51285 0 321 4p210
1285 4.210 4.210 51286 1 321 4p210
1286 4.210 4.210 51287 2 321 4p210
1287 4.210 4.210 51288 3 321 4p210
1288 4.220 4.220 51289 0 322 4p220
1289 4.220 4.220 51290 1 322 4p220
1290 4.220 4.220 51291 2 322 4p220
1291 4.220 4.220 51292 3 322 4p220
1292 4.230 4.230 51293 0 323 4p230
1293 4.230 4.230 51294 1 323 4p230
1294 4.230 4.230 51295 2 323 4p230
1295 4.230 4.230 51296 3 323 4p230
1296 4.240 4.240 51297 0 324 4p240
1297 4.240 4.240 51298 1 324 4p240
1298 4.240 4.240 51299 2 324 4p240
1299 4.240 4.240 51300 3 324 4p240
1300 4.250 4.250 51301 0 325 4p250
1301 4.250 4.250 51302 1 325 4p250
1302 4.250 4.250 51303 2 325 4p250
1303 4.250 4.250 51304 3 325 4p250
1304 4.260 4.260 51305 0 326 4p260
1305 4.260 4.260 51306 1 326 4p260
1306 4.260 4.260 51307 2 326 4p260
1307 4.260 4.260 51308 3 326 4p260
1308 4.270 4.270 51309 0 327 4p270
1309 4.270 4.270 51310 1 327 4p270
1310 4.270 4.270 51311 2 327 4p270
1311 4.270 4.270 51312 3 327 4p270
1312 4.280 4.280 51313 0 328 4p280
1313 4.280 4.280 51314 1 328 4p280
1314 4.280 4.280 51315 2 328 4p280
1315 4.280 4.280 51316 3 328 4p280
1316 4.290 4.290 51317 0 329 4p290
1317 4.290 4.290 51318 1 329 4p290
1318 4.290 4.290 51319 2 329 4p290
1319 4.290 4.290 51320 3 329 4p290
1320 4.300 4.300 51321 0 330 4p300
1321 4.300 4.300 51322 1 330 4p300
1322 4.300 4.300 51323 2 330 4p300
1323 4.300 4.300 51324 3 330 4p300
1324 4.310 4.310 51325 0 331 4p310
1325 4.310 4.310 51326 1 331 4p310
1326 4.310 4.310 51327 2 331 4p310
1327 4.310 4.310 51328 3 331 4p310
1328 4.320 4.320 51329 0 332 4p320
1329 4.320 4.320 51330 1 332 4p320
1330 4.320 4.320 51331 2 332 4p320
1331 4.320 4.320 51332 3 332 4p320
1332 4.330 4.330 51333 0 333 4p330
1333 4.330 4.330 51334 1 333 4p330
1334 4.330 4.330 51335 2 333 4p330
1335 4.330 4.330 51336 3 333 4p330
1336 4.340 4.340 51337 0 334 4p340
1337 4.340 4.340 51338 1 334 4p340
1338 4.340 4.340 51339 2 334 4p340
1339 4.340 4.340 51340 3 334 4p340
1340 4.350 4.350 51341 0 335 4p350
1341 4.350 4.350 51342 1 335 4p350
1342 4.350 4.350 51343 2 335 4p350
1343 4.350 4.350 51344 3 335 4p350
1344 4.360 4.360 51345 0 336 4p360
1345 4.360 4.360 51346 1 336 4p360
1346 4.360 4.360 51347 2 336 4p360
1347 4.360 4.360 51348 3 336 4p360
1348 4.370 4.370 51349 0 337 4p370
1349 4.370 4.370 51350 1 337 4p370
1350 4.370 4.370 51351 2 337 4p370
1351 4.370 4.370 51352 3 337 4p370
1352 4.380 4.380 51353 0 338 4p380
1353 4.380 4.380 51354 1 338 4p380
1354 4.380 4.380 51355 2 338 4p380
1355 4.380 4.380 51356 3 338 4p380
1356 4.390 4.390 51357 0 339 4p390
1357 4.390 4.390 51358 1 339 4p390
1358 4.390 4.390 51359 2 339 4p390
1359 4.390 4.390 51360 3 339 4p390
1360 4.400 4.400 51361 0 340 4p400
1361 4.400 4.400 51362 1 340 4p400
1362 4.400 4.400 51363 2 340 4p400
1363 4.400 4.400 51364 3 340 4p400
1364 4.410 4.410 51365 0 341 4p410
1365 4.410 4.410 51366 1 341 4p410
1366 4.410 4.410 51367 2 341 4p410
1367 4.410 4.410 51368 3 341 4p410
1368 4.420 4.420 51369 0 342 4p420
1369 4.420 4.420 51370 1 342 4p420
1370 4.420 4.420 51371 2 342 4p420
1371 4.420 4.420 51372 3 342 4p420
1372 4.430 4.430 51373 0 343 4p430
1373 4.430 4.430 51374 1 343 4p430
1374 4.430 4.430 51375 2 343 4p430
1375 4.430 4.430 51376 3 343 4p430
1376 4.440 4.440 51377 0 344 4p440
1377 4.440 4.440 51378 1 344 4p440
1378 4.440 4.440 51379 2 344 4p440
1379 4.440 4.440 51380 3 344 4p440
1380 4.450 4.450 51381 0 345 4p450
1381 4.450 4.450 51382 1 345 4p450
1382 4.450 4.450 51383 2 345 4p450
1383 4.450 4.450 51384 3 345 4p450
1384 4.460 4.460 51385 0 346 4p460
1385 4.460 4.460 51386 1 346 4p460
1386 4.460 4.460 51387 2 346 4p460
1387 4.460 4.460 51388 3 346 4p460
1388 4.470 4.470 51389 0 347 4p470
1389 4.470 4.470 51390 1 347 4p470
1390 4.470 4.470 51391 2 347 4p470
1391 4.470 4.470 51392 3 347 4p470
1392 4.480 4.480 51393 0 348 4p480
1393 4.480 4.480 51394 1 348 4p480
1394 4.480 4.480 51395 2 348 4p480
1395 4.480 4.480 51396 3 348 4p480
1396 4.490 4.490 51397 0 349 4p490
1397 4.490 4.490 51398 1 349 4p490
1398 4.490 4.490 51399 2 349 4p490
1399 4.490 4.490 51400 3 349 4p490
1400 4.500 4.500 51401 0 350 4p500
1401 4.500 4.500 51402 1 350 4p500
1402 4.500 4.500 51403 2 350 4p500
1403 4.500 4.500 51404 3 350 4p500
1404 4.510 4.510 51405 0 351 4p510
1405 4.510 4.510 51406 1 351 4p510
1406 4.510 4.510 51407 2 351 4p510
1407 4.510 4.510 51408 3 351 4p510
1408 4.520 4.520 51409 0 352 4p520
1409 4.520 4.520 51410 1 352 4p520
1410 4.520 4.520 51411 2 352 4p520
1411 4.520 4.520 51412 3 352 4p520
1412 4.530 4.530 51413 0 353 4p530
1413 4.530 4.530 51414 1 353 4p530
1414 4.530 4.530 51415 2 353 4p530
1415 4.530 4.530 51416 3 353 4p530
1416 4.540 4.540 51417 0 354 4p540
1417 4.540 4.540 51418 1 354 4p540
1418 4.540 4.540 51419 2 354 4p540
1419 4.540 4.540 51420 3 354 4p540
1420 4.550 4.550 51421 0 355 4p550
1421 4.550 4.550 51422 1 355 4p550
1422 4.550 4.550 51423 2 355 4p550
1423 4.550 4.550 51424 3 355 4p550
1424 4.560 4.560 51425 0 356 4p560
1425 4.560 4.560 51426 1 356 4p560
1426 4.560 4.560 51427 2 356 4p560
1427 4.560 4.560 51428 3 356 4p560
1428 4.570 4.570 51429 0 357 4p570
1429 4.570 4.570 51430 1 357 4p570
1430 4.570 4.570 51431 2 357 4p570
1431 4.570 4.570 51432 3 357 4p570
1432 4.580 4.580 51433 0 358 4p580
1433 4.580 4.580 51434 1 358 4p580
1434 4.580 4.580 51435 2 358 4p580
1435 4.580 4.580 51436 3 358 4p580
1436 4.590 4.590 51437 0 359 4p590
1437 4.590 4.590 51438 1 359 4p590
1438 4.590 4.590 51439 2 359 4p590
1439 4.590 4.590 51440 3 359 4p590
1440 4.600 4.600 51441 0 360 4p600
1441 4.600 4.600 51442 1 360 4p600
1442 4.600 4.600 51443 2 360 4p600
1443 4.600 4.600 51444 3 360 4p600
1444 4.610 4.610 51445 0 361 4p610
1445 4.610 4.610 51446 1 361 4p610
1446 4.610 4.610 51447 2 361 4p610
1447 4.610 4.610 51448 3 361 4p610
1448 4.620 4.620 51449 0 362 4p620
1449 4.620 4.620 51450 1 362 4p620
1450 4.620 4.620 51451 2 362 4p620
1451 4.620 4.620 51452 3 362 4p620
1452 4.630 4.630 51453 0 363 4p630
1453 4.630 4.630 51454 1 363 4p630
1454 4.630 4.630 51455 2 363 4p630
1455 4.630 4.630 51456 3 363 4p630
1456 4.640 4.640 51457 0 364 4p640
1457 4.640 4.640 51458 1 364 4p640
1458 4.640 4.640 51459 2 364 4p640
1459 4.640 4.640 51460 3 364 4p640
1460 4.650 4.650 51461 0 365 4p650
1461 4.650 4.650 51462 1 365 4p650
1462 4.650 4.650 51463 2 365 4p650
1463 4.650 4.650 51464 3 365 4p650
1464 4.660 4.660 51465 0 366 4p660
1465 4.660 4.660 51466 1 366 4p660
1466 4.660 4.660 51467 2 366 4p660
1467 4.660 4.660 51468 3 366 4p660
1468 4.670 4.670 51469 0 367 4p670
1469 4.670 4.670 51470 1 367 4p670
1470 4.670 4.670 51471 2 367 4p670
1471 4.670 4.670 51472 3 367 4p670
1472 4.680 4.680 51473 0 368 4p680
1473 4.680 4.680 51474 1 368 4p680
1474 4.680 4.680 51475 2 368 4p680
1475 4.680 4.680 51476 3 368 4p680
1476 4.690 4.690 51477 0 369 4p690
1477 4.690 4.690 51478 1 369 4p690
1478 4.690 4.690 51479 2 369 4p690
1479 4.690 4.690 51480 3 369 4p690
1480 4.700 4.700 51481 0 370 4p700
1481 4.700 4.700 51482 1 370 4p700
1482 4.700 4.700 51483 2 370 4p700
1483 4.700 4.700 51484 3 370 4p700
1484 4.710 4.710 51485 0 371 4p710
1485 4.710 4.710 51486 1 371 4p710
1486 4.710 4.710 51487 2 371 4p710
1487 4.710 4.710 51488 3 371 4p710
1488 4.720 4.720 51489 0 372 4p720
1489 4.720 4.720 51490 1 372 4p720
1490 4.720 4.720 51491 2 372 4p720
1491 4.720 4.720 51492 3 372 4p720
1492 4.730 4.730 51493 0 373 4p730
1493 4.730 4.730 51494 1 373 4p730
1494 4.730 4.730 51495 2 373 4p730
1495 4.730 4.730 51496 3 373 4p730
1496 4.740 4.740 51497 0 374 4p740
1497 4.740 4.740 51498 1 374 4p740
1498 4.740 4.740 51499 2 374 4p740
1499 4.740 4.740 51500 3 374 4p740
1500 4.750 4.750 51501 0 375 4p750
1501 4.750 4.750 51502 1 375 4p750
1502 4.750 4.750 51503 2 375 4p750
1503 4.750 4.750 51504 3 375 4p750
1504 4.760 4.760 51505 0 376 4p760
1505 4.760 4.760 51506 1 376 4p760
1506 4.760 4.760 51507 2 376 4p760
1507 4.760 4.760 51508 3 376 4p760
1508 4.770 4.770 51509 0 377 4p770
1509 4.770 4.770 51510 1 377 4p770
1510 4.770 4.770 51511 2 377 4p770
1511 4.770 4.770 51512 3 377 4p770
1512 4.780 4.780 51513 0 378 4p780
1513 4.780 4.780 51514 1 378 4p780
1514 4.780 4.780 51515 2 378 4p780
1515 4.780 4.780 51516 3 378 4p780
1516 4.790 4.790 51517 0 379 4p790
1517 4.790 4.790 51518 1 379 4p790
1518 4.790 4.790 51519 2 379 4p790
1519 4.790 4.790 51520 3 379 4p790
1520 4.800 4.800 51521 0 380 4p800
1521 4.800 4.800 51522 1 380 4p800
1522 4.800 4.800 51523 2 380 4p800
1523 4.800 4.800 51524 3 380 4p800
1524 4.810 4.810 51525 0 381 4p810
1525 4.810 4.810 51526 1 381 4p810
1526 4.810 4.810 51527 2 381 4p810
1527 4.810 4.810 51528 3 381 4p810
1528 4.820 4.820 51529 0 382 4p820
1529 4.820 4.820 51530 1 382 4p820
1530 4.820 4.820 51531 2 382 4p820
1531 4.820 4.820 51532 3 382 4p820
1532 4.830 4.830 51533 0 383 4p830
1533 4.830 4.830 51534 1 383 4p830
1534 4.830 4.830 51535 2 383 4p830
1535 4.830 4.830 51536 3 383 4p830
1536 4.840 4.840 51537 0 384 4p840
1537 4.840 4.840 51538 1 384 4p840
1538 4.840 4.840 51539 2 384 4p840
1539 4.840 4.840 51540 3 384 4p840
1540 4.850 4.850 51541 0 385 4p850
1541 4.850 4.850 51542 1 385 4p850
1542 4.850 4.850 51543 2 385 4p850
1543 4.850 4.850 51544 3 385 4p850
1544 4.860 4.860 51545 0 386 4p860
1545 4.860 4.860 51546 1 386 4p860
1546 4.860 4.860 51547 2 386 4p860
1547 4.860 4.860 51548 3 386 4p860
1548 4.870 4.870 51549 0 387 4p870
1549 4.870 4.870 51550 1 387 4p870
1550 4.870 4.870 51551 2 387 4p870
1551 4.870 4.870 51552 3 387 4p870
1552 4.880 4.880 51553 0 388 4p880
1553 4.880 4.880 51554 1 388 4p880
1554 4.880 4.880 51555 2 388 4p880
1555 4.880 4.880 51556 3 388 4p880
1556 4.890 4.890 51557 0 389 4p890
1557 4.890 4.890 51558 1 389 4p890
1558 4.890 4.890 51559 2 389 4p890
1559 4.890 4.890 51560 3 389 4p890
1560 4.900 4.900 51561 0 390 4p900
1561 4.900 4.900 51562 1 390 4p900
1562 4.900 4.900 51563 2 390 4p900
1563 4.900 4.900 51564 3 390 4p900
1564 4.910 4.910 51565 0 391 4p910
1565 4.910 4.910 51566 1 391 4p910
1566 4.910 4.910 51567 2 391 4p910
1567 4.910 4.910 51568 3 391 4p910
1568 4.920 4.920 51569 0 392 4p920
1569 4.920 4.920 51570 1 392 4p920
1570 4.920 4.920 51571 2 392 4p920
1571 4.920 4.920 51572 3 392 4p920
1572 4.930 4.930 51573 0 393 4p930
1573 4.930 4.930 51574 1 393 4p930
1574 4.930 4.930 51575 2 393 4p930
1575 4.930 4.930 51576 3 393 4p930
1576 4.940 4.940 51577 0 394 4p940
1577 4.940 4.940 51578 1 394 4p940
1578 4.940 4.940 51579 2 394 4p940
1579 4.940 4.940 51580 3 394 4p940
1580 4.950 4.950 51581 0 395 4p950
1581 4.950 4.950 51582 1 395 4p950
1582 4.950 4.950 51583 2 395 4p950
1583 4.950 4.950 51584 3 395 4p950
1584 4.960 4.960 51585 0 396 4p960
1585 4.960 4.960 51586 1 396 4p960
1586 4.960 4.960 51587 2 396 4p960
1587 4.960 4.960 51588 3 396 4p960
1588 4.970 4.970 51589 0 397 4p970
1589 4.970 4.970 51590 1 397 4p970
1590 4.970 4.970 51591 2 397 4p970
1591 4.970 4.970 51592 3 397 4p970
1592 4.980 4.980 51593 0 398 4p980
1593 4.980 4.980 51594 1 398 4p980
1594 4.980 4.980 51595 2 398 4p980
1595 4.980 4.980 51596 3 398 4p980
1596 4.990 4.990 51597 0 399 4p990
1597 4.990 4.990 51598 1 399 4p990
1598 4.990 4.990 51599 2 399 4p990
1599 4.990 4.990 51600 3 399 4p990
1600 5.000 5.000 51601 0 400 5p000
1601 5.000 5.000 51602 1 400 5p000
1602 5.000 5.000 51603 2 400 5p000
1603 5.000 5.000 51604 3 400 5p000
1604 5.010 5.010 51605 0 401 5p010
1605 5.010 5.010 51606 1 401 5p010
1606 5.010 5.010 51607 2 401 5p010
1607 5.010 5.010 51608 3 401 5p010
1608 5.020 5.020 51609 0 402 5p020
1609 5.020 5.020 51610 1 402 5p020
1610 5.020 5.020 51611 2 402 5p020
1611 5.020 5.020 51612 3 402 5p020
1612 5.030 5.030 51613 0 403 5p030
1613 5.030 5.030 51614 1 403 5p030
1614 5.030 5.030 51615 2 403 5p030
1615 5.030 5.030 51616 3 403 5p030
1616 5.040 5.040 51617 0 404 5p040
1617 5.040 5.040 51618 1 404 5p040
1618 5.040 5.040 51619 2 404 5p040
1619 5.040 5.040 51620 3 404 5p040
1620 5.050 5.050 51621 0 405 5p050
1621 5.050 5.050 51622 1 405 5p050
1622 5.050 5.050 51623 2 405 5p050
1623 5.050 5.050 51624 3 405 5p050
1624 5.060 5.060 51625 0 406 5p060
1625 5.060 5.060 51626 1 406 5p060
1626 5.060 5.060 51627 2 406 5p060
1627 5.060 5.060 51628 3 406 5p060
1628 5.070 5.070 51629 0 407 5p070
1629 5.070 5.070 51630 1 407 5p070
1630 5.070 5.070 51631 2 407 5p070
1631 5.070 5.070 51632 3 407 5p070
1632 5.080 5.080 51633 0 408 5p080
1633 5.080 5.080 51634 1 408 5p080
1634 5.080 5.080 51635 2 408 5p080
1635 5.080 5.080 51636 3 408 5p080
1636 5.090 5.090 51637 0 409 5p090
1637 5.090 5.090 51638 1 409 5p090
1638 5.090 5.090 51639 2 409 5p090
1639 5.090 5.090 51640 3 409 5p090
1640 5.100 5.100 51641 0 410 5p100
1641 5.100 5.100 51642 1 410 5p100
1642 5.100 5.100 51643 2 410 5p100
1643 5.100 5.100 51644 3 410 5p100
1644 5.110 5.110 51645 0 411 5p110
1645 5.110 5.110 51646 1 411 5p110
1646 5.110 5.110 51647 2 411 5p110
1647 5.110 5.110 51648 3 411 5p110
1648 5.120 5.120 51649 0 412 5p120
1649 5.120 5.120 51650 1 412 5p120
1650 5.120 5.120 51651 2 412 5p120
1651 5.120 5.120 51652 3 412 5p120
1652 5.130 5.130 51653 0 413 5p130
1653 5.130 5.130 51654 1 413 5p130
1654 5.130 5.130 51655 2 413 5p130
1655 5.130 5.130 51656 3 413 5p130
1656 5.140 5.140 51657 0 414 5p140
1657 5.140 5.140 51658 1 414 5p140
1658 5.140 5.140 51659 2 414 5p140
1659 5.140 5.140 51660 3 414 5p140
1660 5.150 5.150 51661 0 415 5p150
1661 5.150 5.150 51662 1 415 5p150
1662 5.150 5.150 51663 2 415 5p150
1663 5.150 5.150 51664 3 415 5p150
1664 5.160 5.160 51665 0 416 5p160
1665 5.160 5.160 51666 1 416 5p160
1666 5.160 5.160 51667 2 416 5p160
1667 5.160 5.160 51668 3 416 5p160
1668 5.170 5.170 51669 0 417 5p170
1669 5.170 5.170 51670 1 417 5p170
1670 5.170 5.170 51671 2 417 5p170
1671 5.170 5.170 51672 3 417 5p170
1672 5.180 5.180 51673 0 418 5p180
1673 5.180 5.180 51674 1 418 5p180
1674 5.180 5.180 51675 2 418 5p180
1675 5.180 5.180 51676 3 418 5p180
1676 5.190 5.190 51677 0 419 5p190
1677 5.190 5.190 51678 1 419 5p190
1678 5.190 5.190 51679 2 419 5p190
1679 5.190 5.190 51680 3 419 5p190
1680 5.200 5.200 51681 0 420 5p200
1681 5.200 5.200 51682 1 420 5p200
1682 5.200 5.200 51683 2 420 5p200
1683 5.200 5.200 51684 3 420 5p200
1684 5.210 5.210 51685 0 421 5p210
1685 5.210 5.210 51686 1 421 5p210
1686 5.210 5.210 51687 2 421 5p210
1687 5.210 5.210 51688 3 421 5p210
1688 5.220 5.220 51689 0 422 5p220
1689 5.220 5.220 51690 1 422 5p220
1690 5.220 5.220 51691 2 422 5p220
1691 5.220 5.220 51692 3 422 5p220
1692 5.230 5.230 51693 0 423 5p230
1693 5.230 5.230 51694 1 423 5p230
1694 5.230 5.230 51695 2 423 5p230
1695 5.230 5.230 51696 3 423 5p230
1696 5.240 5.240 51697 0 424 5p240
1697 5.240 5.240 51698 1 424 5p240
1698 5.240 5.240 51699 2 424 5p240
1699 5.240 5.240 51700 3 424 5p240
1700 5.250 5.250 51701 0 425 5p250
1701 5.250 5.250 51702 1 425 5p250
1702 5.250 5.250 51703 2 425 5p250
1703 5.250 5.250 51704 3 425 5p250
1704 5.260 5.260 51705 0 426 5p260
1705 5.260 5.260 51706 1 426 5p260
1706 5.260 5.260 51707 2 426 5p260
1707 5.260 5.260 51708 3 426 5p260
1708 5.270 5.270 51709 0 427 5p270
1709 5.270 5.270 51710 1 427 5p270
1710 5.270 5.270 51711 2 427 5p270
1711 5.270 5.270 51712 3 427 5p270
1712 5.280 5.280 51713 0 428 5p280
1713 5.280 5.280 51714 1 428 5p280
1714 5.280 5.280 51715 2 428 5p280
1715 5.280 5.280 51716 3 428 5p280
1716 5.290 5.290 51717 0 429 5p290
1717 5.290 5.290 51718 1 429 5p290
1718 5.290 5.290 51719 2 429 5p290
1719 5.290 5.290 51720 3 429 5p290
1720 5.300 5.300 51721 0 430 5p300
1721 5.300 5.300 51722 1 430 5p300
1722 5.300 5.300 51723 2 430 5p300
1723 5.300 5.300 51724 3 430 5p300
1724 5.310 5.310 51725 0 431 5p310
1725 5.310 5.310 51726 1 431 5p310
1726 5.310 5.310 51727 2 431 5p310
1727 5.310 5.310 51728 3 431 5p310
1728 5.320 5.320 51729 0 432 5p320
1729 5.320 5.320 51730 1 432 5p320
1730 5.320 5.320 51731 2 432 5p320
1731 5.320 5.320 51732 3 432 5p320
1732 5.330 5.330 51733 0 433 5p330
1733 5.330 5.330 51734 1 433 5p330
1734 5.330 5.330 51735 2 433 5p330
1735 5.330 5.330 51736 3 433 5p330
1736 5.340 5.340 51737 0 434 5p340
1737 5.340 5.340 51738 1 434 5p340
1738 5.340 5.340 51739 2 434 5p340
1739 5.340 5.340 51740 3 434 5p340
1740 5.350 5.350 51741 0 435 5p350
1741 5.350 5.350 51742 1 435 5p350
1742 5.350 5.350 51743 2 435 5p350
1743 5.350 5.350 51744 3 435 5p350
1744 5.360 5.360 51745 0 436 5p360
1745 5.360 5.360 51746 1 436 5p360
1746 5.360 5.360 51747 2 436 5p360
1747 5.360 5.360 51748 3 436 5p360
1748 5.370 5.370 51749 0 437 5p370
1749 5.370 5.370 51750 1 437 5p370
1750 5.370 5.370 51751 2 437 5p370
1751 5.370 5.370 51752 3 437 5p370
1752 5.380 5.380 51753 0 438 5p380
1753 5.380 5.380 51754 1 438 5p380
1754 5.380 5.380 51755 2 438 5p380
1755 5.380 5.380 51756 3 438 5p380
1756 5.390 5.390 51757 0 439 5p390
1757 5.390 5.390 51758 1 439 5p390
1758 5.390 5.390 51759 2 439 5p390
1759 5.390 5.390 51760 3 439 5p390
1760 5.400 5.400 51761 0 440 5p400
1761 5.400 5.400 51762 1 440 5p400
1762 5.400 5.400 51763 2 440 5p400
1763 5.400 5.400 51764 3 440 5p400
1764 5.410 5.410 51765 0 441 5p410
1765 5.410 5.410 51766 1 441 5p410
1766 5.410 5.410 51767 2 441 5p410
1767 5.410 5.410 51768 3 441 5p410
1768 5.420 5.420 51769 0 442 5p420
1769 5.420 5.420 51770 1 442 5p420
1770 5.420 5.420 51771 2 442 5p420
1771 5.420 5.420 51772 3 442 5p420
1772 5.430 5.430 51773 0 443 5p430
1773 5.430 5.430 51774 1 443 5p430
1774 5.430 5.430 51775 2 443 5p430
1775 5.430 5.430 51776 3 443 5p430
1776 5.440 5.440 51777 0 444 5p440
1777 5.440 5.440 51778 1 444 5p440
1778 5.440 5.440 51779 2 444 5p440
1779 5.440 5.440 51780 3 444 5p440
1780 5.450 5.450 51781 0 445 5p450
1781 5.450 5.450 51782 1 445 5p450
1782 5.450 5.450 51783 2 445 5p450
1783 5.450 5.450 51784 3 445 5p450
1784 5.460 5.460 51785 0 446 5p460
1785 5.460 5.460 51786 1 446 5p460
1786 5.460 5.460 51787 2 446 5p460
1787 5.460 5.460 51788 3 446 5p460
1788 5.470 5.470 51789 0 447 5p470
1789 5.470 5.470 51790 1 447 5p470
1790 5.470 5.470 51791 2 447 5p470
1791 5.470 5.470 51792 3 447 5p470
1792 5.480 5.480 51793 0 448 5p480
1793 5.480 5.480 51794 1 448 5p480
1794 5.480 5.480 51795 2 448 5p480
1795 5.480 5.480 51796 3 448 5p480
1796 5.490 5.490 51797 0 449 5p490
1797 5.490 5.490 51798 1 449 5p490
1798 5.490 5.490 51799 2 449 5p490
1799 5.490 5.490 51800 3 449 5p490
1800 5.500 5.500 51801 0 450 5p500
1801 5.500 5.500 51802 1 450 5p500
1802 5.500 5.500 51803 2 450 5p500
1803 5.500 5.500 51804 3 450 5p500
1804 5.510 5.510 51805 0 451 5p510
1805 5.510 5.510 51806 1 451 5p510
1806 5.510 5.510 51807 2 451 5p510
1807 5.510 5.510 51808 3 451 5p510
1808 5.520 5.520 51809 0 452 5p520
1809 5.520 5.520 51810 1 452 5p520
1810 5.520 5.520 51811 2 452 5p520
1811 5.520 5.520 51812 3 452 5p520
1812 5.530 5.530 51813 0 453 5p530
1813 5.530 5.530 51814 1 453 5p530
1814 5.530 5.530 51815 2 453 5p530
1815 5.530 5.530 51816 3 453 5p530
1816 5.540 5.540 51817 0 454 5p540
1817 5.540 5.540 51818 1 454 5p540
1818 5.540 5.540 51819 2 454 5p540
1819 5.540 5.540 51820 3 454 5p540
1820 5.550 5.550 51821 0 455 5p550
1821 5.550 5.550 51822 1 455 5p550
1822 5.550 5.550 51823 2 455 5p550
1823 5.550 5.550 51824 3 455 5p550
1824 5.560 5.560 51825 0 456 5p560
1825 5.560 5.560 51826 1 456 5p560
1826 5.560 5.560 51827 2 456 5p560
1827 5.560 5.560 51828 3 456 5p560
1828 5.570 5.570 51829 0 457 5p570
1829 5.570 5.570 51830 1 457 5p570
1830 5.570 5.570 51831 2 457 5p570
1831 5.570 5.570 51832 3 457 5p570
1832 5.580 5.580 51833 0 458 5p580
1833 5.580 5.580 51834 1 458 5p580
1834 5.580 5.580 51835 2 458 5p580
1835 5.580 5.580 51836 3 458 5p580
1836 5.590 5.590 51837 0 459 5p590
1837 5.590 5.590 51838 1 459 5p590
1838 5.590 5.590 51839 2 459 5p590
1839 5.590 5.590 51840 3 459 5p590
1840 5.600 5.600 51841 0 460 5p600
1841 5.600 5.600 51842 1 460 5p600
1842 5.600 5.600 51843 2 460 5p600
1843 5.600 5.600 51844 3 460 5p600
1844 5.610 5.610 51845 0 461 5p610
1845 5.610 5.610 51846 1 461 5p610
1846 5.610 5.610 51847 2 461 5p610
1847 5.610 5.610 51848 3 461 5p610
1848 5.620 5.620 51849 0 462 5p620
1849 5.620 5.620 51850 1 462 5p620
1850 5.620 5.620 51851 2 462 5p620
1851 5.620 5.620 51852 3 462 5p620
1852 5.630 5.630 51853 0 463 5p630
1853 5.630 5.630 51854 1 463 5p630
1854 5.630 5.630 51855 2 463 5p630
1855 5.630 5.630 51856 3 463 5p630
1856 5.640 5.640 51857 0 464 5p640
1857 5.640 5.640 51858 1 464 5p640
1858 5.640 5.640 51859 2 464 5p640
1859 5.640 5.640 51860 3 464 5p640
1860 5.650 5.650 51861 0 465 5p650
1861 5.650 5.650 51862 1 465 5p650
1862 5.650 5.650 51863 2 465 5p650
1863 5.650 5.650 51864 3 465 5p650
1864 5.660 5.660 51865 0 466 5p660
1865 5.660 5.660 51866 1 466 5p660
1866 5.660 5.660 51867 2 466 5p660
1867 5.660 5.660 51868 3 466 5p660
1868 5.670 5.670 51869 0 467 5p670
1869 5.670 5.670 51870 1 467 5p670
1870 5.670 5.670 51871 2 467 5p670
1871 5.670 5.670 51872 3 467 5p670
1872 5.680 5.680 51873 0 468 5p680
1873 5.680 5.680 51874 1 468 5p680
1874 5.680 5.680 51875 2 468 5p680
1875 5.680 5.680 51876 3 468 5p680
1876 5.690 5.690 51877 0 469 5p690
1877 5.690 5.690 51878 1 469 5p690
1878 5.690 5.690 51879 2 469 5p690
1879 5.690 5.690 51880 3 469 5p690
1880 5.700 5.700 51881 0 470 5p700
1881 5.700 5.700 51882 1 470 5p700
1882 5.700 5.700 51883 2 470 5p700
1883 5.700 5.700 51884 3 470 5p700
1884 5.710 5.710 51885 0 471 5p710
1885 5.710 5.710 51886 1 471 5p710
1886 5.710 5.710 51887 2 471 5p710
1887 5.710 5.710 51888 3 471 5p710
1888 5.720 5.720 51889 0 472 5p720
1889 5.720 5.720 51890 1 472 5p720
1890 5.720 5.720 51891 2 472 5p720
1891 5.720 5.720 51892 3 472 5p720
1892 5.730 5.730 51893 0 473 5p730
1893 5.730 5.730 51894 1 473 5p730
1894 5.730 5.730 51895 2 473 5p730
1895 5.730 5.730 51896 3 473 5p730
1896 5.740 5.740 51897 0 474 5p740
1897 5.740 5.740 51898 1 474 5p740
1898 5.740 5.740 51899 2 474 5p740
1899 5.740 5.740 51900 3 474 5p740
1900 5.750 5.750 51901 0 475 5p750
1901 5.750 5.750 51902 1 475 5p750
1902 5.750 5.750 51903 2 475 5p750
1903 5.750 5.750 51904 3 475 5p750
1904 5.760 5.760 51905 0 476 5p760
1905 5.760 5.760 51906 1 476 5p760
1906 5.760 5.760 51907 2 476 5p760
1907 5.760 5.760 51908 3 476 5p760
1908 5.770 5.770 51909 0 477 5p770
1909 5.770 5.770 51910 1 477 5p770
1910 5.770 5.770 51911 2 477 5p770
1911 5.770 5.770 51912 3 477 5p770
1912 5.780 5.780 51913 0 478 5p780
1913 5.780 5.780 51914 1 478 5p780
1914 5.780 5.780 51915 2 478 5p780
1915 5.780 5.780 51916 3 478 5p780
1916 5.790 5.790 51917 0 479 5p790
1917 5.790 5.790 51918 1 479 5p790
1918 5.790 5.790 51919 2 479 5p790
1919 5.790 5.790 51920 3 479 5p790
1920 5.800 5.800 51921 0 480 5p800
1921 5.800 5.800 51922 1 480 5p800
1922 5.800 5.800 51923 2 480 5p800
1923 5.800 5.800 51924 3 480 5p800
1924 5.810 5.810 51925 0 481 5p810
1925 5.810 5.810 51926 1 481 5p810
1926 5.810 5.810 51927 2 481 5p810
1927 5.810 5.810 51928 3 481 5p810
1928 5.820 5.820 51929 0 482 5p820
1929 5.820 5.820 51930 1 482 5p820
1930 5.820 5.820 51931 2 482 5p820
1931 5.820 5.820 51932 3 482 5p820
1932 5.830 5.830 51933 0 483 5p830
1933 5.830 5.830 51934 1 483 5p830
1934 5.830 5.830 51935 2 483 5p830
1935 5.830 5.830 51936 3 483 5p830
1936 5.840 5.840 51937 0 484 5p840
1937 5.840 5.840 51938 1 484 5p840
1938 5.840 5.840 51939 2 484 5p840
1939 5.840 5.840 51940 3 484 5p840
1940 5.850 5.850 51941 0 485 5p850
1941 5.850 5.850 51942 1 485 5p850
1942 5.850 5.850 51943 2 485 5p850
1943 5.850 5.850 51944 3 485 5p850
1944 5.860 5.860 51945 0 486 5p860
1945 5.860 5.860 51946 1 486 5p860
1946 5.860 5.860 51947 2 486 5p860
1947 5.860 5.860 51948 3 486 5p860
1948 5.870 5.870 51949 0 487 5p870
1949 5.870 5.870 51950 1 487 5p870
1950 5.870 5.870 51951 2 487 5p870
1951 5.870 5.870 51952 3 487 5p870
1952 5.880 5.880 51953 0 488 5p880
1953 5.880 5.880 51954 1 488 5p880
1954 5.880 5.880 51955 2 488 5p880
1955 5.880 5.880 51956 3 488 5p880
1956 5.890 5.890 51957 0 489 5p890
1957 5.890 5.890 51958 1 489 5p890
1958 5.890 5.890 51959 2 489 5p890
1959 5.890 5.890 51960 3 489 5p890
1960 5.900 5.900 51961 0 490 5p900
1961 5.900 5.900 51962 1 490 5p900
1962 5.900 5.900 51963 2 490 5p900
1963 5.900 5.900 51964 3 490 5p900
1964 5.910 5.910 51965 0 491 5p910
1965 5.910 5.910 51966 1 491 5p910
1966 5.910 5.910 51967 2 491 5p910
1967 5.910 5.910 51968 3 491 5p910
1968 5.920 5.920 51969 0 492 5p920
1969 5.920 5.920 51970 1 492 5p920
1970 5.920 5.920 51971 2 492 5p920
1971 5.920 5.920 51972 3 492 5p920
1972 5.930 5.930 51973 0 493 5p930
1973 5.930 5.930 51974 1 493 5p930
1974 5.930 5.930 51975 2 493 5p930
1975 5.930 5.930 51976 3 493 5p930
1976 5.940 5.940 51977 0 494 5p940
1977 5.940 5.940 51978 1 494 5p940
1978 5.940 5.940 51979 2 494 5p940
1979 5.940 5.940 51980 3 494 5p940
1980 5.950 5.950 51981 0 495 5p950
1981 5.950 5.950 51982 1 495 5p950
1982 5.950 5.950 51983 2 495 5p950
1983 5.950 5.950 51984 3 495 5p950
1984 5.960 5.960 51985 0 496 5p960
1985 5.960 5.960 51986 1 496 5p960
1986 5.960 5.960 51987 2 496 5p960
1987 5.960 5.960 51988 3 496 5p960
1988 5.970 5.970 51989 0 497 5p970
1989 5.970 5.970 51990 1 497 5p970
1990 5.970 5.970 51991 2 497 5p970
1991 5.970 5.970 51992 3 497 5p970
1992 5.980 5.980 51993 0 498 5p980
1993 5.980 5.980 51994 1 498 5p980
1994 5.980 5.980 51995 2 498 5p980
1995 5.980 5.980 51996 3 498 5p980
1996 5.990 5.990 51997 0 499 5p990
1997 5.990 5.990 51998 1 499 5p990
1998 5.990 5.990 51999 2 499 5p990
1999 5.990 5.990 52000 3 499 5p990
2000 6.000 6.000 52001 0 500 6p000
2001 6.000 6.000 52002 1 500 6p000
2002 6.000 6.000 52003 2 500 6p000
2003 6.000 6.000 52004 3 500 6p000
2004 6.010 6.010 52005 0 501 6p010
2005 6.010 6.010 52006 1 501 6p010
2006 6.010 6.010 52007 2 501 6p010
2007 6.010 6.010 52008 3 501 6p010
2008 6.020 6.020 52009 0 502 6p020
2009 6.020 6.020 52010 1 502 6p020
2010 6.020 6.020 52011 2 502 6p020
2011 6.020 6.020 52012 3 502 6p020
2012 6.030 6.030 52013 0 503 6p030
2013 6.030 6.030 52014 1 503 6p030
2014 6.030 6.030 52015 2 503 6p030
2015 6.030 6.030 52016 3 503 6p030
2016 6.040 6.040 52017 0 504 6p040
2017 6.040 6.040 52018 1 504 6p040
2018 6.040 6.040 52019 2 504 6p040
2019 6.040 6.040 52020 3 504 6p040
2020 6.050 6.050 52021 0 505 6p050
2021 6.050 6.050 52022 1 505 6p050
2022 6.050 6.050 52023 2 505 6p050
2023 6.050 6.050 52024 3 505 6p050
2024 6.060 6.060 52025 0 506 6p060
2025 6.060 6.060 52026 1 506 6p060
2026 6.060 6.060 52027 2 506 6p060
2027 6.060 6.060 52028 3 506 6p060
2028 6.070 6.070 52029 0 507 6p070
2029 6.070 6.070 52030 1 507 6p070
2030 6.070 6.070 52031 2 507 6p070
2031 6.070 6.070 52032 3 507 6p070
2032 6.080 6.080 52033 0 508 6p080
2033 6.080 6.080 52034 1 508 6p080
2034 6.080 6.080 52035 2 508 6p080
2035 6.080 6.080 52036 3 508 6p080
2036 6.090 6.090 52037 0 509 6p090
2037 6.090 6.090 52038 1 509 6p090
2038 6.090 6.090 52039 2 509 6p090
2039 6.090 6.090 52040 3 509 6p090
2040 6.100 6.100 52041 0 510 6p100
2041 6.100 6.100 52042 1 510 6p100
2042 6.100 6.100 52043 2 510 6p100
2043 6.100 6.100 52044 3 510 6p100
2044 6.110 6.110 52045 0 511 6p110
2045 6.110 6.110 52046 1 511 6p110
2046 6.110 6.110 52047 2 511 6p110
2047 6.110 6.110 52048 3 511 6p110
2048 6.120 6.120 52049 0 512 6p120
2049 6.120 6.120 52050 1 512 6p120
2050 6.120 6.120 52051 2 512 6p120
2051 6.120 6.120 52052 3 512 6p120
2052 6.130 6.130 52053 0 513 6p130
2053 6.130 6.130 52054 1 513 6p130
2054 6.130 6.130 52055 2 513 6p130
2055 6.130 6.130 52056 3 513 6p130
2056 6.140 6.140 52057 0 514 6p140
2057 6.140 6.140 52058 1 514 6p140
2058 6.140 6.140 52059 2 514 6p140
2059 6.140 6.140 52060 3 514 6p140
2060 6.150 6.150 52061 0 515 6p150
2061 6.150 6.150 52062 1 515 6p150
2062 6.150 6.150 52063 2 515 6p150
2063 6.150 6.150 52064 3 515 6p150
2064 6.160 6.160 52065 0 516 6p160
2065 6.160 6.160 52066 1 516 6p160
2066 6.160 6.160 52067 2 516 6p160
2067 6.160 6.160 52068 3 516 6p160
2068 6.170 6.170 52069 0 517 6p170
2069 6.170 6.170 52070 1 517 6p170
2070 6.170 6.170 52071 2 517 6p170
2071 6.170 6.170 52072 3 517 6p170
2072 6.180 6.180 52073 0 518 6p180
2073 6.180 6.180 52074 1 518 6p180
2074 6.180 6.180 52075 2 518 6p180
2075 6.180 6.180 52076 3 518 6p180
2076 6.190 6.190 52077 0 519 6p190
2077 6.190 6.190 52078 1 519 6p190
2078 6.190 6.190 52079 2 519 6p190
2079 6.190 6.190 52080 3 519 6p190
2080 6.200 6.200 52081 0 520 6p200
2081 6.200 6.200 52082 1 520 6p200
2082 6.200 6.200 52083 2 520 6p200
2083 6.200 6.200 52084 3 520 6p200
2084 6.210 6.210 52085 0 521 6p210
2085 6.210 6.210 52086 1 521 6p210
2086 6.210 6.210 52087 2 521 6p210
2087 6.210 6.210 52088 3 521 6p210
2088 6.220 6.220 52089 0 522 6p220
2089 6.220 6.220 52090 1 522 6p220
2090 6.220 6.220 52091 2 522 6p220
2091 6.220 6.220 52092 3 522 6p220
2092 6.230 6.230 52093 0 523 6p230
2093 6.230 6.230 52094 1 523 6p230
2094 6.230 6.230 52095 2 523 6p230
2095 6.230 6.230 52096 3 523 6p230
2096 6.240 6.240 52097 0 524 6p240
2097 6.240 6.240 52098 1 524 6p240
2098 6.240 6.240 52099 2 524 6p240
2099 6.240 6.240 52100 3 524 6p240
2100 6.250 6.250 52101 0 525 6p250
2101 6.250 6.250 52102 1 525 6p250
2102 6.250 6.250 52103 2 525 6p250
2103 6.250 6.250 52104 3 525 6p250
2104 6.260 6.260 52105 0 526 6p260
2105 6.260 6.260 52106 1 526 6p260
2106 6.260 6.260 52107 2 526 6p260
2107 6.260 6.260 52108 3 526 6p260
2108 6.270 6.270 52109 0 527 6p270
2109 6.270 6.270 52110 1 527 6p270
2110 6.270 6.270 52111 2 527 6p270
2111 6.270 6.270 52112 3 527 6p270
2112 6.280 6.280 52113 0 528 6p280
2113 6.280 6.280 52114 1 528 6p280
2114 6.280 6.280 52115 2 528 6p280
2115 6.280 6.280 52116 3 528 6p280
2116 6.290 6.290 52117 0 529 6p290
2117 6.290 6.290 52118 1 529 6p290
2118 6.290 6.290 52119 2 529 6p290
2119 6.290 6.290 52120 3 529 6p290
2120 6.300 6.300 52121 0 530 6p300
2121 6.300 6.300 52122 1 530 6p300
2122 6.300 6.300 52123 2 530 6p300
2123 6.300 6.300 52124 3 530 6p300
2124 6.310 6.310 52125 0 531 6p310
2125 6.310 6.310 52126 1 531 6p310
2126 6.310 6.310 52127 2 531 6p310
2127 6.310 6.310 52128 3 531 6p310
2128 6.320 6.320 52129 0 532 6p320
2129 6.320 6.320 52130 1 532 6p320
2130 6.320 6.320 52131 2 532 6p320
2131 6.320 6.320 52132 3 532 6p320
2132 6.330 6.330 52133 0 533 6p330
2133 6.330 6.330 52134 1 533 6p330
2134 6.330 6.330 52135 2 533 6p330
2135 6.330 6.330 52136 3 533 6p330
2136 6.340 6.340 52137 0 534 6p340
2137 6.340 6.340 52138 1 534 6p340
2138 6.340 6.340 52139 2 534 6p340
2139 6.340 6.340 52140 3 534 6p340
2140 6.350 6.350 52141 0 535 6p350
2141 6.350 6.350 52142 1 535 6p350
2142 6.350 6.350 52143 2 535 6p350
2143 6.350 6.350 52144 3 535 6p350
2144 6.360 6.360 52145 0 536 6p360
2145 6.360 6.360 52146 1 536 6p360
2146 6.360 6.360 52147 2 536 6p360
2147 6.360 6.360 52148 3 536 6p360
2148 6.370 6.370 52149 0 537 6p370
2149 6.370 6.370 52150 1 537 6p370
2150 6.370 6.370 52151 2 537 6p370
2151 6.370 6.370 52152 3 537 6p370
2152 6.380 6.380 52153 0 538 6p380
2153 6.380 6.380 52154 1 538 6p380
2154 6.380 6.380 52155 2 538 6p380
2155 6.380 6.380 52156 3 538 6p380
2156 6.390 6.390 52157 0 539 6p390
2157 6.390 6.390 52158 1 539 6p390
2158 6.390 6.390 52159 2 539 6p390
2159 6.390 6.390 52160 3 539 6p390
2160 6.400 6.400 52161 0 540 6p400
2161 6.400 6.400 52162 1 540 6p400
2162 6.400 6.400 52163 2 540 6p400
2163 6.400 6.400 52164 3 540 6p400
2164 6.410 6.410 52165 0 541 6p410
2165 6.410 6.410 52166 1 541 6p410
2166 6.410 6.410 52167 2 541 6p410
2167 6.410 6.410 52168 3 541 6p410
2168 6.420 6.420 52169 0 542 6p420
2169 6.420 6.420 52170 1 542 6p420
2170 6.420 6.420 52171 2 542 6p420
2171 6.420 6.420 52172 3 542 6p420
2172 6.430 6.430 52173 0 543 6p430
2173 6.430 6.430 52174 1 543 6p430
2174 6.430 6.430 52175 2 543 6p430
2175 6.430 6.430 52176 3 543 6p430
2176 6.440 6.440 52177 0 544 6p440
2177 6.440 6.440 52178 1 544 6p440
2178 6.440 6.440 52179 2 544 6p440
2179 6.440 6.440 52180 3 544 6p440
2180 6.450 6.450 52181 0 545 6p450
2181 6.450 6.450 52182 1 545 6p450
2182 6.450 6.450 52183 2 545 6p450
2183 6.450 6.450 52184 3 545 6p450
2184 6.460 6.460 52185 0 546 6p460
2185 6.460 6.460 52186 1 546 6p460
2186 6.460 6.460 52187 2 546 6p460
2187 6.460 6.460 52188 3 546 6p460
2188 6.470 6.470 52189 0 547 6p470
2189 6.470 6.470 52190 1 547 6p470
2190 6.470 6.470 52191 2 547 6p470
2191 6.470 6.470 52192 3 547 6p470
2192 6.480 6.480 52193 0 548 6p480
2193 6.480 6.480 52194 1 548 6p480
2194 6.480 6.480 52195 2 548 6p480
2195 6.480 6.480 52196 3 548 6p480
2196 6.490 6.490 52197 0 549 6p490
2197 6.490 6.490 52198 1 549 6p490
2198 6.490 6.490 52199 2 549 6p490
2199 6.490 6.490 52200 3 549 6p490
2200 6.500 6.500 52201 0 550 6p500
2201 6.500 6.500 52202 1 550 6p500
2202 6.500 6.500 52203 2 550 6p500
2203 6.500 6.500 52204 3 550 6p500
2204 6.510 6.510 52205 0 551 6p510
2205 6.510 6.510 52206 1 551 6p510
2206 6.510 6.510 52207 2 551 6p510
2207 6.510 6.510 52208 3 551 6p510
2208 6.520 6.520 52209 0 552 6p520
2209 6.520 6.520 52210 1 552 6p520
2210 6.520 6.520 52211 2 552 6p520
2211 6.520 6.520 52212 3 552 6p520
2212 6.530 6.530 52213 0 553 6p530
2213 6.530 6.530 52214 1 553 6p530
2214 6.530 6.530 52215 2 553 6p530
2215 6.530 6.530 52216 3 553 6p530
2216 6.540 6.540 52217 0 554 6p540
2217 6.540 6.540 52218 1 554 6p540
2218 6.540 6.540 52219 2 554 6p540
2219 6.540 6.540 52220 3 554 6p540
2220 6.550 6.550 52221 0 555 6p550
2221 6.550 6.550 52222 1 555 6p550
2222 6.550 6.550 52223 2 555 6p550
2223 6.550 6.550 52224 3 555 6p550
2224 6.560 6.560 52225 0 556 6p560
2225 6.560 6.560 52226 1 556 6p560
2226 6.560 6.560 52227 2 556 6p560
2227 6.560 6.560 52228 3 556 6p560
2228 6.570 6.570 52229 0 557 6p570
2229 6.570 6.570 52230 1 557 6p570
2230 6.570 6.570 52231 2 557 6p570
2231 6.570 6.570 52232 3 557 6p570
2232 6.580 6.580 52233 0 558 6p580
2233 6.580 6.580 52234 1 558 6p580
2234 6.580 6.580 52235 2 558 6p580
2235 6.580 6.580 52236 3 558 6p580
2236 6.590 6.590 52237 0 559 6p590
2237 6.590 6.590 52238 1 559 6p590
2238 6.590 6.590 52239 2 559 6p590
2239 6.590 6.590 52240 3 559 6p590
2240 6.600 6.600 52241 0 560 6p600
2241 6.600 6.600 52242 1 560 6p600
2242 6.600 6.600 52243 2 560 6p600
2243 6.600 6.600 52244 3 560 6p600
2244 6.610 6.610 52245 0 561 6p610
2245 6.610 6.610 52246 1 561 6p610
2246 6.610 6.610 52247 2 561 6p610
2247 6.610 6.610 52248 3 561 6p610
2248 6.620 6.620 52249 0 562 6p620
2249 6.620 6.620 52250 1 562 6p620
2250 6.620 6.620 52251 2 562 6p620
2251 6.620 6.620 52252 3 562 6p620
2252 6.630 6.630 52253 0 563 6p630
2253 6.630 6.630 52254 1 563 6p630
2254 6.630 6.630 52255 2 563 6p630
2255 6.630 6.630 52256 3 563 6p630
2256 6.640 6.640 52257 0 564 6p640
2257 6.640 6.640 52258 1 564 6p640
2258 6.640 6.640 52259 2 564 6p640
2259 6.640 6.640 52260 3 564 6p640
2260 6.650 6.650 52261 0 565 6p650
2261 6.650 6.650 52262 1 565 6p650
2262 6.650 6.650 52263 2 565 6p650
2263 6.650 6.650 52264 3 565 6p650
2264 6.660 6.660 52265 0 566 6p660
2265 6.660 6.660 52266 1 566 6p660
2266 6.660 6.660 52267 2 566 6p660
2267 6.660 6.660 52268 3 566 6p660
2268 6.670 6.670 52269 0 567 6p670
2269 6.670 6.670 52270 1 567 6p670
2270 6.670 6.670 52271 2 567 6p670
2271 6.670 6.670 52272 3 567 6p670
2272 6.680 6.680 52273 0 568 6p680
2273 6.680 6.680 52274 1 568 6p680
2274 6.680 6.680 52275 2 568 6p680
2275 6.680 6.680 52276 3 568 6p680
2276 6.690 6.690 52277 0 569 6p690
2277 6.690 6.690 52278 1 569 6p690
2278 6.690 6.690 52279 2 569 6p690
2279 6.690 6.690 52280 3 569 6p690
2280 6.700 6.700 52281 0 570 6p700
2281 6.700 6.700 52282 1 570 6p700
2282 6.700 6.700 52283 2 570 6p700
2283 6.700 6.700 52284 3 570 6p700
2284 6.710 6.710 52285 0 571 6p710
2285 6.710 6.710 52286 1 571 6p710
2286 6.710 6.710 52287 2 571 6p710
2287 6.710 6.710 52288 3 571 6p710
2288 6.720 6.720 52289 0 572 6p720
2289 6.720 6.720 52290 1 572 6p720
2290 6.720 6.720 52291 2 572 6p720
2291 6.720 6.720 52292 3 572 6p720
2292 6.730 6.730 52293 0 573 6p730
2293 6.730 6.730 52294 1 573 6p730
2294 6.730 6.730 52295 2 573 6p730
2295 6.730 6.730 52296 3 573 6p730
2296 6.740 6.740 52297 0 574 6p740
2297 6.740 6.740 52298 1 574 6p740
2298 6.740 6.740 52299 2 574 6p740
2299 6.740 6.740 52300 3 574 6p740
2300 6.750 6.750 52301 0 575 6p750
2301 6.750 6.750 52302 1 575 6p750
2302 6.750 6.750 52303 2 575 6p750
2303 6.750 6.750 52304 3 575 6p750
2304 6.760 6.760 52305 0 576 6p760
2305 6.760 6.760 52306 1 576 6p760
2306 6.760 6.760 52307 2 576 6p760
2307 6.760 6.760 52308 3 576 6p760
2308 6.770 6.770 52309 0 577 6p770
2309 6.770 6.770 52310 1 577 6p770
2310 6.770 6.770 52311 2 577 6p770
2311 6.770 6.770 52312 3 577 6p770
2312 6.780 6.780 52313 0 578 6p780
2313 6.780 6.780 52314 1 578 6p780
2314 6.780 6.780 52315 2 578 6p780
2315 6.780 6.780 52316 3 578 6p780
2316 6.790 6.790 52317 0 579 6p790
2317 6.790 6.790 52318 1 579 6p790
2318 6.790 6.790 52319 2 579 6p790
2319 6.790 6.790 52320 3 579 6p790
2320 6.800 6.800 52321 0 580 6p800
2321 6.800 6.800 52322 1 580 6p800
2322 6.800 6.800 52323 2 580 6p800
2323 6.800 6.800 52324 3 580 6p800
2324 6.810 6.810 52325 0 581 6p810
2325 6.810 6.810 52326 1 581 6p810
2326 6.810 6.810 52327 2 581 6p810
2327 6.810 6.810 52328 3 581 6p810
2328 6.820 6.820 52329 0 582 6p820
2329 6.820 6.820 52330 1 582 6p820
2330 6.820 6.820 52331 2 582 6p820
2331 6.820 6.820 52332 3 582 6p820
2332 6.830 6.830 52333 0 583 6p830
2333 6.830 6.830 52334 1 583 6p830
2334 6.830 6.830 52335 2 583 6p830
2335 6.830 6.830 52336 3 583 6p830
2336 6.840 6.840 52337 0 584 6p840
2337 6.840 6.840 52338 1 584 6p840
2338 6.840 6.840 52339 2 584 6p840
2339 6.840 6.840 52340 3 584 6p840
2340 6.850 6.850 52341 0 585 6p850
2341 6.850 6.850 52342 1 585 6p850
2342 6.850 6.850 52343 2 585 6p850
2343 6.850 6.850 52344 3 585 6p850
2344 6.860 6.860 52345 0 586 6p860
2345 6.860 6.860 52346 1 586 6p860
2346 6.860 6.860 52347 2 586 6p860
2347 6.860 6.860 52348 3 586 6p860
2348 6.870 6.870 52349 0 587 6p870
2349 6.870 6.870 52350 1 587 6p870
2350 6.870 6.870 52351 2 587 6p870
2351 6.870 6.870 52352 3 587 6p870
2352 6.880 6.880 52353 0 588 6p880
2353 6.880 6.880 52354 1 588 6p880
2354 6.880 6.880 52355 2 588 6p880
2355 6.880 6.880 52356 3 588 6p880
2356 6.890 6.890 52357 0 589 6p890
2357 6.890 6.890 52358 1 589 6p890
2358 6.890 6.890 52359 2 589 6p890
2359 6.890 6.890 52360 3 589 6p890
2360 6.900 6.900 52361 0 590 6p900
2361 6.900 6.900 52362 1 590 6p900
2362 6.900 6.900 52363 2 590 6p900
2363 6.900 6.900 52364 3 590 6p900
2364 6.910 6.910 52365 0 591 6p910
2365 6.910 6.910 52366 1 591 6p910
2366 6.910 6.910 52367 2 591 6p910
2367 6.910 6.910 52368 3 591 6p910
2368 6.920 6.920 52369 0 592 6p920
2369 6.920 6.920 52370 1 592 6p920
2370 6.920 6.920 52371 2 592 6p920
2371 6.920 6.920 52372 3 592 6p920
2372 6.930 6.930 52373 0 593 6p930
2373 6.930 6.930 52374 1 593 6p930
2374 6.930 6.930 52375 2 593 6p930
2375 6.930 6.930 52376 3 593 6p930
2376 6.940 6.940 52377 0 594 6p940
2377 6.940 6.940 52378 1 594 6p940
2378 6.940 6.940 52379 2 594 6p940
2379 6.940 6.940 52380 3 594 6p940
2380 6.950 6.950 52381 0 595 6p950
2381 6.950 6.950 52382 1 595 6p950
2382 6.950 6.950 52383 2 595 6p950
2383 6.950 6.950 52384 3 595 6p950
2384 6.960 6.960 52385 0 596 6p960
2385 6.960 6.960 52386 1 596 6p960
2386 6.960 6.960 52387 2 596 6p960
2387 6.960 6.960 52388 3 596 6p960
2388 6.970 6.970 52389 0 597 6p970
2389 6.970 6.970 52390 1 597 6p970
2390 6.970 6.970 52391 2 597 6p970
2391 6.970 6.970 52392 3 597 6p970
2392 6.980 6.980 52393 0 598 6p980
2393 6.980 6.980 52394 1 598 6p980
2394 6.980 6.980 52395 2 598 6p980
2395 6.980 6.980 52396 3 598 6p980
2396 6.990 6.990 52397 0 599 6p990
2397 6.990 6.990 52398 1 599 6p990
2398 6.990 6.990 52399 2 599 6p990
2399 6.990 6.990 52400 3 599 6p990
2400 7.000 7.000 52401 0 600 7p000
2401 7.000 7.000 52402 1 600 7p000
2402 7.000 7.000 52403 2 600 7p000
2403 7.000 7.000 52404 3 600 7p000
2404 7.010 7.010 52405 0 601 7p010
2405 7.010 7.010 52406 1 601 7p010
2406 7.010 7.010 52407 2 601 7p010
2407 7.010 7.010 52408 3 601 7p010
2408 7.020 7.020 52409 0 602 7p020
2409 7.020 7.020 52410 1 602 7p020
2410 7.020 7.020 52411 2 602 7p020
2411 7.020 7.020 52412 3 602 7p020
2412 7.030 7.030 52413 0 603 7p030
2413 7.030 7.030 52414 1 603 7p030
2414 7.030 7.030 52415 2 603 7p030
2415 7.030 7.030 52416 3 603 7p030
2416 7.040 7.040 52417 0 604 7p040
2417 7.040 7.040 52418 1 604 7p040
2418 7.040 7.040 52419 2 604 7p040
2419 7.040 7.040 52420 3 604 7p040
2420 7.050 7.050 52421 0 605 7p050
2421 7.050 7.050 52422 1 605 7p050
2422 7.050 7.050 52423 2 605 7p050
2423 7.050 7.050 52424 3 605 7p050
2424 7.060 7.060 52425 0 606 7p060
2425 7.060 7.060 52426 1 606 7p060
2426 7.060 7.060 52427 2 606 7p060
2427 7.060 7.060 52428 3 606 7p060
2428 7.070 7.070 52429 0 607 7p070
2429 7.070 7.070 52430 1 607 7p070
2430 7.070 7.070 52431 2 607 7p070
2431 7.070 7.070 52432 3 607 7p070
2432 7.080 7.080 52433 0 608 7p080
2433 7.080 7.080 52434 1 608 7p080
2434 7.080 7.080 52435 2 608 7p080
2435 7.080 7.080 52436 3 608 7p080
2436 7.090 7.090 52437 0 609 7p090
2437 7.090 7.090 52438 1 609 7p090
2438 7.090 7.090 52439 2 609 7p090
2439 7.090 7.090 52440 3 609 7p090
2440 7.100 7.100 52441 0 610 7p100
2441 7.100 7.100 52442 1 610 7p100
2442 7.100 7.100 52443 2 610 7p100
2443 7.100 7.100 52444 3 610 7p100
2444 7.110 7.110 52445 0 611 7p110
2445 7.110 7.110 52446 1 611 7p110
2446 7.110 7.110 52447 2 611 7p110
2447 7.110 7.110 52448 3 611 7p110
2448 7.120 7.120 52449 0 612 7p120
2449 7.120 7.120 52450 1 612 7p120
2450 7.120 7.120 52451 2 612 7p120
2451 7.120 7.120 52452 3 612 7p120
2452 7.130 7.130 52453 0 613 7p130
2453 7.130 7.130 52454 1 613 7p130
2454 7.130 7.130 52455 2 613 7p130
2455 7.130 7.130 52456 3 613 7p130
2456 7.140 7.140 52457 0 614 7p140
2457 7.140 7.140 52458 1 614 7p140
2458 7.140 7.140 52459 2 614 7p140
2459 7.140 7.140 52460 3 614 7p140
2460 7.150 7.150 52461 0 615 7p150
2461 7.150 7.150 52462 1 615 7p150
2462 7.150 7.150 52463 2 615 7p150
2463 7.150 7.150 52464 3 615 7p150
2464 7.160 7.160 52465 0 616 7p160
2465 7.160 7.160 52466 1 616 7p160
2466 7.160 7.160 52467 2 616 7p160
2467 7.160 7.160 52468 3 616 7p160
2468 7.170 7.170 52469 0 617 7p170
2469 7.170 7.170 52470 1 617 7p170
2470 7.170 7.170 52471 2 617 7p170
2471 7.170 7.170 52472 3 617 7p170
2472 7.180 7.180 52473 0 618 7p180
2473 7.180 7.180 52474 1 618 7p180
2474 7.180 7.180 52475 2 618 7p180
2475 7.180 7.180 52476 3 618 7p180
2476 7.190 7.190 52477 0 619 7p190
2477 7.190 7.190 52478 1 619 7p190
2478 7.190 7.190 52479 2 619 7p190
2479 7.190 7.190 52480 3 619 7p190
2480 7.200 7.200 52481 0 620 7p200
2481 7.200 7.200 52482 1 620 7p200
2482 7.200 7.200 52483 2 620 7p200
2483 7.200 7.200 52484 3 620 7p200
2484 7.210 7.210 52485 0 621 7p210
2485 7.210 7.210 52486 1 621 7p210
2486 7.210 7.210 52487 2 621 7p210
2487 7.210 7.210 52488 3 621 7p210
2488 7.220 7.220 52489 0 622 7p220
2489 7.220 7.220 52490 1 622 7p220
2490 7.220 7.220 52491 2 622 7p220
2491 7.220 7.220 52492 3 622 7p220
2492 7.230 7.230 52493 0 623 7p230
2493 7.230 7.230 52494 1 623 7p230
2494 7.230 7.230 52495 2 623 7p230
2495 7.230 7.230 52496 3 623 7p230
2496 7.240 7.240 52497 0 624 7p240
2497 7.240 7.240 52498 1 624 7p240
2498 7.240 7.240 52499 2 624 7p240
2499 7.240 7.240 52500 3 624 7p240
2500 7.250 7.250 52501 0 625 7p250
2501 7.250 7.250 52502 1 625 7p250
2502 7.250 7.250 52503 2 625 7p250
2503 7.250 7.250 52504 3 625 7p250
2504 7.260 7.260 52505 0 626 7p260
2505 7.260 7.260 52506 1 626 7p260
2506 7.260 7.260 52507 2 626 7p260
2507 7.260 7.260 52508 3 626 7p260
2508 7.270 7.270 52509 0 627 7p270
2509 7.270 7.270 52510 1 627 7p270
2510 7.270 7.270 52511 2 627 7p270
2511 7.270 7.270 52512 3 627 7p270
2512 7.280 7.280 52513 0 628 7p280
2513 7.280 7.280 52514 1 628 7p280
2514 7.280 7.280 52515 2 628 7p280
2515 7.280 7.280 52516 3 628 7p280
2516 7.290 7.290 52517 0 629 7p290
2517 7.290 7.290 52518 1 629 7p290
2518 7.290 7.290 52519 2 629 7p290
2519 7.290 7.290 52520 3 629 7p290
2520 7.300 7.300 52521 0 630 7p300
2521 7.300 7.300 52522 1 630 7p300
2522 7.300 7.300 52523 2 630 7p300
2523 7.300 7.300 52524 3 630 7p300
2524 7.310 7.310 52525 0 631 7p310
2525 7.310 7.310 52526 1 631 7p310
2526 7.310 7.310 52527 2 631 7p310
2527 7.310 7.310 52528 3 631 7p310
2528 7.320 7.320 52529 0 632 7p320
2529 7.320 7.320 52530 1 632 7p320
2530 7.320 7.320 52531 2 632 7p320
2531 7.320 7.320 52532 3 632 7p320
2532 7.330 7.330 52533 0 633 7p330
2533 7.330 7.330 52534 1 633 7p330
2534 7.330 7.330 52535 2 633 7p330
2535 7.330 7.330 52536 3 633 7p330
2536 7.340 7.340 52537 0 634 7p340
2537 7.340 7.340 52538 1 634 7p340
2538 7.340 7.340 52539 2 634 7p340
2539 7.340 7.340 52540 3 634 7p340
2540 7.350 7.350 52541 0 635 7p350
2541 7.350 7.350 52542 1 635 7p350
2542 7.350 7.350 52543 2 635 7p350
2543 7.350 7.350 52544 3 635 7p350
2544 7.360 7.360 52545 0 636 7p360
2545 7.360 7.360 52546 1 636 7p360
2546 7.360 7.360 52547 2 636 7p360
2547 7.360 7.360 52548 3 636 7p360
2548 7.370 7.370 52549 0 637 7p370
2549 7.370 7.370 52550 1 637 7p370
2550 7.370 7.370 52551 2 637 7p370
2551 7.370 7.370 52552 3 637 7p370
2552 7.380 7.380 52553 0 638 7p380
2553 7.380 7.380 52554 1 638 7p380
2554 7.380 7.380 52555 2 638 7p380
2555 7.380 7.380 52556 3 638 7p380
2556 7.390 7.390 52557 0 639 7p390
2557 7.390 7.390 52558 1 639 7p390
2558 7.390 7.390 52559 2 639 7p390
2559 7.390 7.390 52560 3 639 7p390
2560 7.400 7.400 52561 0 640 7p400
2561 7.400 7.400 52562 1 640 7p400
2562 7.400 7.400 52563 2 640 7p400
2563 7.400 7.400 52564 3 640 7p400
2564 7.410 7.410 52565 0 641 7p410
2565 7.410 7.410 52566 1 641 7p410
2566 7.410 7.410 52567 2 641 7p410
2567 7.410 7.410 52568 3 641 7p410
2568 7.420 7.420 52569 0 642 7p420
2569 7.420 7.420 52570 1 642 7p420
2570 7.420 7.420 52571 2 642 7p420
2571 7.420 7.420 52572 3 642 7p420
2572 7.430 7.430 52573 0 643 7p430
2573 7.430 7.430 52574 1 643 7p430
2574 7.430 7.430 52575 2 643 7p430
2575 7.430 7.430 52576 3 643 7p430
2576 7.440 7.440 52577 0 644 7p440
2577 7.440 7.440 52578 1 644 7p440
2578 7.440 7.440 52579 2 644 7p440
2579 7.440 7.440 52580 3 644 7p440
2580 7.450 7.450 52581 0 645 7p450
2581 7.450 7.450 52582 1 645 7p450
2582 7.450 7.450 52583 2 645 7p450
2583 7.450 7.450 52584 3 645 7p450
2584 7.460 7.460 52585 0 646 7p460
2585 7.460 7.460 52586 1 646 7p460
2586 7.460 7.460 52587 2 646 7p460
2587 7.460 7.460 52588 3 646 7p460
2588 7.470 7.470 52589 0 647 7p470
2589 7.470 7.470 52590 1 647 7p470
2590 7.470 7.470 52591 2 647 7p470
2591 7.470 7.470 52592 3 647 7p470
2592 7.480 7.480 52593 0 648 7p480
2593 7.480 7.480 52594 1 648 7p480
2594 7.480 7.480 52595 2 648 7p480
2595 7.480 7.480 52596 3 648 7p480
2596 7.490 7.490 52597 0 649 7p490
2597 7.490 7.490 52598 1 649 7p490
2598 7.490 7.490 52599 2 649 7p490
2599 7.490 7.490 52600 3 649 7p490
2600 7.500 7.500 52601 0 650 7p500
2601 7.500 7.500 52602 1 650 7p500
2602 7.500 7.500 52603 2 650 7p500
2603 7.500 7.500 52604 3 650 7p500
2604 7.510 7.510 52605 0 651 7p510
2605 7.510 7.510 52606 1 651 7p510
2606 7.510 7.510 52607 2 651 7p510
2607 7.510 7.510 52608 3 651 7p510
2608 7.520 7.520 52609 0 652 7p520
2609 7.520 7.520 52610 1 652 7p520
2610 7.520 7.520 52611 2 652 7p520
2611 7.520 7.520 52612 3 652 7p520
2612 7.530 7.530 52613 0 653 7p530
2613 7.530 7.530 52614 1 653 7p530
2614 7.530 7.530 52615 2 653 7p530
2615 7.530 7.530 52616 3 653 7p530
2616 7.540 7.540 52617 0 654 7p540
2617 7.540 7.540 52618 1 654 7p540
2618 7.540 7.540 52619 2 654 7p540
2619 7.540 7.540 52620 3 654 7p540
2620 7.550 7.550 52621 0 655 7p550
2621 7.550 7.550 52622 1 655 7p550
2622 7.550 7.550 52623 2 655 7p550
2623 7.550 7.550 52624 3 655 7p550
2624 7.560 7.560 52625 0 656 7p560
2625 7.560 7.560 52626 1 656 7p560
2626 7.560 7.560 52627 2 656 7p560
2627 7.560 7.560 52628 3 656 7p560
2628 7.570 7.570 52629 0 657 7p570
2629 7.570 7.570 52630 1 657 7p570
2630 7.570 7.570 52631 2 657 7p570
2631 7.570 7.570 52632 3 657 7p570
2632 7.580 7.580 52633 0 658 7p580
2633 7.580 7.580 52634 1 658 7p580
2634 7.580 7.580 52635 2 658 7p580
2635 7.580 7.580 52636 3 658 7p580
2636 7.590 7.590 52637 0 659 7p590
2637 7.590 7.590 52638 1 659 7p590
2638 7.590 7.590 52639 2 659 7p590
2639 7.590 7.590 52640 3 659 7p590
2640 7.600 7.600 52641 0 660 7p600
2641 7.600 7.600 52642 1 660 7p600
2642 7.600 7.600 52643 2 660 7p600
2643 7.600 7.600 52644 3 660 7p600
2644 7.610 7.610 52645 0 661 7p610
2645 7.610 7.610 52646 1 661 7p610
2646 7.610 7.610 52647 2 661 7p610
2647 7.610 7.610 52648 3 661 7p610
2648 7.620 7.620 52649 0 662 7p620
2649 7.620 7.620 52650 1 662 7p620
2650 7.620 7.620 52651 2 662 7p620
2651 7.620 7.620 52652 3 662 7p620
2652 7.630 7.630 52653 0 663 7p630
2653 7.630 7.630 52654 1 663 7p630
2654 7.630 7.630 52655 2 663 7p630
2655 7.630 7.630 52656 3 663 7p630
2656 7.640 7.640 52657 0 664 7p640
2657 7.640 7.640 52658 1 664 7p640
2658 7.640 7.640 52659 2 664 7p640
2659 7.640 7.640 52660 3 664 7p640
2660 7.650 7.650 52661 0 665 7p650
2661 7.650 7.650 52662 1 665 7p650
2662 7.650 7.650 52663 2 665 7p650
2663 7.650 7.650 52664 3 665 7p650
2664 7.660 7.660 52665 0 666 7p660
2665 7.660 7.660 52666 1 666 7p660
2666 7.660 7.660 52667 2 666 7p660
2667 7.660 7.660 52668 3 666 7p660
2668 7.670 7.670 52669 0 667 7p670
2669 7.670 7.670 52670 1 667 7p670
2670 7.670 7.670 52671 2 667 7p670
2671 7.670 7.670 52672 3 667 7p670
2672 7.680 7.680 52673 0 668 7p680
2673 7.680 7.680 52674 1 668 7p680
2674 7.680 7.680 52675 2 668 7p680
2675 7.680 7.680 52676 3 668 7p680
2676 7.690 7.690 52677 0 669 7p690
2677 7.690 7.690 52678 1 669 7p690
2678 7.690 7.690 52679 2 669 7p690
2679 7.690 7.690 52680 3 669 7p690
2680 7.700 7.700 52681 0 670 7p700
2681 7.700 7.700 52682 1 670 7p700
2682 7.700 7.700 52683 2 670 7p700
2683 7.700 7.700 52684 3 670 7p700
2684 7.710 7.710 52685 0 671 7p710
2685 7.710 7.710 52686 1 671 7p710
2686 7.710 7.710 52687 2 671 7p710
2687 7.710 7.710 52688 3 671 7p710
2688 7.720 7.720 52689 0 672 7p720
2689 7.720 7.720 52690 1 672 7p720
2690 7.720 7.720 52691 2 672 7p720
2691 7.720 7.720 52692 3 672 7p720
2692 7.730 7.730 52693 0 673 7p730
2693 7.730 7.730 52694 1 673 7p730
2694 7.730 7.730 52695 2 673 7p730
2695 7.730 7.730 52696 3 673 7p730
2696 7.740 7.740 52697 0 674 7p740
2697 7.740 7.740 52698 1 674 7p740
2698 7.740 7.740 52699 2 674 7p740
2699 7.740 7.740 52700 3 674 7p740
2700 7.750 7.750 52701 0 675 7p750
2701 7.750 7.750 52702 1 675 7p750
2702 7.750 7.750 52703 2 675 7p750
2703 7.750 7.750 52704 3 675 7p750
2704 7.760 7.760 52705 0 676 7p760
2705 7.760 7.760 52706 1 676 7p760
2706 7.760 7.760 52707 2 676 7p760
2707 7.760 7.760 52708 3 676 7p760
2708 7.770 7.770 52709 0 677 7p770
2709 7.770 7.770 52710 1 677 7p770
2710 7.770 7.770 52711 2 677 7p770
2711 7.770 7.770 52712 3 677 7p770
2712 7.780 7.780 52713 0 678 7p780
2713 7.780 7.780 52714 1 678 7p780
2714 7.780 7.780 52715 2 678 7p780
2715 7.780 7.780 52716 3 678 7p780
2716 7.790 7.790 52717 0 679 7p790
2717 7.790 7.790 52718 1 679 7p790
2718 7.790 7.790 52719 2 679 7p790
2719 7.790 7.790 52720 3 679 7p790
2720 7.800 7.800 52721 0 680 7p800
2721 7.800 7.800 52722 1 680 7p800
2722 7.800 7.800 52723 2 680 7p800
2723 7.800 7.800 52724 3 680 7p800
2724 7.810 7.810 52725 0 681 7p810
2725 7.810 7.810 52726 1 681 7p810
2726 7.810 7.810 52727 2 681 7p810
2727 7.810 7.810 52728 3 681 7p810
2728 7.820 7.820 52729 0 682 7p820
2729 7.820 7.820 52730 1 682 7p820
2730 7.820 7.820 52731 2 682 7p820
2731 7.820 7.820 52732 3 682 7p820
2732 7.830 7.830 52733 0 683 7p830
2733 7.830 7.830 52734 1 683 7p830
2734 7.830 7.830 52735 2 683 7p830
2735 7.830 7.830 52736 3 683 7p830
2736 7.840 7.840 52737 0 684 7p840
2737 7.840 7.840 52738 1 684 7p840
2738 7.840 7.840 52739 2 684 7p840
2739 7.840 7.840 52740 3 684 7p840
2740 7.850 7.850 52741 0 685 7p850
2741 7.850 7.850 52742 1 685 7p850
2742 7.850 7.850 52743 2 685 7p850
2743 7.850 7.850 52744 3 685 7p850
2744 7.860 7.860 52745 0 686 7p860
2745 7.860 7.860 52746 1 686 7p860
2746 7.860 7.860 52747 2 686 7p860
2747 7.860 7.860 52748 3 686 7p860
2748 7.870 7.870 52749 0 687 7p870
2749 7.870 7.870 52750 1 687 7p870
2750 7.870 7.870 52751 2 687 7p870
2751 7.870 7.870 52752 3 687 7p870
2752 7.880 7.880 52753 0 688 7p880
2753 7.880 7.880 52754 1 688 7p880
2754 7.880 7.880 52755 2 688 7p880
2755 7.880 7.880 52756 3 688 7p880
2756 7.890 7.890 52757 0 689 7p890
2757 7.890 7.890 52758 1 689 7p890
2758 7.890 7.890 52759 2 689 7p890
2759 7.890 7.890 52760 3 689 7p890
2760 7.900 7.900 52761 0 690 7p900
2761 7.900 7.900 52762 1 690 7p900
2762 7.900 7.900 52763 2 690 7p900
2763 7.900 7.900 52764 3 690 7p900
2764 7.910 7.910 52765 0 691 7p910
2765 7.910 7.910 52766 1 691 7p910
2766 7.910 7.910 52767 2 691 7p910
2767 7.910 7.910 52768 3 691 7p910
2768 7.920 7.920 52769 0 692 7p920
2769 7.920 7.920 52770 1 692 7p920
2770 7.920 7.920 52771 2 692 7p920
2771 7.920 7.920 52772 3 692 7p920
2772 7.930 7.930 52773 0 693 7p930
2773 7.930 7.930 52774 1 693 7p930
2774 7.930 7.930 52775 2 693 7p930
2775 7.930 7.930 52776 3 693 7p930
2776 7.940 7.940 52777 0 694 7p940
2777 7.940 7.940 52778 1 694 7p940
2778 7.940 7.940 52779 2 694 7p940
2779 7.940 7.940 52780 3 694 7p940
2780 7.950 7.950 52781 0 695 7p950
2781 7.950 7.950 52782 1 695 7p950
2782 7.950 7.950 52783 2 695 7p950
2783 7.950 7.950 52784 3 695 7p950
2784 7.960 7.960 52785 0 696 7p960
2785 7.960 7.960 52786 1 696 7p960
2786 7.960 7.960 52787 2 696 7p960
2787 7.960 7.960 52788 3 696 7p960
2788 7.970 7.970 52789 0 697 7p970
2789 7.970 7.970 52790 1 697 7p970
2790 7.970 7.970 52791 2 697 7p970
2791 7.970 7.970 52792 3 697 7p970
2792 7.980 7.980 52793 0 698 7p980
2793 7.980 7.980 52794 1 698 7p980
2794 7.980 7.980 52795 2 698 7p980
2795 7.980 7.980 52796 3 698 7p980
2796 7.990 7.990 52797 0 699 7p990
2797 7.990 7.990 52798 1 699 7p990
2798 7.990 7.990 52799 2 699 7p990
2799 7.990 7.990 52800 3 699 7p990
2800 8.000 8.000 52801 0 700 8p000
2801 8.000 8.000 52802 1 700 8p000
2802 8.000 8.000 52803 2 700 8p000
2803 8.000 8.000 52804 3 700 8p000
2804 8.010 8.010 52805 0 701 8p010
2805 8.010 8.010 52806 1 701 8p010
2806 8.010 8.010 52807 2 701 8p010
2807 8.010 8.010 52808 3 701 8p010
2808 8.020 8.020 52809 0 702 8p020
2809 8.020 8.020 52810 1 702 8p020
2810 8.020 8.020 52811 2 702 8p020
2811 8.020 8.020 52812 3 702 8p020
2812 8.030 8.030 52813 0 703 8p030
2813 8.030 8.030 52814 1 703 8p030
2814 8.030 8.030 52815 2 703 8p030
2815 8.030 8.030 52816 3 703 8p030
2816 8.040 8.040 52817 0 704 8p040
2817 8.040 8.040 52818 1 704 8p040
2818 8.040 8.040 52819 2 704 8p040
2819 8.040 8.040 52820 3 704 8p040
2820 8.050 8.050 52821 0 705 8p050
2821 8.050 8.050 52822 1 705 8p050
2822 8.050 8.050 52823 2 705 8p050
2823 8.050 8.050 52824 3 705 8p050
2824 8.060 8.060 52825 0 706 8p060
2825 8.060 8.060 52826 1 706 8p060
2826 8.060 8.060 52827 2 706 8p060
2827 8.060 8.060 52828 3 706 8p060
2828 8.070 8.070 52829 0 707 8p070
2829 8.070 8.070 52830 1 707 8p070
2830 8.070 8.070 52831 2 707 8p070
2831 8.070 8.070 52832 3 707 8p070
2832 8.080 8.080 52833 0 708 8p080
2833 8.080 8.080 52834 1 708 8p080
2834 8.080 8.080 52835 2 708 8p080
2835 8.080 8.080 52836 3 708 8p080
2836 8.090 8.090 52837 0 709 8p090
2837 8.090 8.090 52838 1 709 8p090
2838 8.090 8.090 52839 2 709 8p090
2839 8.090 8.090 52840 3 709 8p090
2840 8.100 8.100 52841 0 710 8p100
2841 8.100 8.100 52842 1 710 8p100
2842 8.100 8.100 52843 2 710 8p100
2843 8.100 8.100 52844 3 710 8p100
2844 8.110 8.110 52845 0 711 8p110
2845 8.110 8.110 52846 1 711 8p110
2846 8.110 8.110 52847 2 711 8p110
2847 8.110 8.110 52848 3 711 8p110
2848 8.120 8.120 52849 0 712 8p120
2849 8.120 8.120 52850 1 712 8p120
2850 8.120 8.120 52851 2 712 8p120
2851 8.120 8.120 52852 3 712 8p120
2852 8.130 8.130 52853 0 713 8p130
2853 8.130 8.130 52854 1 713 8p130
2854 8.130 8.130 52855 2 713 8p130
2855 8.130 8.130 52856 3 713 8p130
2856 8.140 8.140 52857 0 714 8p140
2857 8.140 8.140 52858 1 714 8p140
2858 8.140 8.140 52859 2 714 8p140
2859 8.140 8.140 52860 3 714 8p140
2860 8.150 8.150 52861 0 715 8p150
2861 8.150 8.150 52862 1 715 8p150
2862 8.150 8.150 52863 2 715 8p150
2863 8.150 8.150 52864 3 715 8p150
2864 8.160 8.160 52865 0 716 8p160
2865 8.160 8.160 52866 1 716 8p160
2866 8.160 8.160 52867 2 716 8p160
2867 8.160 8.160 52868 3 716 8p160
2868 8.170 8.170 52869 0 717 8p170
2869 8.170 8.170 52870 1 717 8p170
2870 8.170 8.170 52871 2 717 8p170
2871 8.170 8.170 52872 3 717 8p170
2872 8.180 8.180 52873 0 718 8p180
2873 8.180 8.180 52874 1 718 8p180
2874 8.180 8.180 52875 2 718 8p180
2875 8.180 8.180 52876 3 718 8p180
2876 8.190 8.190 52877 0 719 8p190
2877 8.190 8.190 52878 1 719 8p190
2878 8.190 8.190 52879 2 719 8p190
2879 8.190 8.190 52880 3 719 8p190
2880 8.200 8.200 52881 0 720 8p200
2881 8.200 8.200 52882 1 720 8p200
2882 8.200 8.200 52883 2 720 8p200
2883 8.200 8.200 52884 3 720 8p200
2884 8.210 8.210 52885 0 721 8p210
2885 8.210 8.210 52886 1 721 8p210
2886 8.210 8.210 52887 2 721 8p210
2887 8.210 8.210 52888 3 721 8p210
2888 8.220 8.220 52889 0 722 8p220
2889 8.220 8.220 52890 1 722 8p220
2890 8.220 8.220 52891 2 722 8p220
2891 8.220 8.220 52892 3 722 8p220
2892 8.230 8.230 52893 0 723 8p230
2893 8.230 8.230 52894 1 723 8p230
2894 8.230 8.230 52895 2 723 8p230
2895 8.230 8.230 52896 3 723 8p230
2896 8.240 8.240 52897 0 724 8p240
2897 8.240 8.240 52898 1 724 8p240
2898 8.240 8.240 52899 2 724 8p240
2899 8.240 8.240 52900 3 724 8p240
2900 8.250 8.250 52901 0 725 8p250
2901 8.250 8.250 52902 1 725 8p250
2902 8.250 8.250 52903 2 725 8p250
2903 8.250 8.250 52904 3 725 8p250
2904 8.260 8.260 52905 0 726 8p260
2905 8.260 8.260 52906 1 726 8p260
2906 8.260 8.260 52907 2 726 8p260
2907 8.260 8.260 52908 3 726 8p260
2908 8.270 8.270 52909 0 727 8p270
2909 8.270 8.270 52910 1 727 8p270
2910 8.270 8.270 52911 2 727 8p270
2911 8.270 8.270 52912 3 727 8p270
2912 8.280 8.280 52913 0 728 8p280
2913 8.280 8.280 52914 1 728 8p280
2914 8.280 8.280 52915 2 728 8p280
2915 8.280 8.280 52916 3 728 8p280
2916 8.290 8.290 52917 0 729 8p290
2917 8.290 8.290 52918 1 729 8p290
2918 8.290 8.290 52919 2 729 8p290
2919 8.290 8.290 52920 3 729 8p290
2920 8.300 8.300 52921 0 730 8p300
2921 8.300 8.300 52922 1 730 8p300
2922 8.300 8.300 52923 2 730 8p300
2923 8.300 8.300 52924 3 730 8p300
2924 8.310 8.310 52925 0 731 8p310
2925 8.310 8.310 52926 1 731 8p310
2926 8.310 8.310 52927 2 731 8p310
2927 8.310 8.310 52928 3 731 8p310
2928 8.320 8.320 52929 0 732 8p320
2929 8.320 8.320 52930 1 732 8p320
2930 8.320 8.320 52931 2 732 8p320
2931 8.320 8.320 52932 3 732 8p320
2932 8.330 8.330 52933 0 733 8p330
2933 8.330 8.330 52934 1 733 8p330
2934 8.330 8.330 52935 2 733 8p330
2935 8.330 8.330 52936 3 733 8p330
2936 8.340 8.340 52937 0 734 8p340
2937 8.340 8.340 52938 1 734 8p340
2938 8.340 8.340 52939 2 734 8p340
2939 8.340 8.340 52940 3 734 8p340
2940 8.350 8.350 52941 0 735 8p350
2941 8.350 8.350 52942 1 735 8p350
2942 8.350 8.350 52943 2 735 8p350
2943 8.350 8.350 52944 3 735 8p350
2944 8.360 8.360 52945 0 736 8p360
2945 8.360 8.360 52946 1 736 8p360
2946 8.360 8.360 52947 2 736 8p360
2947 8.360 8.360 52948 3 736 8p360
2948 8.370 8.370 52949 0 737 8p370
2949 8.370 8.370 52950 1 737 8p370
2950 8.370 8.370 52951 2 737 8p370
2951 8.370 8.370 52952 3 737 8p370
2952 8.380 8.380 52953 0 738 8p380
2953 8.380 8.380 52954 1 738 8p380
2954 8.380 8.380 52955 2 738 8p380
2955 8.380 8.380 52956 3 738 8p380
2956 8.390 8.390 52957 0 739 8p390
2957 8.390 8.390 52958 1 739 8p390
2958 8.390 8.390 52959 2 739 8p390
2959 8.390 8.390 52960 3 739 8p390
2960 8.400 8.400 52961 0 740 8p400
2961 8.400 8.400 52962 1 740 8p400
2962 8.400 8.400 52963 2 740 8p400
2963 8.400 8.400 52964 3 740 8p400
2964 8.410 8.410 52965 0 741 8p410
2965 8.410 8.410 52966 1 741 8p410
2966 8.410 8.410 52967 2 741 8p410
2967 8.410 8.410 52968 3 741 8p410
2968 8.420 8.420 52969 0 742 8p420
2969 8.420 8.420 52970 1 742 8p420
2970 8.420 8.420 52971 2 742 8p420
2971 8.420 8.420 52972 3 742 8p420
2972 8.430 8.430 52973 0 743 8p430
2973 8.430 8.430 52974 1 743 8p430
2974 8.430 8.430 52975 2 743 8p430
2975 8.430 8.430 52976 3 743 8p430
2976 8.440 8.440 52977 0 744 8p440
2977 8.440 8.440 52978 1 744 8p440
2978 8.440 8.440 52979 2 744 8p440
2979 8.440 8.440 52980 3 744 8p440
2980 8.450 8.450 52981 0 745 8p450
2981 8.450 8.450 52982 1 745 8p450
2982 8.450 8.450 52983 2 745 8p450
2983 8.450 8.450 52984 3 745 8p450
2984 8.460 8.460 52985 0 746 8p460
2985 8.460 8.460 52986 1 746 8p460
2986 8.460 8.460 52987 2 746 8p460
2987 8.460 8.460 52988 3 746 8p460
2988 8.470 8.470 52989 0 747 8p470
2989 8.470 8.470 52990 1 747 8p470
2990 8.470 8.470 52991 2 747 8p470
2991 8.470 8.470 52992 3 747 8p470
2992 8.480 8.480 52993 0 748 8p480
2993 8.480 8.480 52994 1 748 8p480
2994 8.480 8.480 52995 2 748 8p480
2995 8.480 8.480 52996 3 748 8p480
2996 8.490 8.490 52997 0 749 8p490
2997 8.490 8.490 52998 1 749 8p490
2998 8.490 8.490 52999 2 749 8p490
2999 8.490 8.490 53000 3 749 8p490
3000 8.500 8.500 53001 0 750 8p500
3001 8.500 8.500 53002 1 750 8p500
3002 8.500 8.500 53003 2 750 8p500
3003 8.500 8.500 53004 3 750 8p500
3004 8.510 8.510 53005 0 751 8p510
3005 8.510 8.510 53006 1 751 8p510
3006 8.510 8.510 53007 2 751 8p510
3007 8.510 8.510 53008 3 751 8p510
3008 8.520 8.520 53009 0 752 8p520
3009 8.520 8.520 53010 1 752 8p520
3010 8.520 8.520 53011 2 752 8p520
3011 8.520 8.520 53012 3 752 8p520
3012 8.530 8.530 53013 0 753 8p530
3013 8.530 8.530 53014 1 753 8p530
3014 8.530 8.530 53015 2 753 8p530
3015 8.530 8.530 53016 3 753 8p530
3016 8.540 8.540 53017 0 754 8p540
3017 8.540 8.540 53018 1 754 8p540
3018 8.540 8.540 53019 2 754 8p540
3019 8.540 8.540 53020 3 754 8p540
3020 8.550 8.550 53021 0 755 8p550
3021 8.550 8.550 53022 1 755 8p550
3022 8.550 8.550 53023 2 755 8p550
3023 8.550 8.550 53024 3 755 8p550
3024 8.560 8.560 53025 0 756 8p560
3025 8.560 8.560 53026 1 756 8p560
3026 8.560 8.560 53027 2 756 8p560
3027 8.560 8.560 53028 3 756 8p560
3028 8.570 8.570 53029 0 757 8p570
3029 8.570 8.570 53030 1 757 8p570
3030 8.570 8.570 53031 2 757 8p570
3031 8.570 8.570 53032 3 757 8p570
3032 8.580 8.580 53033 0 758 8p580
3033 8.580 8.580 53034 1 758 8p580
3034 8.580 8.580 53035 2 758 8p580
3035 8.580 8.580 53036 3 758 8p580
3036 8.590 8.590 53037 0 759 8p590
3037 8.590 8.590 53038 1 759 8p590
3038 8.590 8.590 53039 2 759 8p590
3039 8.590 8.590 53040 3 759 8p590
3040 8.600 8.600 53041 0 760 8p600
3041 8.600 8.600 53042 1 760 8p600
3042 8.600 8.600 53043 2 760 8p600
3043 8.600 8.600 53044 3 760 8p600
3044 8.610 8.610 53045 0 761 8p610
3045 8.610 8.610 53046 1 761 8p610
3046 8.610 8.610 53047 2 761 8p610
3047 8.610 8.610 53048 3 761 8p610
3048 8.620 8.620 53049 0 762 8p620
3049 8.620 8.620 53050 1 762 8p620
3050 8.620 8.620 53051 2 762 8p620
3051 8.620 8.620 53052 3 762 8p620
3052 8.630 8.630 53053 0 763 8p630
3053 8.630 8.630 53054 1 763 8p630
3054 8.630 8.630 53055 2 763 8p630
3055 8.630 8.630 53056 3 763 8p630
3056 8.640 8.640 53057 0 764 8p640
3057 8.640 8.640 53058 1 764 8p640
3058 8.640 8.640 53059 2 764 8p640
3059 8.640 8.640 53060 3 764 8p640
3060 8.650 8.650 53061 0 765 8p650
3061 8.650 8.650 53062 1 765 8p650
3062 8.650 8.650 53063 2 765 8p650
3063 8.650 8.650 53064 3 765 8p650
3064 8.660 8.660 53065 0 766 8p660
3065 8.660 8.660 53066 1 766 8p660
3066 8.660 8.660 53067 2 766 8p660
3067 8.660 8.660 53068 3 766 8p660
3068 8.670 8.670 53069 0 767 8p670
3069 8.670 8.670 53070 1 767 8p670
3070 8.670 8.670 53071 2 767 8p670
3071 8.670 8.670 53072 3 767 8p670
3072 8.680 8.680 53073 0 768 8p680
3073 8.680 8.680 53074 1 768 8p680
3074 8.680 8.680 53075 2 768 8p680
3075 8.680 8.680 53076 3 768 8p680
3076 8.690 8.690 53077 0 769 8p690
3077 8.690 8.690 53078 1 769 8p690
3078 8.690 8.690 53079 2 769 8p690
3079 8.690 8.690 53080 3 769 8p690
3080 8.700 8.700 53081 0 770 8p700
3081 8.700 8.700 53082 1 770 8p700
3082 8.700 8.700 53083 2 770 8p700
3083 8.700 8.700 53084 3 770 8p700
3084 8.710 8.710 53085 0 771 8p710
3085 8.710 8.710 53086 1 771 8p710
3086 8.710 8.710 53087 2 771 8p710
3087 8.710 8.710 53088 3 771 8p710
3088 8.720 8.720 53089 0 772 8p720
3089 8.720 8.720 53090 1 772 8p720
3090 8.720 8.720 53091 2 772 8p720
3091 8.720 8.720 53092 3 772 8p720
3092 8.730 8.730 53093 0 773 8p730
3093 8.730 8.730 53094 1 773 8p730
3094 8.730 8.730 53095 2 773 8p730
3095 8.730 8.730 53096 3 773 8p730
3096 8.740 8.740 53097 0 774 8p740
3097 8.740 8.740 53098 1 774 8p740
3098 8.740 8.740 53099 2 774 8p740
3099 8.740 8.740 53100 3 774 8p740
3100 8.750 8.750 53101 0 775 8p750
3101 8.750 8.750 53102 1 775 8p750
3102 8.750 8.750 53103 2 775 8p750
3103 8.750 8.750 53104 3 775 8p750
3104 8.760 8.760 53105 0 776 8p760
3105 8.760 8.760 53106 1 776 8p760
3106 8.760 8.760 53107 2 776 8p760
3107 8.760 8.760 53108 3 776 8p760
3108 8.770 8.770 53109 0 777 8p770
3109 8.770 8.770 53110 1 777 8p770
3110 8.770 8.770 53111 2 777 8p770
3111 8.770 8.770 53112 3 777 8p770
3112 8.780 8.780 53113 0 778 8p780
3113 8.780 8.780 53114 1 778 8p780
3114 8.780 8.780 53115 2 778 8p780
3115 8.780 8.780 53116 3 778 8p780
3116 8.790 8.790 53117 0 779 8p790
3117 8.790 8.790 53118 1 779 8p790
3118 8.790 8.790 53119 2 779 8p790
3119 8.790 8.790 53120 3 779 8p790
3120 8.800 8.800 53121 0 780 8p800
3121 8.800 8.800 53122 1 780 8p800
3122 8.800 8.800 53123 2 780 8p800
3123 8.800 8.800 53124 3 780 8p800
3124 8.810 8.810 53125 0 781 8p810
3125 8.810 8.810 53126 1 781 8p810
3126 8.810 8.810 53127 2 781 8p810
3127 8.810 8.810 53128 3 781 8p810
3128 8.820 8.820 53129 0 782 8p820
3129 8.820 8.820 53130 1 782 8p820
3130 8.820 8.820 53131 2 782 8p820
3131 8.820 8.820 53132 3 782 8p820
3132 8.830 8.830 53133 0 783 8p830
3133 8.830 8.830 53134 1 783 8p830
3134 8.830 8.830 53135 2 783 8p830
3135 8.830 8.830 53136 3 783 8p830
3136 8.840 8.840 53137 0 784 8p840
3137 8.840 8.840 53138 1 784 8p840
3138 8.840 8.840 53139 2 784 8p840
3139 8.840 8.840 53140 3 784 8p840
3140 8.850 8.850 53141 0 785 8p850
3141 8.850 8.850 53142 1 785 8p850
3142 8.850 8.850 53143 2 785 8p850
3143 8.850 8.850 53144 3 785 8p850
3144 8.860 8.860 53145 0 786 8p860
3145 8.860 8.860 53146 1 786 8p860
3146 8.860 8.860 53147 2 786 8p860
3147 8.860 8.860 53148 3 786 8p860
3148 8.870 8.870 53149 0 787 8p870
3149 8.870 8.870 53150 1 787 8p870
3150 8.870 8.870 53151 2 787 8p870
3151 8.870 8.870 53152 3 787 8p870
3152 8.880 8.880 53153 0 788 8p880
3153 8.880 8.880 53154 1 788 8p880
3154 8.880 8.880 53155 2 788 8p880
3155 8.880 8.880 53156 3 788 8p880
3156 8.890 8.890 53157 0 789 8p890
3157 8.890 8.890 53158 1 789 8p890
3158 8.890 8.890 53159 2 789 8p890
3159 8.890 8.890 53160 3 789 8p890
3160 8.900 8.900 53161 0 790 8p900
3161 8.900 8.900 53162 1 790 8p900
3162 8.900 8.900 53163 2 790 8p900
3163 8.900 8.900 53164 3 790 8p900
3164 8.910 8.910 53165 0 791 8p910
3165 8.910 8.910 53166 1 791 8p910
3166 8.910 8.910 53167 2 791 8p910
3167 8.910 8.910 53168 3 791 8p910
3168 8.920 8.920 53169 0 792 8p920
3169 8.920 8.920 53170 1 792 8p920
3170 8.920 8.920 53171 2 792 8p920
3171 8.920 8.920 53172 3 792 8p920
3172 8.930 8.930 53173 0 793 8p930
3173 8.930 8.930 53174 1 793 8p930
3174 8.930 8.930 53175 2 793 8p930
3175 8.930 8.930 53176 3 793 8p930
3176 8.940 8.940 53177 0 794 8p940
3177 8.940 8.940 53178 1 794 8p940
3178 8.940 8.940 53179 2 794 8p940
3179 8.940 8.940 53180 3 794 8p940
3180 8.950 8.950 53181 0 795 8p950
3181 8.950 8.950 53182 1 795 8p950
3182 8.950 8.950 53183 2 795 8p950
3183 8.950 8.950 53184 3 795 8p950
3184 8.960 8.960 53185 0 796 8p960
3185 8.960 8.960 53186 1 796 8p960
3186 8.960 8.960 53187 2 796 8p960
3187 8.960 8.960 53188 3 796 8p960
3188 8.970 8.970 53189 0 797 8p970
3189 8.970 8.970 53190 1 797 8p970
3190 8.970 8.970 53191 2 797 8p970
3191 8.970 8.970 53192 3 797 8p970
3192 8.980 8.980 53193 0 798 8p980
3193 8.980 8.980 53194 1 798 8p980
3194 8.980 8.980 53195 2 798 8p980
3195 8.980 8.980 53196 3 798 8p980
3196 8.990 8.990 53197 0 799 8p990
3197 8.990 8.990 53198 1 799 8p990
3198 8.990 8.990 53199 2 799 8p990
3199 8.990 8.990 53200 3 799 8p990
3200 9.000 9.000 53201 0 800 9p000
3201 9.000 9.000 53202 1 800 9p000
3202 9.000 9.000 53203 2 800 9p000
3203 9.000 9.000 53204 3 800 9p000
3204 9.010 9.010 53205 0 801 9p010
3205 9.010 9.010 53206 1 801 9p010
3206 9.010 9.010 53207 2 801 9p010
3207 9.010 9.010 53208 3 801 9p010
3208 9.020 9.020 53209 0 802 9p020
3209 9.020 9.020 53210 1 802 9p020
3210 9.020 9.020 53211 2 802 9p020
3211 9.020 9.020 53212 3 802 9p020
3212 9.030 9.030 53213 0 803 9p030
3213 9.030 9.030 53214 1 803 9p030
3214 9.030 9.030 53215 2 803 9p030
3215 9.030 9.030 53216 3 803 9p030
3216 9.040 9.040 53217 0 804 9p040
3217 9.040 9.040 53218 1 804 9p040
3218 9.040 9.040 53219 2 804 9p040
3219 9.040 9.040 53220 3 804 9p040
3220 9.050 9.050 53221 0 805 9p050
3221 9.050 9.050 53222 1 805 9p050
3222 9.050 9.050 53223 2 805 9p050
3223 9.050 9.050 53224 3 805 9p050
3224 9.060 9.060 53225 0 806 9p060
3225 9.060 9.060 53226 1 806 9p060
3226 9.060 9.060 53227 2 806 9p060
3227 9.060 9.060 53228 3 806 9p060
3228 9.070 9.070 53229 0 807 9p070
3229 9.070 9.070 53230 1 807 9p070
3230 9.070 9.070 53231 2 807 9p070
3231 9.070 9.070 53232 3 807 9p070
3232 9.080 9.080 53233 0 808 9p080
3233 9.080 9.080 53234 1 808 9p080
3234 9.080 9.080 53235 2 808 9p080
3235 9.080 9.080 53236 3 808 9p080
3236 9.090 9.090 53237 0 809 9p090
3237 9.090 9.090 53238 1 809 9p090
3238 9.090 9.090 53239 2 809 9p090
3239 9.090 9.090 53240 3 809 9p090
3240 9.100 9.100 53241 0 810 9p100
3241 9.100 9.100 53242 1 810 9p100
3242 9.100 9.100 53243 2 810 9p100
3243 9.100 9.100 53244 3 810 9p100
3244 9.110 9.110 53245 0 811 9p110
3245 9.110 9.110 53246 1 811 9p110
3246 9.110 9.110 53247 2 811 9p110
3247 9.110 9.110 53248 3 811 9p110
3248 9.120 9.120 53249 0 812 9p120
3249 9.120 9.120 53250 1 812 9p120
3250 9.120 9.120 53251 2 812 9p120
3251 9.120 9.120 53252 3 812 9p120
3252 9.130 9.130 53253 0 813 9p130
3253 9.130 9.130 53254 1 813 9p130
3254 9.130 9.130 53255 2 813 9p130
3255 9.130 9.130 53256 3 813 9p130
3256 9.140 9.140 53257 0 814 9p140
3257 9.140 9.140 53258 1 814 9p140
3258 9.140 9.140 53259 2 814 9p140
3259 9.140 9.140 53260 3 814 9p140
3260 9.150 9.150 53261 0 815 9p150
3261 9.150 9.150 53262 1 815 9p150
3262 9.150 9.150 53263 2 815 9p150
3263 9.150 9.150 53264 3 815 9p150
3264 9.160 9.160 53265 0 816 9p160
3265 9.160 9.160 53266 1 816 9p160
3266 9.160 9.160 53267 2 816 9p160
3267 9.160 9.160 53268 3 816 9p160
3268 9.170 9.170 53269 0 817 9p170
3269 9.170 9.170 53270 1 817 9p170
3270 9.170 9.170 53271 2 817 9p170
3271 9.170 9.170 53272 3 817 9p170
3272 9.180 9.180 53273 0 818 9p180
3273 9.180 9.180 53274 1 818 9p180
3274 9.180 9.180 53275 2 818 9p180
3275 9.180 9.180 53276 3 818 9p180
3276 9.190 9.190 53277 0 819 9p190
3277 9.190 9.190 53278 1 819 9p190
3278 9.190 9.190 53279 2 819 9p190
3279 9.190 9.190 53280 3 819 9p190
3280 9.200 9.200 53281 0 820 9p200
3281 9.200 9.200 53282 1 820 9p200
3282 9.200 9.200 53283 2 820 9p200
3283 9.200 9.200 53284 3 820 9p200
3284 9.210 9.210 53285 0 821 9p210
3285 9.210 9.210 53286 1 821 9p210
3286 9.210 9.210 53287 2 821 9p210
3287 9.210 9.210 53288 3 821 9p210
3288 9.220 9.220 53289 0 822 9p220
3289 9.220 9.220 53290 1 822 9p220
3290 9.220 9.220 53291 2 822 9p220
3291 9.220 9.220 53292 3 822 9p220
3292 9.230 9.230 53293 0 823 9p230
3293 9.230 9.230 53294 1 823 9p230
3294 9.230 9.230 53295 2 823 9p230
3295 9.230 9.230 53296 3 823 9p230
3296 9.240 9.240 53297 0 824 9p240
3297 9.240 9.240 53298 1 824 9p240
3298 9.240 9.240 53299 2 824 9p240
3299 9.240 9.240 53300 3 824 9p240
3300 9.250 9.250 53301 0 825 9p250
3301 9.250 9.250 53302 1 825 9p250
3302 9.250 9.250 53303 2 825 9p250
3303 9.250 9.250 53304 3 825 9p250
3304 9.260 9.260 53305 0 826 9p260
3305 9.260 9.260 53306 1 826 9p260
3306 9.260 9.260 53307 2 826 9p260
3307 9.260 9.260 53308 3 826 9p260
3308 9.270 9.270 53309 0 827 9p270
3309 9.270 9.270 53310 1 827 9p270
3310 9.270 9.270 53311 2 827 9p270
3311 9.270 9.270 53312 3 827 9p270
3312 9.280 9.280 53313 0 828 9p280
3313 9.280 9.280 53314 1 828 9p280
3314 9.280 9.280 53315 2 828 9p280
3315 9.280 9.280 53316 3 828 9p280
3316 9.290 9.290 53317 0 829 9p290
3317 9.290 9.290 53318 1 829 9p290
3318 9.290 9.290 53319 2 829 9p290
3319 9.290 9.290 53320 3 829 9p290
3320 9.300 9.300 53321 0 830 9p300
3321 9.300 9.300 53322 1 830 9p300
3322 9.300 9.300 53323 2 830 9p300
3323 9.300 9.300 53324 3 830 9p300
3324 9.310 9.310 53325 0 831 9p310
3325 9.310 9.310 53326 1 831 9p310
3326 9.310 9.310 53327 2 831 9p310
3327 9.310 9.310 53328 3 831 9p310
3328 9.320 9.320 53329 0 832 9p320
3329 9.320 9.320 53330 1 832 9p320
3330 9.320 9.320 53331 2 832 9p320
3331 9.320 9.320 53332 3 832 9p320
3332 9.330 9.330 53333 0 833 9p330
3333 9.330 9.330 53334 1 833 9p330
3334 9.330 9.330 53335 2 833 9p330
3335 9.330 9.330 53336 3 833 9p330
3336 9.340 9.340 53337 0 834 9p340
3337 9.340 9.340 53338 1 834 9p340
3338 9.340 9.340 53339 2 834 9p340
3339 9.340 9.340 53340 3 834 9p340
3340 9.350 9.350 53341 0 835 9p350
3341 9.350 9.350 53342 1 835 9p350
3342 9.350 9.350 53343 2 835 9p350
3343 9.350 9.350 53344 3 835 9p350
3344 9.360 9.360 53345 0 836 9p360
3345 9.360 9.360 53346 1 836 9p360
3346 9.360 9.360 53347 2 836 9p360
3347 9.360 9.360 53348 3 836 9p360
3348 9.370 9.370 53349 0 837 9p370
3349 9.370 9.370 53350 1 837 9p370
3350 9.370 9.370 53351 2 837 9p370
3351 9.370 9.370 53352 3 837 9p370
3352 9.380 9.380 53353 0 838 9p380
3353 9.380 9.380 53354 1 838 9p380
3354 9.380 9.380 53355 2 838 9p380
3355 9.380 9.380 53356 3 838 9p380
3356 9.390 9.390 53357 0 839 9p390
3357 9.390 9.390 53358 1 839 9p390
3358 9.390 9.390 53359 2 839 9p390
3359 9.390 9.390 53360 3 839 9p390
3360 9.400 9.400 53361 0 840 9p400
3361 9.400 9.400 53362 1 840 9p400
3362 9.400 9.400 53363 2 840 9p400
3363 9.400 9.400 53364 3 840 9p400
3364 9.410 9.410 53365 0 841 9p410
3365 9.410 9.410 53366 1 841 9p410
3366 9.410 9.410 53367 2 841 9p410
3367 9.410 9.410 53368 3 841 9p410
3368 9.420 9.420 53369 0 842 9p420
3369 9.420 9.420 53370 1 842 9p420
3370 9.420 9.420 53371 2 842 9p420
3371 9.420 9.420 53372 3 842 9p420
3372 9.430 9.430 53373 0 843 9p430
3373 9.430 9.430 53374 1 843 9p430
3374 9.430 9.430 53375 2 843 9p430
3375 9.430 9.430 53376 3 843 9p430
3376 9.440 9.440 53377 0 844 9p440
3377 9.440 9.440 53378 1 844 9p440
3378 9.440 9.440 53379 2 844 9p440
3379 9.440 9.440 53380 3 844 9p440
3380 9.450 9.450 53381 0 845 9p450
3381 9.450 9.450 53382 1 845 9p450
3382 9.450 9.450 53383 2 845 9p450
3383 9.450 9.450 53384 3 845 9p450
3384 9.460 9.460 53385 0 846 9p460
3385 9.460 9.460 53386 1 846 9p460
3386 9.460 9.460 53387 2 846 9p460
3387 9.460 9.460 53388 3 846 9p460
3388 9.470 9.470 53389 0 847 9p470
3389 9.470 9.470 53390 1 847 9p470
3390 9.470 9.470 53391 2 847 9p470
3391 9.470 9.470 53392 3 847 9p470
3392 9.480 9.480 53393 0 848 9p480
3393 9.480 9.480 53394 1 848 9p480
3394 9.480 9.480 53395 2 848 9p480
3395 9.480 9.480 53396 3 848 9p480
3396 9.490 9.490 53397 0 849 9p490
3397 9.490 9.490 53398 1 849 9p490
3398 9.490 9.490 53399 2 849 9p490
3399 9.490 9.490 53400 3 849 9p490
3400 9.500 9.500 53401 0 850 9p500
3401 9.500 9.500 53402 1 850 9p500
3402 9.500 9.500 53403 2 850 9p500
3403 9.500 9.500 53404 3 850 9p500
3404 9.510 9.510 53405 0 851 9p510
3405 9.510 9.510 53406 1 851 9p510
3406 9.510 9.510 53407 2 851 9p510
3407 9.510 9.510 53408 3 851 9p510
3408 9.520 9.520 53409 0 852 9p520
3409 9.520 9.520 53410 1 852 9p520
3410 9.520 9.520 53411 2 852 9p520
3411 9.520 9.520 53412 3 852 9p520
3412 9.530 9.530 53413 0 853 9p530
3413 9.530 9.530 53414 1 853 9p530
3414 9.530 9.530 53415 2 853 9p530
3415 9.530 9.530 53416 3 853 9p530
3416 9.540 9.540 53417 0 854 9p540
3417 9.540 9.540 53418 1 854 9p540
3418 9.540 9.540 53419 2 854 9p540
3419 9.540 9.540 53420 3 854 9p540
3420 9.550 9.550 53421 0 855 9p550
3421 9.550 9.550 53422 1 855 9p550
3422 9.550 9.550 53423 2 855 9p550
3423 9.550 9.550 53424 3 855 9p550
3424 9.560 9.560 53425 0 856 9p560
3425 9.560 9.560 53426 1 856 9p560
3426 9.560 9.560 53427 2 856 9p560
3427 9.560 9.560 53428 3 856 9p560
3428 9.570 9.570 53429 0 857 9p570
3429 9.570 9.570 53430 1 857 9p570
3430 9.570 9.570 53431 2 857 9p570
3431 9.570 9.570 53432 3 857 9p570
3432 9.580 9.580 53433 0 858 9p580
3433 9.580 9.580 53434 1 858 9p580
3434 9.580 9.580 53435 2 858 9p580
3435 9.580 9.580 53436 3 858 9p580
3436 9.590 9.590 53437 0 859 9p590
3437 9.590 9.590 53438 1 859 9p590
3438 9.590 9.590 53439 2 859 9p590
3439 9.590 9.590 53440 3 859 9p590
3440 9.600 9.600 53441 0 860 9p600
3441 9.600 9.600 53442 1 860 9p600
3442 9.600 9.600 53443 2 860 9p600
3443 9.600 9.600 53444 3 860 9p600
3444 9.610 9.610 53445 0 861 9p610
3445 9.610 9.610 53446 1 861 9p610
3446 9.610 9.610 53447 2 861 9p610
3447 9.610 9.610 53448 3 861 9p610
3448 9.620 9.620 53449 0 862 9p620
3449 9.620 9.620 53450 1 862 9p620
3450 9.620 9.620 53451 2 862 9p620
3451 9.620 9.620 53452 3 862 9p620
3452 9.630 9.630 53453 0 863 9p630
3453 9.630 9.630 53454 1 863 9p630
3454 9.630 9.630 53455 2 863 9p630
3455 9.630 9.630 53456 3 863 9p630
3456 9.640 9.640 53457 0 864 9p640
3457 9.640 9.640 53458 1 864 9p640
3458 9.640 9.640 53459 2 864 9p640
3459 9.640 9.640 53460 3 864 9p640
3460 9.650 9.650 53461 0 865 9p650
3461 9.650 9.650 53462 1 865 9p650
3462 9.650 9.650 53463 2 865 9p650
3463 9.650 9.650 53464 3 865 9p650
3464 9.660 9.660 53465 0 866 9p660
3465 9.660 9.660 53466 1 866 9p660
3466 9.660 9.660 53467 2 866 9p660
3467 9.660 9.660 53468 3 866 9p660
3468 9.670 9.670 53469 0 867 9p670
3469 9.670 9.670 53470 1 867 9p670
3470 9.670 9.670 53471 2 867 9p670
3471 9.670 9.670 53472 3 867 9p670
3472 9.680 9.680 53473 0 868 9p680
3473 9.680 9.680 53474 1 868 9p680
3474 9.680 9.680 53475 2 868 9p680
3475 9.680 9.680 53476 3 868 9p680
3476 9.690 9.690 53477 0 869 9p690
3477 9.690 9.690 53478 1 869 9p690
3478 9.690 9.690 53479 2 869 9p690
3479 9.690 9.690 53480 3 869 9p690
3480 9.700 9.700 53481 0 870 9p700
3481 9.700 9.700 53482 1 870 9p700
3482 9.700 9.700 53483 2 870 9p700
3483 9.700 9.700 53484 3 870 9p700
3484 9.710 9.710 53485 0 871 9p710
3485 9.710 9.710 53486 1 871 9p710
3486 9.710 9.710 53487 2 871 9p710
3487 9.710 9.710 53488 3 871 9p710
3488 9.720 9.720 53489 0 872 9p720
3489 9.720 9.720 53490 1 872 9p720
3490 9.720 9.720 53491 2 872 9p720
3491 9.720 9.720 53492 3 872 9p720
3492 9.730 9.730 53493 0 873 9p730
3493 9.730 9.730 53494 1 873 9p730
3494 9.730 9.730 53495 2 873 9p730
3495 9.730 9.730 53496 3 873 9p730
3496 9.740 9.740 53497 0 874 9p740
3497 9.740 9.740 53498 1 874 9p740
3498 9.740 9.740 53499 2 874 9p740
3499 9.740 9.740 53500 3 874 9p740
3500 9.750 9.750 53501 0 875 9p750
3501 9.750 9.750 53502 1 875 9p750
3502 9.750 9.750 53503 2 875 9p750
3503 9.750 9.750 53504 3 875 9p750
3504 9.760 9.760 53505 0 876 9p760
3505 9.760 9.760 53506 1 876 9p760
3506 9.760 9.760 53507 2 876 9p760
3507 9.760 9.760 53508 3 876 9p760
3508 9.770 9.770 53509 0 877 9p770
3509 9.770 9.770 53510 1 877 9p770
3510 9.770 9.770 53511 2 877 9p770
3511 9.770 9.770 53512 3 877 9p770
3512 9.780 9.780 53513 0 878 9p780
3513 9.780 9.780 53514 1 878 9p780
3514 9.780 9.780 53515 2 878 9p780
3515 9.780 9.780 53516 3 878 9p780
3516 9.790 9.790 53517 0 879 9p790
3517 9.790 9.790 53518 1 879 9p790
3518 9.790 9.790 53519 2 879 9p790
3519 9.790 9.790 53520 3 879 9p790
3520 9.800 9.800 53521 0 880 9p800
3521 9.800 9.800 53522 1 880 9p800
3522 9.800 9.800 53523 2 880 9p800
3523 9.800 9.800 53524 3 880 9p800
3524 9.810 9.810 53525 0 881 9p810
3525 9.810 9.810 53526 1 881 9p810
3526 9.810 9.810 53527 2 881 9p810
3527 9.810 9.810 53528 3 881 9p810
3528 9.820 9.820 53529 0 882 9p820
3529 9.820 9.820 53530 1 882 9p820
3530 9.820 9.820 53531 2 882 9p820
3531 9.820 9.820 53532 3 882 9p820
3532 9.830 9.830 53533 0 883 9p830
3533 9.830 9.830 53534 1 883 9p830
3534 9.830 9.830 53535 2 883 9p830
3535 9.830 9.830 53536 3 883 9p830
3536 9.840 9.840 53537 0 884 9p840
3537 9.840 9.840 53538 1 884 9p840
3538 9.840 9.840 53539 2 884 9p840
3539 9.840 9.840 53540 3 884 9p840
3540 9.850 9.850 53541 0 885 9p850
3541 9.850 9.850 53542 1 885 9p850
3542 9.850 9.850 53543 2 885 9p850
3543 9.850 9.850 53544 3 885 9p850
3544 9.860 9.860 53545 0 886 9p860
3545 9.860 9.860 53546 1 886 9p860
3546 9.860 9.860 53547 2 886 9p860
3547 9.860 9.860 53548 3 886 9p860
3548 9.870 9.870 53549 0 887 9p870
3549 9.870 9.870 53550 1 887 9p870
3550 9.870 9.870 53551 2 887 9p870
3551 9.870 9.870 53552 3 887 9p870
3552 9.880 9.880 53553 0 888 9p880
3553 9.880 9.880 53554 1 888 9p880
3554 9.880 9.880 53555 2 888 9p880
3555 9.880 9.880 53556 3 888 9p880
3556 9.890 9.890 53557 0 889 9p890
3557 9.890 9.890 53558 1 889 9p890
3558 9.890 9.890 53559 2 889 9p890
3559 9.890 9.890 53560 3 889 9p890
3560 9.900 9.900 53561 0 890 9p900
3561 9.900 9.900 53562 1 890 9p900
3562 9.900 9.900 53563 2 890 9p900
3563 9.900 9.900 53564 3 890 9p900
3564 9.910 9.910 53565 0 891 9p910
3565 9.910 9.910 53566 1 891 9p910
3566 9.910 9.910 53567 2 891 9p910
3567 9.910 9.910 53568 3 891 9p910
3568 9.920 9.920 53569 0 892 9p920
3569 9.920 9.920 53570 1 892 9p920
3570 9.920 9.920 53571 2 892 9p920
3571 9.920 9.920 53572 3 892 9p920
3572 9.930 9.930 53573 0 893 9p930
3573 9.930 9.930 53574 1 893 9p930
3574 9.930 9.930 53575 2 893 9p930
3575 9.930 9.930 53576 3 893 9p930
3576 9.940 9.940 53577 0 894 9p940
3577 9.940 9.940 53578 1 894 9p940
3578 9.940 9.940 53579 2 894 9p940
3579 9.940 9.940 53580 3 894 9p940
3580 9.950 9.950 53581 0 895 9p950
3581 9.950 9.950 53582 1 895 9p950
3582 9.950 9.950 53583 2 895 9p950
3583 9.950 9.950 53584 3 895 9p950
3584 9.960 9.960 53585 0 896 9p960
3585 9.960 9.960 53586 1 896 9p960
3586 9.960 9.960 53587 2 896 9p960
3587 9.960 9.960 53588 3 896 9p960
3588 9.970 9.970 53589 0 897 9p970
3589 9.970 9.970 53590 1 897 9p970
3590 9.970 9.970 53591 2 897 9p970
3591 9.970 9.970 53592 3 897 9p970
3592 9.980 9.980 53593 0 898 9p980
3593 9.980 9.980 53594 1 898 9p980
3594 9.980 9.980 53595 2 898 9p980
3595 9.980 9.980 53596 3 898 9p980
3596 9.990 9.990 53597 0 899 9p990
3597 9.990 9.990 53598 1 899 9p990
3598 9.990 9.990 53599 2 899 9p990
3599 9.990 9.990 53600 3 899 9p990
3600 10.000 10.000 53601 0 900 10p000
3601 10.000 10.000 53602 1 900 10p000
3602 10.000 10.000 53603 2 900 10p000
3603 10.000 10.000 53604 3 900 10p000
3604 10.010 10.010 53605 0 901 10p010
3605 10.010 10.010 53606 1 901 10p010
3606 10.010 10.010 53607 2 901 10p010
3607 10.010 10.010 53608 3 901 10p010
3608 10.020 10.020 53609 0 902 10p020
3609 10.020 10.020 53610 1 902 10p020
3610 10.020 10.020 53611 2 902 10p020
3611 10.020 10.020 53612 3 902 10p020
3612 10.030 10.030 53613 0 903 10p030
3613 10.030 10.030 53614 1 903 10p030
3614 10.030 10.030 53615 2 903 10p030
3615 10.030 10.030 53616 3 903 10p030
3616 10.040 10.040 53617 0 904 10p040
3617 10.040 10.040 53618 1 904 10p040
3618 10.040 10.040 53619 2 904 10p040
3619 10.040 10.040 53620 3 904 10p040
3620 10.050 10.050 53621 0 905 10p050
3621 10.050 10.050 53622 1 905 10p050
3622 10.050 10.050 53623 2 905 10p050
3623 10.050 10.050 53624 3 905 10p050
3624 10.060 10.060 53625 0 906 10p060
3625 10.060 10.060 53626 1 906 10p060
3626 10.060 10.060 53627 2 906 10p060
3627 10.060 10.060 53628 3 906 10p060
3628 10.070 10.070 53629 0 907 10p070
3629 10.070 10.070 53630 1 907 10p070
3630 10.070 10.070 53631 2 907 10p070
3631 10.070 10.070 53632 3 907 10p070
3632 10.080 10.080 53633 0 908 10p080
3633 10.080 10.080 53634 1 908 10p080
3634 10.080 10.080 53635 2 908 10p080
3635 10.080 10.080 53636 3 908 10p080
3636 10.090 10.090 53637 0 909 10p090
3637 10.090 10.090 53638 1 909 10p090
3638 10.090 10.090 53639 2 909 10p090
3639 10.090 10.090 53640 3 909 10p090
3640 10.100 10.100 53641 0 910 10p100
3641 10.100 10.100 53642 1 910 10p100
3642 10.100 10.100 53643 2 910 10p100
3643 10.100 10.100 53644 3 910 10p100
3644 10.110 10.110 53645 0 911 10p110
3645 10.110 10.110 53646 1 911 10p110
3646 10.110 10.110 53647 2 911 10p110
3647 10.110 10.110 53648 3 911 10p110
3648 10.120 10.120 53649 0 912 10p120
3649 10.120 10.120 53650 1 912 10p120
3650 10.120 10.120 53651 2 912 10p120
3651 10.120 10.120 53652 3 912 10p120
3652 10.130 10.130 53653 0 913 10p130
3653 10.130 10.130 53654 1 913 10p130
3654 10.130 10.130 53655 2 913 10p130
3655 10.130 10.130 53656 3 913 10p130
3656 10.140 10.140 53657 0 914 10p140
3657 10.140 10.140 53658 1 914 10p140
3658 10.140 10.140 53659 2 914 10p140
3659 10.140 10.140 53660 3 914 10p140
3660 10.150 10.150 53661 0 915 10p150
3661 10.150 10.150 53662 1 915 10p150
3662 10.150 10.150 53663 2 915 10p150
3663 10.150 10.150 53664 3 915 10p150
3664 10.160 10.160 53665 0 916 10p160
3665 10.160 10.160 53666 1 916 10p160
3666 10.160 10.160 53667 2 916 10p160
3667 10.160 10.160 53668 3 916 10p160
3668 10.170 10.170 53669 0 917 10p170
3669 10.170 10.170 53670 1 917 10p170
3670 10.170 10.170 53671 2 917 10p170
3671 10.170 10.170 53672 3 917 10p170
3672 10.180 10.180 53673 0 918 10p180
3673 10.180 10.180 53674 1 918 10p180
3674 10.180 10.180 53675 2 918 10p180
3675 10.180 10.180 53676 3 918 10p180
3676 10.190 10.190 53677 0 919 10p190
3677 10.190 10.190 53678 1 919 10p190
3678 10.190 10.190 53679 2 919 10p190
3679 10.190 10.190 53680 3 919 10p190
3680 10.200 10.200 53681 0 920 10p200
3681 10.200 10.200 53682 1 920 10p200
3682 10.200 10.200 53683 2 920 10p200
3683 10.200 10.200 53684 3 920 10p200
3684 10.210 10.210 53685 0 921 10p210
3685 10.210 10.210 53686 1 921 10p210
3686 10.210 10.210 53687 2 921 10p210
3687 10.210 10.210 53688 3 921 10p210
3688 10.220 10.220 53689 0 922 10p220
3689 10.220 10.220 53690 1 922 10p220
3690 10.220 10.220 53691 2 922 10p220
3691 10.220 10.220 53692 3 922 10p220
3692 10.230 10.230 53693 0 923 10p230
3693 10.230 10.230 53694 1 923 10p230
3694 10.230 10.230 53695 2 923 10p230
3695 10.230 10.230 53696 3 923 10p230
3696 10.240 10.240 53697 0 924 10p240
3697 10.240 10.240 53698 1 924 10p240
3698 10.240 10.240 53699 2 924 10p240
3699 10.240 10.240 53700 3 924 10p240
3700 10.250 10.250 53701 0 925 10p250
3701 10.250 10.250 53702 1 925 10p250
3702 10.250 10.250 53703 2 925 10p250
3703 10.250 10.250 53704 3 925 10p250
3704 10.260 10.260 53705 0 926 10p260
3705 10.260 10.260 53706 1 926 10p260
3706 10.260 10.260 53707 2 926 10p260
3707 10.260 10.260 53708 3 926 10p260
3708 10.270 10.270 53709 0 927 10p270
3709 10.270 10.270 53710 1 927 10p270
3710 10.270 10.270 53711 2 927 10p270
3711 10.270 10.270 53712 3 927 10p270
3712 10.280 10.280 53713 0 928 10p280
3713 10.280 10.280 53714 1 928 10p280
3714 10.280 10.280 53715 2 928 10p280
3715 10.280 10.280 53716 3 928 10p280
3716 10.290 10.290 53717 0 929 10p290
3717 10.290 10.290 53718 1 929 10p290
3718 10.290 10.290 53719 2 929 10p290
3719 10.290 10.290 53720 3 929 10p290
3720 10.300 10.300 53721 0 930 10p300
3721 10.300 10.300 53722 1 930 10p300
3722 10.300 10.300 53723 2 930 10p300
3723 10.300 10.300 53724 3 930 10p300
3724 10.310 10.310 53725 0 931 10p310
3725 10.310 10.310 53726 1 931 10p310
3726 10.310 10.310 53727 2 931 10p310
3727 10.310 10.310 53728 3 931 10p310
3728 10.320 10.320 53729 0 932 10p320
3729 10.320 10.320 53730 1 932 10p320
3730 10.320 10.320 53731 2 932 10p320
3731 10.320 10.320 53732 3 932 10p320
3732 10.330 10.330 53733 0 933 10p330
3733 10.330 10.330 53734 1 933 10p330
3734 10.330 10.330 53735 2 933 10p330
3735 10.330 10.330 53736 3 933 10p330
3736 10.340 10.340 53737 0 934 10p340
3737 10.340 10.340 53738 1 934 10p340
3738 10.340 10.340 53739 2 934 10p340
3739 10.340 10.340 53740 3 934 10p340
3740 10.350 10.350 53741 0 935 10p350
3741 10.350 10.350 53742 1 935 10p350
3742 10.350 10.350 53743 2 935 10p350
3743 10.350 10.350 53744 3 935 10p350
3744 10.360 10.360 53745 0 936 10p360
3745 10.360 10.360 53746 1 936 10p360
3746 10.360 10.360 53747 2 936 10p360
3747 10.360 10.360 53748 3 936 10p360
3748 10.370 10.370 53749 0 937 10p370
3749 10.370 10.370 53750 1 937 10p370
3750 10.370 10.370 53751 2 937 10p370
3751 10.370 10.370 53752 3 937 10p370
3752 10.380 10.380 53753 0 938 10p380
3753 10.380 10.380 53754 1 938 10p380
3754 10.380 10.380 53755 2 938 10p380
3755 10.380 10.380 53756 3 938 10p380
3756 10.390 10.390 53757 0 939 10p390
3757 10.390 10.390 53758 1 939 10p390
3758 10.390 10.390 53759 2 939 10p390
3759 10.390 10.390 53760 3 939 10p390
3760 10.400 10.400 53761 0 940 10p400
3761 10.400 10.400 53762 1 940 10p400
3762 10.400 10.400 53763 2 940 10p400
3763 10.400 10.400 53764 3 940 10p400
3764 10.410 10.410 53765 0 941 10p410
3765 10.410 10.410 53766 1 941 10p410
3766 10.410 10.410 53767 2 941 10p410
3767 10.410 10.410 53768 3 941 10p410
3768 10.420 10.420 53769 0 942 10p420
3769 10.420 10.420 53770 1 942 10p420
3770 10.420 10.420 53771 2 942 10p420
3771 10.420 10.420 53772 3 942 10p420
3772 10.430 10.430 53773 0 943 10p430
3773 10.430 10.430 53774 1 943 10p430
3774 10.430 10.430 53775 2 943 10p430
3775 10.430 10.430 53776 3 943 10p430
3776 10.440 10.440 53777 0 944 10p440
3777 10.440 10.440 53778 1 944 10p440
3778 10.440 10.440 53779 2 944 10p440
3779 10.440 10.440 53780 3 944 10p440
3780 10.450 10.450 53781 0 945 10p450
3781 10.450 10.450 53782 1 945 10p450
3782 10.450 10.450 53783 2 945 10p450
3783 10.450 10.450 53784 3 945 10p450
3784 10.460 10.460 53785 0 946 10p460
3785 10.460 10.460 53786 1 946 10p460
3786 10.460 10.460 53787 2 946 10p460
3787 10.460 10.460 53788 3 946 10p460
3788 10.470 10.470 53789 0 947 10p470
3789 10.470 10.470 53790 1 947 10p470
3790 10.470 10.470 53791 2 947 10p470
3791 10.470 10.470 53792 3 947 10p470
3792 10.480 10.480 53793 0 948 10p480
3793 10.480 10.480 53794 1 948 10p480
3794 10.480 10.480 53795 2 948 10p480
3795 10.480 10.480 53796 3 948 10p480
3796 10.490 10.490 53797 0 949 10p490
3797 10.490 10.490 53798 1 949 10p490
3798 10.490 10.490 53799 2 949 10p490
3799 10.490 10.490 53800 3 949 10p490
3800 10.500 10.500 53801 0 950 10p500
3801 10.500 10.500 53802 1 950 10p500
3802 10.500 10.500 53803 2 950 10p500
3803 10.500 10.500 53804 3 950 10p500
3804 10.510 10.510 53805 0 951 10p510
3805 10.510 10.510 53806 1 951 10p510
3806 10.510 10.510 53807 2 951 10p510
3807 10.510 10.510 53808 3 951 10p510
3808 10.520 10.520 53809 0 952 10p520
3809 10.520 10.520 53810 1 952 10p520
3810 10.520 10.520 53811 2 952 10p520
3811 10.520 10.520 53812 3 952 10p520
3812 10.530 10.530 53813 0 953 10p530
3813 10.530 10.530 53814 1 953 10p530
3814 10.530 10.530 53815 2 953 10p530
3815 10.530 10.530 53816 3 953 10p530
3816 10.540 10.540 53817 0 954 10p540
3817 10.540 10.540 53818 1 954 10p540
3818 10.540 10.540 53819 2 954 10p540
3819 10.540 10.540 53820 3 954 10p540
3820 10.550 10.550 53821 0 955 10p550
3821 10.550 10.550 53822 1 955 10p550
3822 10.550 10.550 53823 2 955 10p550
3823 10.550 10.550 53824 3 955 10p550
3824 10.560 10.560 53825 0 956 10p560
3825 10.560 10.560 53826 1 956 10p560
3826 10.560 10.560 53827 2 956 10p560
3827 10.560 10.560 53828 3 956 10p560
3828 10.570 10.570 53829 0 957 10p570
3829 10.570 10.570 53830 1 957 10p570
3830 10.570 10.570 53831 2 957 10p570
3831 10.570 10.570 53832 3 957 10p570
3832 10.580 10.580 53833 0 958 10p580
3833 10.580 10.580 53834 1 958 10p580
3834 10.580 10.580 53835 2 958 10p580
3835 10.580 10.580 53836 3 958 10p580
3836 10.590 10.590 53837 0 959 10p590
3837 10.590 10.590 53838 1 959 10p590
3838 10.590 10.590 53839 2 959 10p590
3839 10.590 10.590 53840 3 959 10p590
3840 10.600 10.600 53841 0 960 10p600
3841 10.600 10.600 53842 1 960 10p600
3842 10.600 10.600 53843 2 960 10p600
3843 10.600 10.600 53844 3 960 10p600
3844 10.610 10.610 53845 0 961 10p610
3845 10.610 10.610 53846 1 961 10p610
3846 10.610 10.610 53847 2 961 10p610
3847 10.610 10.610 53848 3 961 10p610
3848 10.620 10.620 53849 0 962 10p620
3849 10.620 10.620 53850 1 962 10p620
3850 10.620 10.620 53851 2 962 10p620
3851 10.620 10.620 53852 3 962 10p620
3852 10.630 10.630 53853 0 963 10p630
3853 10.630 10.630 53854 1 963 10p630
3854 10.630 10.630 53855 2 963 10p630
3855 10.630 10.630 53856 3 963 10p630
3856 10.640 10.640 53857 0 964 10p640
3857 10.640 10.640 53858 1 964 10p640
3858 10.640 10.640 53859 2 964 10p640
3859 10.640 10.640 53860 3 964 10p640
3860 10.650 10.650 53861 0 965 10p650
3861 10.650 10.650 53862 1 965 10p650
3862 10.650 10.650 53863 2 965 10p650
3863 10.650 10.650 53864 3 965 10p650
3864 10.660 10.660 53865 0 966 10p660
3865 10.660 10.660 53866 1 966 10p660
3866 10.660 10.660 53867 2 966 10p660
3867 10.660 10.660 53868 3 966 10p660
3868 10.670 10.670 53869 0 967 10p670
3869 10.670 10.670 53870 1 967 10p670
3870 10.670 10.670 53871 2 967 10p670
3871 10.670 10.670 53872 3 967 10p670
3872 10.680 10.680 53873 0 968 10p680
3873 10.680 10.680 53874 1 968 10p680
3874 10.680 10.680 53875 2 968 10p680
3875 10.680 10.680 53876 3 968 10p680
3876 10.690 10.690 53877 0 969 10p690
3877 10.690 10.690 53878 1 969 10p690
3878 10.690 10.690 53879 2 969 10p690
3879 10.690 10.690 53880 3 969 10p690
3880 10.700 10.700 53881 0 970 10p700
3881 10.700 10.700 53882 1 970 10p700
3882 10.700 10.700 53883 2 970 10p700
3883 10.700 10.700 53884 3 970 10p700
3884 10.710 10.710 53885 0 971 10p710
3885 10.710 10.710 53886 1 971 10p710
3886 10.710 10.710 53887 2 971 10p710
3887 10.710 10.710 53888 3 971 10p710
3888 10.720 10.720 53889 0 972 10p720
3889 10.720 10.720 53890 1 972 10p720
3890 10.720 10.720 53891 2 972 10p720
3891 10.720 10.720 53892 3 972 10p720
3892 10.730 10.730 53893 0 973 10p730
3893 10.730 10.730 53894 1 973 10p730
3894 10.730 10.730 53895 2 973 10p730
3895 10.730 10.730 53896 3 973 10p730
3896 10.740 10.740 53897 0 974 10p740
3897 10.740 10.740 53898 1 974 10p740
3898 10.740 10.740 53899 2 974 10p740
3899 10.740 10.740 53900 3 974 10p740
3900 10.750 10.750 53901 0 975 10p750
3901 10.750 10.750 53902 1 975 10p750
3902 10.750 10.750 53903 2 975 10p750
3903 10.750 10.750 53904 3 975 10p750
3904 10.760 10.760 53905 0 976 10p760
3905 10.760 10.760 53906 1 976 10p760
3906 10.760 10.760 53907 2 976 10p760
3907 10.760 10.760 53908 3 976 10p760
3908 10.770 10.770 53909 0 977 10p770
3909 10.770 10.770 53910 1 977 10p770
3910 10.770 10.770 53911 2 977 10p770
3911 10.770 10.770 53912 3 977 10p770
3912 10.780 10.780 53913 0 978 10p780
3913 10.780 10.780 53914 1 978 10p780
3914 10.780 10.780 53915 2 978 10p780
3915 10.780 10.780 53916 3 978 10p780
3916 10.790 10.790 53917 0 979 10p790
3917 10.790 10.790 53918 1 979 10p790
3918 10.790 10.790 53919 2 979 10p790
3919 10.790 10.790 53920 3 979 10p790
3920 10.800 10.800 53921 0 980 10p800
3921 10.800 10.800 53922 1 980 10p800
3922 10.800 10.800 53923 2 980 10p800
3923 10.800 10.800 53924 3 980 10p800
3924 10.810 10.810 53925 0 981 10p810
3925 10.810 10.810 53926 1 981 10p810
3926 10.810 10.810 53927 2 981 10p810
3927 10.810 10.810 53928 3 981 10p810
3928 10.820 10.820 53929 0 982 10p820
3929 10.820 10.820 53930 1 982 10p820
3930 10.820 10.820 53931 2 982 10p820
3931 10.820 10.820 53932 3 982 10p820
3932 10.830 10.830 53933 0 983 10p830
3933 10.830 10.830 53934 1 983 10p830
3934 10.830 10.830 53935 2 983 10p830
3935 10.830 10.830 53936 3 983 10p830
3936 10.840 10.840 53937 0 984 10p840
3937 10.840 10.840 53938 1 984 10p840
3938 10.840 10.840 53939 2 984 10p840
3939 10.840 10.840 53940 3 984 10p840
3940 10.850 10.850 53941 0 985 10p850
3941 10.850 10.850 53942 1 985 10p850
3942 10.850 10.850 53943 2 985 10p850
3943 10.850 10.850 53944 3 985 10p850
3944 10.860 10.860 53945 0 986 10p860
3945 10.860 10.860 53946 1 986 10p860
3946 10.860 10.860 53947 2 986 10p860
3947 10.860 10.860 53948 3 986 10p860
3948 10.870 10.870 53949 0 987 10p870
3949 10.870 10.870 53950 1 987 10p870
3950 10.870 10.870 53951 2 987 10p870
3951 10.870 10.870 53952 3 987 10p870
3952 10.880 10.880 53953 0 988 10p880
3953 10.880 10.880 53954 1 988 10p880
3954 10.880 10.880 53955 2 988 10p880
3955 10.880 10.880 53956 3 988 10p880
3956 10.890 10.890 53957 0 989 10p890
3957 10.890 10.890 53958 1 989 10p890
3958 10.890 10.890 53959 2 989 10p890
3959 10.890 10.890 53960 3 989 10p890
3960 10.900 10.900 53961 0 990 10p900
3961 10.900 10.900 53962 1 990 10p900
3962 10.900 10.900 53963 2 990 10p900
3963 10.900 10.900 53964 3 990 10p900
3964 10.910 10.910 53965 0 991 10p910
3965 10.910 10.910 53966 1 991 10p910
3966 10.910 10.910 53967 2 991 10p910
3967 10.910 10.910 53968 3 991 10p910
3968 10.920 10.920 53969 0 992 10p920
3969 10.920 10.920 53970 1 992 10p920
3970 10.920 10.920 53971 2 992 10p920
3971 10.920 10.920 53972 3 992 10p920
3972 10.930 10.930 53973 0 993 10p930
3973 10.930 10.930 53974 1 993 10p930
3974 10.930 10.930 53975 2 993 10p930
3975 10.930 10.930 53976 3 993 10p930
3976 10.940 10.940 53977 0 994 10p940
3977 10.940 10.940 53978 1 994 10p940
3978 10.940 10.940 53979 2 994 10p940
3979 10.940 10.940 53980 3 994 10p940
3980 10.950 10.950 53981 0 995 10p950
3981 10.950 10.950 53982 1 995 10p950
3982 10.950 10.950 53983 2 995 10p950
3983 10.950 10.950 53984 3 995 10p950
3984 10.960 10.960 53985 0 996 10p960
3985 10.960 10.960 53986 1 996 10p960
3986 10.960 10.960 53987 2 996 10p960
3987 10.960 10.960 53988 3 996 10p960
3988 10.970 10.970 53989 0 997 10p970
3989 10.970 10.970 53990 1 997 10p970
3990 10.970 10.970 53991 2 997 10p970
3991 10.970 10.970 53992 3 997 10p970
3992 10.980 10.980 53993 0 998 10p980
3993 10.980 10.980 53994 1 998 10p980
3994 10.980 10.980 53995 2 998 10p980
3995 10.980 10.980 53996 3 998 10p980
3996 10.990 10.990 53997 0 999 10p990
3997 10.990 10.990 53998 1 999 10p990
3998 10.990 10.990 53999 2 999 10p990
3999 10.990 10.990 54000 3 999 10p990
4000 11.000 11.000 54001 0 1000 11p000
4001 11.000 11.000 54002 1 1000 11p000
4002 11.000 11.000 54003 2 1000 11p000
4003 11.000 11.000 54004 3 1000 11p000
4004 11.010 11.010 54005 0 1001 11p010
4005 11.010 11.010 54006 1 1001 11p010
4006 11.010 11.010 54007 2 1001 11p010
4007 11.010 11.010 54008 3 1001 11p010
4008 11.020 11.020 54009 0 1002 11p020
4009 11.020 11.020 54010 1 1002 11p020
4010 11.020 11.020 54011 2 1002 11p020
4011 11.020 11.020 54012 3 1002 11p020
4012 11.030 11.030 54013 0 1003 11p030
4013 11.030 11.030 54014 1 1003 11p030
4014 11.030 11.030 54015 2 1003 11p030
4015 11.030 11.030 54016 3 1003 11p030
4016 11.040 11.040 54017 0 1004 11p040
4017 11.040 11.040 54018 1 1004 11p040
4018 11.040 11.040 54019 2 1004 11p040
4019 11.040 11.040 54020 3 1004 11p040
4020 11.050 11.050 54021 0 1005 11p050
4021 11.050 11.050 54022 1 1005 11p050
4022 11.050 11.050 54023 2 1005 11p050
4023 11.050 11.050 54024 3 1005 11p050
4024 11.060 11.060 54025 0 1006 11p060
4025 11.060 11.060 54026 1 1006 11p060
4026 11.060 11.060 54027 2 1006 11p060
4027 11.060 11.060 54028 3 1006 11p060
4028 11.070 11.070 54029 0 1007 11p070
4029 11.070 11.070 54030 1 1007 11p070
4030 11.070 11.070 54031 2 1007 11p070
4031 11.070 11.070 54032 3 1007 11p070
4032 11.080 11.080 54033 0 1008 11p080
4033 11.080 11.080 54034 1 1008 11p080
4034 11.080 11.080 54035 2 1008 11p080
4035 11.080 11.080 54036 3 1008 11p080
4036 11.090 11.090 54037 0 1009 11p090
4037 11.090 11.090 54038 1 1009 11p090
4038 11.090 11.090 54039 2 1009 11p090
4039 11.090 11.090 54040 3 1009 11p090
4040 11.100 11.100 54041 0 1010 11p100
4041 11.100 11.100 54042 1 1010 11p100
4042 11.100 11.100 54043 2 1010 11p100
4043 11.100 11.100 54044 3 1010 11p100
4044 11.110 11.110 54045 0 1011 11p110
4045 11.110 11.110 54046 1 1011 11p110
4046 11.110 11.110 54047 2 1011 11p110
4047 11.110 11.110 54048 3 1011 11p110
4048 11.120 11.120 54049 0 1012 11p120
4049 11.120 11.120 54050 1 1012 11p120
4050 11.120 11.120 54051 2 1012 11p120
4051 11.120 11.120 54052 3 1012 11p120
4052 11.130 11.130 54053 0 1013 11p130
4053 11.130 11.130 54054 1 1013 11p130
4054 11.130 11.130 54055 2 1013 11p130
4055 11.130 11.130 54056 3 1013 11p130
4056 11.140 11.140 54057 0 1014 11p140
4057 11.140 11.140 54058 1 1014 11p140
4058 11.140 11.140 54059 2 1014 11p140
4059 11.140 11.140 54060 3 1014 11p140
4060 11.150 11.150 54061 0 1015 11p150
4061 11.150 11.150 54062 1 1015 11p150
4062 11.150 11.150 54063 2 1015 11p150
4063 11.150 11.150 54064 3 1015 11p150
4064 11.160 11.160 54065 0 1016 11p160
4065 11.160 11.160 54066 1 1016 11p160
4066 11.160 11.160 54067 2 1016 11p160
4067 11.160 11.160 54068 3 1016 11p160
4068 11.170 11.170 54069 0 1017 11p170
4069 11.170 11.170 54070 1 1017 11p170
4070 11.170 11.170 54071 2 1017 11p170
4071 11.170 11.170 54072 3 1017 11p170
4072 11.180 11.180 54073 0 1018 11p180
4073 11.180 11.180 54074 1 1018 11p180
4074 11.180 11.180 54075 2 1018 11p180
4075 11.180 11.180 54076 3 1018 11p180
4076 11.190 11.190 54077 0 1019 11p190
4077 11.190 11.190 54078 1 1019 11p190
4078 11.190 11.190 54079 2 1019 11p190
4079 11.190 11.190 54080 3 1019 11p190
4080 11.200 11.200 54081 0 1020 11p200
4081 11.200 11.200 54082 1 1020 11p200
4082 11.200 11.200 54083 2 1020 11p200
4083 11.200 11.200 54084 3 1020 11p200
4084 11.210 11.210 54085 0 1021 11p210
4085 11.210 11.210 54086 1 1021 11p210
4086 11.210 11.210 54087 2 1021 11p210
4087 11.210 11.210 54088 3 1021 11p210
4088 11.220 11.220 54089 0 1022 11p220
4089 11.220 11.220 54090 1 1022 11p220
4090 11.220 11.220 54091 2 1022 11p220
4091 11.220 11.220 54092 3 1022 11p220
4092 11.230 11.230 54093 0 1023 11p230
4093 11.230 11.230 54094 1 1023 11p230
4094 11.230 11.230 54095 2 1023 11p230
4095 11.230 11.230 54096 3 1023 11p230
4096 11.240 11.240 54097 0 1024 11p240
4097 11.240 11.240 54098 1 1024 11p240
4098 11.240 11.240 54099 2 1024 11p240
4099 11.240 11.240 54100 3 1024 11p240
4100 11.250 11.250 54101 0 1025 11p250
4101 11.250 11.250 54102 1 1025 11p250
4102 11.250 11.250 54103 2 1025 11p250
4103 11.250 11.250 54104 3 1025 11p250
4104 11.260 11.260 54105 0 1026 11p260
4105 11.260 11.260 54106 1 1026 11p260
4106 11.260 11.260 54107 2 1026 11p260
4107 11.260 11.260 54108 3 1026 11p260
4108 11.270 11.270 54109 0 1027 11p270
4109 11.270 11.270 54110 1 1027 11p270
4110 11.270 11.270 54111 2 1027 11p270
4111 11.270 11.270 54112 3 1027 11p270
4112 11.280 11.280 54113 0 1028 11p280
4113 11.280 11.280 54114 1 1028 11p280
4114 11.280 11.280 54115 2 1028 11p280
4115 11.280 11.280 54116 3 1028 11p280
4116 11.290 11.290 54117 0 1029 11p290
4117 11.290 11.290 54118 1 1029 11p290
4118 11.290 11.290 54119 2 1029 11p290
4119 11.290 11.290 54120 3 1029 11p290
4120 11.300 11.300 54121 0 1030 11p300
4121 11.300 11.300 54122 1 1030 11p300
4122 11.300 11.300 54123 2 1030 11p300
4123 11.300 11.300 54124 3 1030 11p300
4124 11.310 11.310 54125 0 1031 11p310
4125 11.310 11.310 54126 1 1031 11p310
4126 11.310 11.310 54127 2 1031 11p310
4127 11.310 11.310 54128 3 1031 11p310
4128 11.320 11.320 54129 0 1032 11p320
4129 11.320 11.320 54130 1 1032 11p320
4130 11.320 11.320 54131 2 1032 11p320
4131 11.320 11.320 54132 3 1032 11p320
4132 11.330 11.330 54133 0 1033 11p330
4133 11.330 11.330 54134 1 1033 11p330
4134 11.330 11.330 54135 2 1033 11p330
4135 11.330 11.330 54136 3 1033 11p330
4136 11.340 11.340 54137 0 1034 11p340
4137 11.340 11.340 54138 1 1034 11p340
4138 11.340 11.340 54139 2 1034 11p340
4139 11.340 11.340 54140 3 1034 11p340
4140 11.350 11.350 54141 0 1035 11p350
4141 11.350 11.350 54142 1 1035 11p350
4142 11.350 11.350 54143 2 1035 11p350
4143 11.350 11.350 54144 3 1035 11p350
4144 11.360 11.360 54145 0 1036 11p360
4145 11.360 11.360 54146 1 1036 11p360
4146 11.360 11.360 54147 2 1036 11p360
4147 11.360 11.360 54148 3 1036 11p360
4148 11.370 11.370 54149 0 1037 11p370
4149 11.370 11.370 54150 1 1037 11p370
4150 11.370 11.370 54151 2 1037 11p370
4151 11.370 11.370 54152 3 1037 11p370
4152 11.380 11.380 54153 0 1038 11p380
4153 11.380 11.380 54154 1 1038 11p380
4154 11.380 11.380 54155 2 1038 11p380
4155 11.380 11.380 54156 3 1038 11p380
4156 11.390 11.390 54157 0 1039 11p390
4157 11.390 11.390 54158 1 1039 11p390
4158 11.390 11.390 54159 2 1039 11p390
4159 11.390 11.390 54160 3 1039 11p390
4160 11.400 11.400 54161 0 1040 11p400
4161 11.400 11.400 54162 1 1040 11p400
4162 11.400 11.400 54163 2 1040 11p400
4163 11.400 11.400 54164 3 1040 11p400
4164 11.410 11.410 54165 0 1041 11p410
4165 11.410 11.410 54166 1 1041 11p410
4166 11.410 11.410 54167 2 1041 11p410
4167 11.410 11.410 54168 3 1041 11p410
4168 11.420 11.420 54169 0 1042 11p420
4169 11.420 11.420 54170 1 1042 11p420
4170 11.420 11.420 54171 2 1042 11p420
4171 11.420 11.420 54172 3 1042 11p420
4172 11.430 11.430 54173 0 1043 11p430
4173 11.430 11.430 54174 1 1043 11p430
4174 11.430 11.430 54175 2 1043 11p430
4175 11.430 11.430 54176 3 1043 11p430
4176 11.440 11.440 54177 0 1044 11p440
4177 11.440 11.440 54178 1 1044 11p440
4178 11.440 11.440 54179 2 1044 11p440
4179 11.440 11.440 54180 3 1044 11p440
4180 11.450 11.450 54181 0 1045 11p450
4181 11.450 11.450 54182 1 1045 11p450
4182 11.450 11.450 54183 2 1045 11p450
4183 11.450 11.450 54184 3 1045 11p450
4184 11.460 11.460 54185 0 1046 11p460
4185 11.460 11.460 54186 1 1046 11p460
4186 11.460 11.460 54187 2 1046 11p460
4187 11.460 11.460 54188 3 1046 11p460
4188 11.470 11.470 54189 0 1047 11p470
4189 11.470 11.470 54190 1 1047 11p470
4190 11.470 11.470 54191 2 1047 11p470
4191 11.470 11.470 54192 3 1047 11p470
4192 11.480 11.480 54193 0 1048 11p480
4193 11.480 11.480 54194 1 1048 11p480
4194 11.480 11.480 54195 2 1048 11p480
4195 11.480 11.480 54196 3 1048 11p480
4196 11.490 11.490 54197 0 1049 11p490
4197 11.490 11.490 54198 1 1049 11p490
4198 11.490 11.490 54199 2 1049 11p490
4199 11.490 11.490 54200 3 1049 11p490
4200 11.500 11.500 54201 0 1050 11p500
4201 11.500 11.500 54202 1 1050 11p500
4202 11.500 11.500 54203 2 1050 11p500
4203 11.500 11.500 54204 3 1050 11p500
4204 11.510 11.510 54205 0 1051 11p510
4205 11.510 11.510 54206 1 1051 11p510
4206 11.510 11.510 54207 2 1051 11p510
4207 11.510 11.510 54208 3 1051 11p510
4208 11.520 11.520 54209 0 1052 11p520
4209 11.520 11.520 54210 1 1052 11p520
4210 11.520 11.520 54211 2 1052 11p520
4211 11.520 11.520 54212 3 1052 11p520
4212 11.530 11.530 54213 0 1053 11p530
4213 11.530 11.530 54214 1 1053 11p530
4214 11.530 11.530 54215 2 1053 11p530
4215 11.530 11.530 54216 3 1053 11p530
4216 11.540 11.540 54217 0 1054 11p540
4217 11.540 11.540 54218 1 1054 11p540
4218 11.540 11.540 54219 2 1054 11p540
4219 11.540 11.540 54220 3 1054 11p540
4220 11.550 11.550 54221 0 1055 11p550
4221 11.550 11.550 54222 1 1055 11p550
4222 11.550 11.550 54223 2 1055 11p550
4223 11.550 11.550 54224 3 1055 11p550
4224 11.560 11.560 54225 0 1056 11p560
4225 11.560 11.560 54226 1 1056 11p560
4226 11.560 11.560 54227 2 1056 11p560
4227 11.560 11.560 54228 3 1056 11p560
4228 11.570 11.570 54229 0 1057 11p570
4229 11.570 11.570 54230 1 1057 11p570
4230 11.570 11.570 54231 2 1057 11p570
4231 11.570 11.570 54232 3 1057 11p570
4232 11.580 11.580 54233 0 1058 11p580
4233 11.580 11.580 54234 1 1058 11p580
4234 11.580 11.580 54235 2 1058 11p580
4235 11.580 11.580 54236 3 1058 11p580
4236 11.590 11.590 54237 0 1059 11p590
4237 11.590 11.590 54238 1 1059 11p590
4238 11.590 11.590 54239 2 1059 11p590
4239 11.590 11.590 54240 3 1059 11p590
4240 11.600 11.600 54241 0 1060 11p600
4241 11.600 11.600 54242 1 1060 11p600
4242 11.600 11.600 54243 2 1060 11p600
4243 11.600 11.600 54244 3 1060 11p600
4244 11.610 11.610 54245 0 1061 11p610
4245 11.610 11.610 54246 1 1061 11p610
4246 11.610 11.610 54247 2 1061 11p610
4247 11.610 11.610 54248 3 1061 11p610
4248 11.620 11.620 54249 0 1062 11p620
4249 11.620 11.620 54250 1 1062 11p620
4250 11.620 11.620 54251 2 1062 11p620
4251 11.620 11.620 54252 3 1062 11p620
4252 11.630 11.630 54253 0 1063 11p630
4253 11.630 11.630 54254 1 1063 11p630
4254 11.630 11.630 54255 2 1063 11p630
4255 11.630 11.630 54256 3 1063 11p630
4256 11.640 11.640 54257 0 1064 11p640
4257 11.640 11.640 54258 1 1064 11p640
4258 11.640 11.640 54259 2 1064 11p640
4259 11.640 11.640 54260 3 1064 11p640
4260 11.650 11.650 54261 0 1065 11p650
4261 11.650 11.650 54262 1 1065 11p650
4262 11.650 11.650 54263 2 1065 11p650
4263 11.650 11.650 54264 3 1065 11p650
4264 11.660 11.660 54265 0 1066 11p660
4265 11.660 11.660 54266 1 1066 11p660
4266 11.660 11.660 54267 2 1066 11p660
4267 11.660 11.660 54268 3 1066 11p660
4268 11.670 11.670 54269 0 1067 11p670
4269 11.670 11.670 54270 1 1067 11p670
4270 11.670 11.670 54271 2 1067 11p670
4271 11.670 11.670 54272 3 1067 11p670
4272 11.680 11.680 54273 0 1068 11p680
4273 11.680 11.680 54274 1 1068 11p680
4274 11.680 11.680 54275 2 1068 11p680
4275 11.680 11.680 54276 3 1068 11p680
4276 11.690 11.690 54277 0 1069 11p690
4277 11.690 11.690 54278 1 1069 11p690
4278 11.690 11.690 54279 2 1069 11p690
4279 11.690 11.690 54280 3 1069 11p690
4280 11.700 11.700 54281 0 1070 11p700
4281 11.700 11.700 54282 1 1070 11p700
4282 11.700 11.700 54283 2 1070 11p700
4283 11.700 11.700 54284 3 1070 11p700
4284 11.710 11.710 54285 0 1071 11p710
4285 11.710 11.710 54286 1 1071 11p710
4286 11.710 11.710 54287 2 1071 11p710
4287 11.710 11.710 54288 3 1071 11p710
4288 11.720 11.720 54289 0 1072 11p720
4289 11.720 11.720 54290 1 1072 11p720
4290 11.720 11.720 54291 2 1072 11p720
4291 11.720 11.720 54292 3 1072 11p720
4292 11.730 11.730 54293 0 1073 11p730
4293 11.730 11.730 54294 1 1073 11p730
4294 11.730 11.730 54295 2 1073 11p730
4295 11.730 11.730 54296 3 1073 11p730
4296 11.740 11.740 54297 0 1074 11p740
4297 11.740 11.740 54298 1 1074 11p740
4298 11.740 11.740 54299 2 1074 11p740
4299 11.740 11.740 54300 3 1074 11p740
4300 11.750 11.750 54301 0 1075 11p750
4301 11.750 11.750 54302 1 1075 11p750
4302 11.750 11.750 54303 2 1075 11p750
4303 11.750 11.750 54304 3 1075 11p750
4304 11.760 11.760 54305 0 1076 11p760
4305 11.760 11.760 54306 1 1076 11p760
4306 11.760 11.760 54307 2 1076 11p760
4307 11.760 11.760 54308 3 1076 11p760
4308 11.770 11.770 54309 0 1077 11p770
4309 11.770 11.770 54310 1 1077 11p770
4310 11.770 11.770 54311 2 1077 11p770
4311 11.770 11.770 54312 3 1077 11p770
4312 11.780 11.780 54313 0 1078 11p780
4313 11.780 11.780 54314 1 1078 11p780
4314 11.780 11.780 54315 2 1078 11p780
4315 11.780 11.780 54316 3 1078 11p780
4316 11.790 11.790 54317 0 1079 11p790
4317 11.790 11.790 54318 1 1079 11p790
4318 11.790 11.790 54319 2 1079 11p790
4319 11.790 11.790 54320 3 1079 11p790
4320 11.800 11.800 54321 0 1080 11p800
4321 11.800 11.800 54322 1 1080 11p800
4322 11.800 11.800 54323 2 1080 11p800
4323 11.800 11.800 54324 3 1080 11p800
4324 11.810 11.810 54325 0 1081 11p810
4325 11.810 11.810 54326 1 1081 11p810
4326 11.810 11.810 54327 2 1081 11p810
4327 11.810 11.810 54328 3 1081 11p810
4328 11.820 11.820 54329 0 1082 11p820
4329 11.820 11.820 54330 1 1082 11p820
4330 11.820 11.820 54331 2 1082 11p820
4331 11.820 11.820 54332 3 1082 11p820
4332 11.830 11.830 54333 0 1083 11p830
4333 11.830 11.830 54334 1 1083 11p830
4334 11.830 11.830 54335 2 1083 11p830
4335 11.830 11.830 54336 3 1083 11p830
4336 11.840 11.840 54337 0 1084 11p840
4337 11.840 11.840 54338 1 1084 11p840
4338 11.840 11.840 54339 2 1084 11p840
4339 11.840 11.840 54340 3 1084 11p840
4340 11.850 11.850 54341 0 1085 11p850
4341 11.850 11.850 54342 1 1085 11p850
4342 11.850 11.850 54343 2 1085 11p850
4343 11.850 11.850 54344 3 1085 11p850
4344 11.860 11.860 54345 0 1086 11p860
4345 11.860 11.860 54346 1 1086 11p860
4346 11.860 11.860 54347 2 1086 11p860
4347 11.860 11.860 54348 3 1086 11p860
4348 11.870 11.870 54349 0 1087 11p870
4349 11.870 11.870 54350 1 1087 11p870
4350 11.870 11.870 54351 2 1087 11p870
4351 11.870 11.870 54352 3 1087 11p870
4352 11.880 11.880 54353 0 1088 11p880
4353 11.880 11.880 54354 1 1088 11p880
4354 11.880 11.880 54355 2 1088 11p880
4355 11.880 11.880 54356 3 1088 11p880
4356 11.890 11.890 54357 0 1089 11p890
4357 11.890 11.890 54358 1 1089 11p890
4358 11.890 11.890 54359 2 1089 11p890
4359 11.890 11.890 54360 3 1089 11p890
4360 11.900 11.900 54361 0 1090 11p900
4361 11.900 11.900 54362 1 1090 11p900
4362 11.900 11.900 54363 2 1090 11p900
4363 11.900 11.900 54364 3 1090 11p900
4364 11.910 11.910 54365 0 1091 11p910
4365 11.910 11.910 54366 1 1091 11p910
4366 11.910 11.910 54367 2 1091 11p910
4367 11.910 11.910 54368 3 1091 11p910
4368 11.920 11.920 54369 0 1092 11p920
4369 11.920 11.920 54370 1 1092 11p920
4370 11.920 11.920 54371 2 1092 11p920
4371 11.920 11.920 54372 3 1092 11p920
4372 11.930 11.930 54373 0 1093 11p930
4373 11.930 11.930 54374 1 1093 11p930
4374 11.930 11.930 54375 2 1093 11p930
4375 11.930 11.930 54376 3 1093 11p930
4376 11.940 11.940 54377 0 1094 11p940
4377 11.940 11.940 54378 1 1094 11p940
4378 11.940 11.940 54379 2 1094 11p940
4379 11.940 11.940 54380 3 1094 11p940
4380 11.950 11.950 54381 0 1095 11p950
4381 11.950 11.950 54382 1 1095 11p950
4382 11.950 11.950 54383 2 1095 11p950
4383 11.950 11.950 54384 3 1095 11p950
4384 11.960 11.960 54385 0 1096 11p960
4385 11.960 11.960 54386 1 1096 11p960
4386 11.960 11.960 54387 2 1096 11p960
4387 11.960 11.960 54388 3 1096 11p960
4388 11.970 11.970 54389 0 1097 11p970
4389 11.970 11.970 54390 1 1097 11p970
4390 11.970 11.970 54391 2 1097 11p970
4391 11.970 11.970 54392 3 1097 11p970
4392 11.980 11.980 54393 0 1098 11p980
4393 11.980 11.980 54394 1 1098 11p980
4394 11.980 11.980 54395 2 1098 11p980
4395 11.980 11.980 54396 3 1098 11p980
4396 11.990 11.990 54397 0 1099 11p990
4397 11.990 11.990 54398 1 1099 11p990
4398 11.990 11.990 54399 2 1099 11p990
4399 11.990 11.990 54400 3 1099 11p990
4400 12.000 12.000 54401 0 1100 12p000
4401 12.000 12.000 54402 1 1100 12p000
4402 12.000 12.000 54403 2 1100 12p000
4403 12.000 12.000 54404 3 1100 12p000
4404 12.010 12.010 54405 0 1101 12p010
4405 12.010 12.010 54406 1 1101 12p010
4406 12.010 12.010 54407 2 1101 12p010
4407 12.010 12.010 54408 3 1101 12p010
4408 12.020 12.020 54409 0 1102 12p020
4409 12.020 12.020 54410 1 1102 12p020
4410 12.020 12.020 54411 2 1102 12p020
4411 12.020 12.020 54412 3 1102 12p020
4412 12.030 12.030 54413 0 1103 12p030
4413 12.030 12.030 54414 1 1103 12p030
4414 12.030 12.030 54415 2 1103 12p030
4415 12.030 12.030 54416 3 1103 12p030
4416 12.040 12.040 54417 0 1104 12p040
4417 12.040 12.040 54418 1 1104 12p040
4418 12.040 12.040 54419 2 1104 12p040
4419 12.040 12.040 54420 3 1104 12p040
4420 12.050 12.050 54421 0 1105 12p050
4421 12.050 12.050 54422 1 1105 12p050
4422 12.050 12.050 54423 2 1105 12p050
4423 12.050 12.050 54424 3 1105 12p050
4424 12.060 12.060 54425 0 1106 12p060
4425 12.060 12.060 54426 1 1106 12p060
4426 12.060 12.060 54427 2 1106 12p060
4427 12.060 12.060 54428 3 1106 12p060
4428 12.070 12.070 54429 0 1107 12p070
4429 12.070 12.070 54430 1 1107 12p070
4430 12.070 12.070 54431 2 1107 12p070
4431 12.070 12.070 54432 3 1107 12p070
4432 12.080 12.080 54433 0 1108 12p080
4433 12.080 12.080 54434 1 1108 12p080
4434 12.080 12.080 54435 2 1108 12p080
4435 12.080 12.080 54436 3 1108 12p080
4436 12.090 12.090 54437 0 1109 12p090
4437 12.090 12.090 54438 1 1109 12p090
4438 12.090 12.090 54439 2 1109 12p090
4439 12.090 12.090 54440 3 1109 12p090
4440 12.100 12.100 54441 0 1110 12p100
4441 12.100 12.100 54442 1 1110 12p100
4442 12.100 12.100 54443 2 1110 12p100
4443 12.100 12.100 54444 3 1110 12p100
4444 12.110 12.110 54445 0 1111 12p110
4445 12.110 12.110 54446 1 1111 12p110
4446 12.110 12.110 54447 2 1111 12p110
4447 12.110 12.110 54448 3 1111 12p110
4448 12.120 12.120 54449 0 1112 12p120
4449 12.120 12.120 54450 1 1112 12p120
4450 12.120 12.120 54451 2 1112 12p120
4451 12.120 12.120 54452 3 1112 12p120
4452 12.130 12.130 54453 0 1113 12p130
4453 12.130 12.130 54454 1 1113 12p130
4454 12.130 12.130 54455 2 1113 12p130
4455 12.130 12.130 54456 3 1113 12p130
4456 12.140 12.140 54457 0 1114 12p140
4457 12.140 12.140 54458 1 1114 12p140
4458 12.140 12.140 54459 2 1114 12p140
4459 12.140 12.140 54460 3 1114 12p140
4460 12.150 12.150 54461 0 1115 12p150
4461 12.150 12.150 54462 1 1115 12p150
4462 12.150 12.150 54463 2 1115 12p150
4463 12.150 12.150 54464 3 1115 12p150
4464 12.160 12.160 54465 0 1116 12p160
4465 12.160 12.160 54466 1 1116 12p160
4466 12.160 12.160 54467 2 1116 12p160
4467 12.160 12.160 54468 3 1116 12p160
4468 12.170 12.170 54469 0 1117 12p170
4469 12.170 12.170 54470 1 1117 12p170
4470 12.170 12.170 54471 2 1117 12p170
4471 12.170 12.170 54472 3 1117 12p170
4472 12.180 12.180 54473 0 1118 12p180
4473 12.180 12.180 54474 1 1118 12p180
4474 12.180 12.180 54475 2 1118 12p180
4475 12.180 12.180 54476 3 1118 12p180
4476 12.190 12.190 54477 0 1119 12p190
4477 12.190 12.190 54478 1 1119 12p190
4478 12.190 12.190 54479 2 1119 12p190
4479 12.190 12.190 54480 3 1119 12p190
4480 12.200 12.200 54481 0 1120 12p200
4481 12.200 12.200 54482 1 1120 12p200
4482 12.200 12.200 54483 2 1120 12p200
4483 12.200 12.200 54484 3 1120 12p200
4484 12.210 12.210 54485 0 1121 12p210
4485 12.210 12.210 54486 1 1121 12p210
4486 12.210 12.210 54487 2 1121 12p210
4487 12.210 12.210 54488 3 1121 12p210
4488 12.220 12.220 54489 0 1122 12p220
4489 12.220 12.220 54490 1 1122 12p220
4490 12.220 12.220 54491 2 1122 12p220
4491 12.220 12.220 54492 3 1122 12p220
4492 12.230 12.230 54493 0 1123 12p230
4493 12.230 12.230 54494 1 1123 12p230
4494 12.230 12.230 54495 2 1123 12p230
4495 12.230 12.230 54496 3 1123 12p230
4496 12.240 12.240 54497 0 1124 12p240
4497 12.240 12.240 54498 1 1124 12p240
4498 12.240 12.240 54499 2 1124 12p240
4499 12.240 12.240 54500 3 1124 12p240
4500 12.250 12.250 54501 0 1125 12p250
4501 12.250 12.250 54502 1 1125 12p250
4502 12.250 12.250 54503 2 1125 12p250
4503 12.250 12.250 54504 3 1125 12p250
4504 12.260 12.260 54505 0 1126 12p260
4505 12.260 12.260 54506 1 1126 12p260
4506 12.260 12.260 54507 2 1126 12p260
4507 12.260 12.260 54508 3 1126 12p260
4508 12.270 12.270 54509 0 1127 12p270
4509 12.270 12.270 54510 1 1127 12p270
4510 12.270 12.270 54511 2 1127 12p270
4511 12.270 12.270 54512 3 1127 12p270
4512 12.280 12.280 54513 0 1128 12p280
4513 12.280 12.280 54514 1 1128 12p280
4514 12.280 12.280 54515 2 1128 12p280
4515 12.280 12.280 54516 3 1128 12p280
4516 12.290 12.290 54517 0 1129 12p290
4517 12.290 12.290 54518 1 1129 12p290
4518 12.290 12.290 54519 2 1129 12p290
4519 12.290 12.290 54520 3 1129 12p290
4520 12.300 12.300 54521 0 1130 12p300
4521 12.300 12.300 54522 1 1130 12p300
4522 12.300 12.300 54523 2 1130 12p300
4523 12.300 12.300 54524 3 1130 12p300
4524 12.310 12.310 54525 0 1131 12p310
4525 12.310 12.310 54526 1 1131 12p310
4526 12.310 12.310 54527 2 1131 12p310
4527 12.310 12.310 54528 3 1131 12p310
4528 12.320 12.320 54529 0 1132 12p320
4529 12.320 12.320 54530 1 1132 12p320
4530 12.320 12.320 54531 2 1132 12p320
4531 12.320 12.320 54532 3 1132 12p320
4532 12.330 12.330 54533 0 1133 12p330
4533 12.330 12.330 54534 1 1133 12p330
4534 12.330 12.330 54535 2 1133 12p330
4535 12.330 12.330 54536 3 1133 12p330
4536 12.340 12.340 54537 0 1134 12p340
4537 12.340 12.340 54538 1 1134 12p340
4538 12.340 12.340 54539 2 1134 12p340
4539 12.340 12.340 54540 3 1134 12p340
4540 12.350 12.350 54541 0 1135 12p350
4541 12.350 12.350 54542 1 1135 12p350
4542 12.350 12.350 54543 2 1135 12p350
4543 12.350 12.350 54544 3 1135 12p350
4544 12.360 12.360 54545 0 1136 12p360
4545 12.360 12.360 54546 1 1136 12p360
4546 12.360 12.360 54547 2 1136 12p360
4547 12.360 12.360 54548 3 1136 12p360
4548 12.370 12.370 54549 0 1137 12p370
4549 12.370 12.370 54550 1 1137 12p370
4550 12.370 12.370 54551 2 1137 12p370
4551 12.370 12.370 54552 3 1137 12p370
4552 12.380 12.380 54553 0 1138 12p380
4553 12.380 12.380 54554 1 1138 12p380
4554 12.380 12.380 54555 2 1138 12p380
4555 12.380 12.380 54556 3 1138 12p380
4556 12.390 12.390 54557 0 1139 12p390
4557 12.390 12.390 54558 1 1139 12p390
4558 12.390 12.390 54559 2 1139 12p390
4559 12.390 12.390 54560 3 1139 12p390
4560 12.400 12.400 54561 0 1140 12p400
4561 12.400 12.400 54562 1 1140 12p400
4562 12.400 12.400 54563 2 1140 12p400
4563 12.400 12.400 54564 3 1140 12p400
4564 12.410 12.410 54565 0 1141 12p410
4565 12.410 12.410 54566 1 1141 12p410
4566 12.410 12.410 54567 2 1141 12p410
4567 12.410 12.410 54568 3 1141 12p410
4568 12.420 12.420 54569 0 1142 12p420
4569 12.420 12.420 54570 1 1142 12p420
4570 12.420 12.420 54571 2 1142 12p420
4571 12.420 12.420 54572 3 1142 12p420
4572 12.430 12.430 54573 0 1143 12p430
4573 12.430 12.430 54574 1 1143 12p430
4574 12.430 12.430 54575 2 1143 12p430
4575 12.430 12.430 54576 3 1143 12p430
4576 12.440 12.440 54577 0 1144 12p440
4577 12.440 12.440 54578 1 1144 12p440
4578 12.440 12.440 54579 2 1144 12p440
4579 12.440 12.440 54580 3 1144 12p440
4580 12.450 12.450 54581 0 1145 12p450
4581 12.450 12.450 54582 1 1145 12p450
4582 12.450 12.450 54583 2 1145 12p450
4583 12.450 12.450 54584 3 1145 12p450
4584 12.460 12.460 54585 0 1146 12p460
4585 12.460 12.460 54586 1 1146 12p460
4586 12.460 12.460 54587 2 1146 12p460
4587 12.460 12.460 54588 3 1146 12p460
4588 12.470 12.470 54589 0 1147 12p470
4589 12.470 12.470 54590 1 1147 12p470
4590 12.470 12.470 54591 2 1147 12p470
4591 12.470 12.470 54592 3 1147 12p470
4592 12.480 12.480 54593 0 1148 12p480
4593 12.480 12.480 54594 1 1148 12p480
4594 12.480 12.480 54595 2 1148 12p480
4595 12.480 12.480 54596 3 1148 12p480
4596 12.490 12.490 54597 0 1149 12p490
4597 12.490 12.490 54598 1 1149 12p490
4598 12.490 12.490 54599 2 1149 12p490
4599 12.490 12.490 54600 3 1149 12p490
4600 12.500 12.500 54601 0 1150 12p500
4601 12.500 12.500 54602 1 1150 12p500
4602 12.500 12.500 54603 2 1150 12p500
4603 12.500 12.500 54604 3 1150 12p500
4604 12.510 12.510 54605 0 1151 12p510
4605 12.510 12.510 54606 1 1151 12p510
4606 12.510 12.510 54607 2 1151 12p510
4607 12.510 12.510 54608 3 1151 12p510
4608 12.520 12.520 54609 0 1152 12p520
4609 12.520 12.520 54610 1 1152 12p520
4610 12.520 12.520 54611 2 1152 12p520
4611 12.520 12.520 54612 3 1152 12p520
4612 12.530 12.530 54613 0 1153 12p530
4613 12.530 12.530 54614 1 1153 12p530
4614 12.530 12.530 54615 2 1153 12p530
4615 12.530 12.530 54616 3 1153 12p530
4616 12.540 12.540 54617 0 1154 12p540
4617 12.540 12.540 54618 1 1154 12p540
4618 12.540 12.540 54619 2 1154 12p540
4619 12.540 12.540 54620 3 1154 12p540
4620 12.550 12.550 54621 0 1155 12p550
4621 12.550 12.550 54622 1 1155 12p550
4622 12.550 12.550 54623 2 1155 12p550
4623 12.550 12.550 54624 3 1155 12p550
4624 12.560 12.560 54625 0 1156 12p560
4625 12.560 12.560 54626 1 1156 12p560
4626 12.560 12.560 54627 2 1156 12p560
4627 12.560 12.560 54628 3 1156 12p560
4628 12.570 12.570 54629 0 1157 12p570
4629 12.570 12.570 54630 1 1157 12p570
4630 12.570 12.570 54631 2 1157 12p570
4631 12.570 12.570 54632 3 1157 12p570
4632 12.580 12.580 54633 0 1158 12p580
4633 12.580 12.580 54634 1 1158 12p580
4634 12.580 12.580 54635 2 1158 12p580
4635 12.580 12.580 54636 3 1158 12p580
4636 12.590 12.590 54637 0 1159 12p590
4637 12.590 12.590 54638 1 1159 12p590
4638 12.590 12.590 54639 2 1159 12p590
4639 12.590 12.590 54640 3 1159 12p590
4640 12.600 12.600 54641 0 1160 12p600
4641 12.600 12.600 54642 1 1160 12p600
4642 12.600 12.600 54643 2 1160 12p600
4643 12.600 12.600 54644 3 1160 12p600
4644 12.610 12.610 54645 0 1161 12p610
4645 12.610 12.610 54646 1 1161 12p610
4646 12.610 12.610 54647 2 1161 12p610
4647 12.610 12.610 54648 3 1161 12p610
4648 12.620 12.620 54649 0 1162 12p620
4649 12.620 12.620 54650 1 1162 12p620
4650 12.620 12.620 54651 2 1162 12p620
4651 12.620 12.620 54652 3 1162 12p620
4652 12.630 12.630 54653 0 1163 12p630
4653 12.630 12.630 54654 1 1163 12p630
4654 12.630 12.630 54655 2 1163 12p630
4655 12.630 12.630 54656 3 1163 12p630
4656 12.640 12.640 54657 0 1164 12p640
4657 12.640 12.640 54658 1 1164 12p640
4658 12.640 12.640 54659 2 1164 12p640
4659 12.640 12.640 54660 3 1164 12p640
4660 12.650 12.650 54661 0 1165 12p650
4661 12.650 12.650 54662 1 1165 12p650
4662 12.650 12.650 54663 2 1165 12p650
4663 12.650 12.650 54664 3 1165 12p650
4664 12.660 12.660 54665 0 1166 12p660
4665 12.660 12.660 54666 1 1166 12p660
4666 12.660 12.660 54667 2 1166 12p660
4667 12.660 12.660 54668 3 1166 12p660
4668 12.670 12.670 54669 0 1167 12p670
4669 12.670 12.670 54670 1 1167 12p670
4670 12.670 12.670 54671 2 1167 12p670
4671 12.670 12.670 54672 3 1167 12p670
4672 12.680 12.680 54673 0 1168 12p680
4673 12.680 12.680 54674 1 1168 12p680
4674 12.680 12.680 54675 2 1168 12p680
4675 12.680 12.680 54676 3 1168 12p680
4676 12.690 12.690 54677 0 1169 12p690
4677 12.690 12.690 54678 1 1169 12p690
4678 12.690 12.690 54679 2 1169 12p690
4679 12.690 12.690 54680 3 1169 12p690
4680 12.700 12.700 54681 0 1170 12p700
4681 12.700 12.700 54682 1 1170 12p700
4682 12.700 12.700 54683 2 1170 12p700
4683 12.700 12.700 54684 3 1170 12p700
4684 12.710 12.710 54685 0 1171 12p710
4685 12.710 12.710 54686 1 1171 12p710
4686 12.710 12.710 54687 2 1171 12p710
4687 12.710 12.710 54688 3 1171 12p710
4688 12.720 12.720 54689 0 1172 12p720
4689 12.720 12.720 54690 1 1172 12p720
4690 12.720 12.720 54691 2 1172 12p720
4691 12.720 12.720 54692 3 1172 12p720
4692 12.730 12.730 54693 0 1173 12p730
4693 12.730 12.730 54694 1 1173 12p730
4694 12.730 12.730 54695 2 1173 12p730
4695 12.730 12.730 54696 3 1173 12p730
4696 12.740 12.740 54697 0 1174 12p740
4697 12.740 12.740 54698 1 1174 12p740
4698 12.740 12.740 54699 2 1174 12p740
4699 12.740 12.740 54700 3 1174 12p740
4700 12.750 12.750 54701 0 1175 12p750
4701 12.750 12.750 54702 1 1175 12p750
4702 12.750 12.750 54703 2 1175 12p750
4703 12.750 12.750 54704 3 1175 12p750
4704 12.760 12.760 54705 0 1176 12p760
4705 12.760 12.760 54706 1 1176 12p760
4706 12.760 12.760 54707 2 1176 12p760
4707 12.760 12.760 54708 3 1176 12p760
4708 12.770 12.770 54709 0 1177 12p770
4709 12.770 12.770 54710 1 1177 12p770
4710 12.770 12.770 54711 2 1177 12p770
4711 12.770 12.770 54712 3 1177 12p770
4712 12.780 12.780 54713 0 1178 12p780
4713 12.780 12.780 54714 1 1178 12p780
4714 12.780 12.780 54715 2 1178 12p780
4715 12.780 12.780 54716 3 1178 12p780
4716 12.790 12.790 54717 0 1179 12p790
4717 12.790 12.790 54718 1 1179 12p790
4718 12.790 12.790 54719 2 1179 12p790
4719 12.790 12.790 54720 3 1179 12p790
4720 12.800 12.800 54721 0 1180 12p800
4721 12.800 12.800 54722 1 1180 12p800
4722 12.800 12.800 54723 2 1180 12p800
4723 12.800 12.800 54724 3 1180 12p800
4724 12.810 12.810 54725 0 1181 12p810
4725 12.810 12.810 54726 1 1181 12p810
4726 12.810 12.810 54727 2 1181 12p810
4727 12.810 12.810 54728 3 1181 12p810
4728 12.820 12.820 54729 0 1182 12p820
4729 12.820 12.820 54730 1 1182 12p820
4730 12.820 12.820 54731 2 1182 12p820
4731 12.820 12.820 54732 3 1182 12p820
4732 12.830 12.830 54733 0 1183 12p830
4733 12.830 12.830 54734 1 1183 12p830
4734 12.830 12.830 54735 2 1183 12p830
4735 12.830 12.830 54736 3 1183 12p830
4736 12.840 12.840 54737 0 1184 12p840
4737 12.840 12.840 54738 1 1184 12p840
4738 12.840 12.840 54739 2 1184 12p840
4739 12.840 12.840 54740 3 1184 12p840
4740 12.850 12.850 54741 0 1185 12p850
4741 12.850 12.850 54742 1 1185 12p850
4742 12.850 12.850 54743 2 1185 12p850
4743 12.850 12.850 54744 3 1185 12p850
4744 12.860 12.860 54745 0 1186 12p860
4745 12.860 12.860 54746 1 1186 12p860
4746 12.860 12.860 54747 2 1186 12p860
4747 12.860 12.860 54748 3 1186 12p860
4748 12.870 12.870 54749 0 1187 12p870
4749 12.870 12.870 54750 1 1187 12p870
4750 12.870 12.870 54751 2 1187 12p870
4751 12.870 12.870 54752 3 1187 12p870
4752 12.880 12.880 54753 0 1188 12p880
4753 12.880 12.880 54754 1 1188 12p880
4754 12.880 12.880 54755 2 1188 12p880
4755 12.880 12.880 54756 3 1188 12p880
4756 12.890 12.890 54757 0 1189 12p890
4757 12.890 12.890 54758 1 1189 12p890
4758 12.890 12.890 54759 2 1189 12p890
4759 12.890 12.890 54760 3 1189 12p890
4760 12.900 12.900 54761 0 1190 12p900
4761 12.900 12.900 54762 1 1190 12p900
4762 12.900 12.900 54763 2 1190 12p900
4763 12.900 12.900 54764 3 1190 12p900
4764 12.910 12.910 54765 0 1191 12p910
4765 12.910 12.910 54766 1 1191 12p910
4766 12.910 12.910 54767 2 1191 12p910
4767 12.910 12.910 54768 3 1191 12p910
4768 12.920 12.920 54769 0 1192 12p920
4769 12.920 12.920 54770 1 1192 12p920
4770 12.920 12.920 54771 2 1192 12p920
4771 12.920 12.920 54772 3 1192 12p920
4772 12.930 12.930 54773 0 1193 12p930
4773 12.930 12.930 54774 1 1193 12p930
4774 12.930 12.930 54775 2 1193 12p930
4775 12.930 12.930 54776 3 1193 12p930
4776 12.940 12.940 54777 0 1194 12p940
4777 12.940 12.940 54778 1 1194 12p940
4778 12.940 12.940 54779 2 1194 12p940
4779 12.940 12.940 54780 3 1194 12p940
4780 12.950 12.950 54781 0 1195 12p950
4781 12.950 12.950 54782 1 1195 12p950
4782 12.950 12.950 54783 2 1195 12p950
4783 12.950 12.950 54784 3 1195 12p950
4784 12.960 12.960 54785 0 1196 12p960
4785 12.960 12.960 54786 1 1196 12p960
4786 12.960 12.960 54787 2 1196 12p960
4787 12.960 12.960 54788 3 1196 12p960
4788 12.970 12.970 54789 0 1197 12p970
4789 12.970 12.970 54790 1 1197 12p970
4790 12.970 12.970 54791 2 1197 12p970
4791 12.970 12.970 54792 3 1197 12p970
4792 12.980 12.980 54793 0 1198 12p980
4793 12.980 12.980 54794 1 1198 12p980
4794 12.980 12.980 54795 2 1198 12p980
4795 12.980 12.980 54796 3 1198 12p980
4796 12.990 12.990 54797 0 1199 12p990
4797 12.990 12.990 54798 1 1199 12p990
4798 12.990 12.990 54799 2 1199 12p990
4799 12.990 12.990 54800 3 1199 12p990
4800 13.000 13.000 54801 0 1200 13p000
4801 13.000 13.000 54802 1 1200 13p000
4802 13.000 13.000 54803 2 1200 13p000
4803 13.000 13.000 54804 3 1200 13p000
4804 13.010 13.010 54805 0 1201 13p010
4805 13.010 13.010 54806 1 1201 13p010
4806 13.010 13.010 54807 2 1201 13p010
4807 13.010 13.010 54808 3 1201 13p010
4808 13.020 13.020 54809 0 1202 13p020
4809 13.020 13.020 54810 1 1202 13p020
4810 13.020 13.020 54811 2 1202 13p020
4811 13.020 13.020 54812 3 1202 13p020
4812 13.030 13.030 54813 0 1203 13p030
4813 13.030 13.030 54814 1 1203 13p030
4814 13.030 13.030 54815 2 1203 13p030
4815 13.030 13.030 54816 3 1203 13p030
4816 13.040 13.040 54817 0 1204 13p040
4817 13.040 13.040 54818 1 1204 13p040
4818 13.040 13.040 54819 2 1204 13p040
4819 13.040 13.040 54820 3 1204 13p040
4820 13.050 13.050 54821 0 1205 13p050
4821 13.050 13.050 54822 1 1205 13p050
4822 13.050 13.050 54823 2 1205 13p050
4823 13.050 13.050 54824 3 1205 13p050
4824 13.060 13.060 54825 0 1206 13p060
4825 13.060 13.060 54826 1 1206 13p060
4826 13.060 13.060 54827 2 1206 13p060
4827 13.060 13.060 54828 3 1206 13p060
4828 13.070 13.070 54829 0 1207 13p070
4829 13.070 13.070 54830 1 1207 13p070
4830 13.070 13.070 54831 2 1207 13p070
4831 13.070 13.070 54832 3 1207 13p070
4832 13.080 13.080 54833 0 1208 13p080
4833 13.080 13.080 54834 1 1208 13p080
4834 13.080 13.080 54835 2 1208 13p080
4835 13.080 13.080 54836 3 1208 13p080
4836 13.090 13.090 54837 0 1209 13p090
4837 13.090 13.090 54838 1 1209 13p090
4838 13.090 13.090 54839 2 1209 13p090
4839 13.090 13.090 54840 3 1209 13p090
4840 13.100 13.100 54841 0 1210 13p100
4841 13.100 13.100 54842 1 1210 13p100
4842 13.100 13.100 54843 2 1210 13p100
4843 13.100 13.100 54844 3 1210 13p100
4844 13.110 13.110 54845 0 1211 13p110
4845 13.110 13.110 54846 1 1211 13p110
4846 13.110 13.110 54847 2 1211 13p110
4847 13.110 13.110 54848 3 1211 13p110
4848 13.120 13.120 54849 0 1212 13p120
4849 13.120 13.120 54850 1 1212 13p120
4850 13.120 13.120 54851 2 1212 13p120
4851 13.120 13.120 54852 3 1212 13p120
4852 13.130 13.130 54853 0 1213 13p130
4853 13.130 13.130 54854 1 1213 13p130
4854 13.130 13.130 54855 2 1213 13p130
4855 13.130 13.130 54856 3 1213 13p130
4856 13.140 13.140 54857 0 1214 13p140
4857 13.140 13.140 54858 1 1214 13p140
4858 13.140 13.140 54859 2 1214 13p140
4859 13.140 13.140 54860 3 1214 13p140
4860 13.150 13.150 54861 0 1215 13p150
4861 13.150 13.150 54862 1 1215 13p150
4862 13.150 13.150 54863 2 1215 13p150
4863 13.150 13.150 54864 3 1215 13p150
4864 13.160 13.160 54865 0 1216 13p160
4865 13.160 13.160 54866 1 1216 13p160
4866 13.160 13.160 54867 2 1216 13p160
4867 13.160 13.160 54868 3 1216 13p160
4868 13.170 13.170 54869 0 1217 13p170
4869 13.170 13.170 54870 1 1217 13p170
4870 13.170 13.170 54871 2 1217 13p170
4871 13.170 13.170 54872 3 1217 13p170
4872 13.180 13.180 54873 0 1218 13p180
4873 13.180 13.180 54874 1 1218 13p180
4874 13.180 13.180 54875 2 1218 13p180
4875 13.180 13.180 54876 3 1218 13p180
4876 13.190 13.190 54877 0 1219 13p190
4877 13.190 13.190 54878 1 1219 13p190
4878 13.190 13.190 54879 2 1219 13p190
4879 13.190 13.190 54880 3 1219 13p190
4880 13.200 13.200 54881 0 1220 13p200
4881 13.200 13.200 54882 1 1220 13p200
4882 13.200 13.200 54883 2 1220 13p200
4883 13.200 13.200 54884 3 1220 13p200
4884 13.210 13.210 54885 0 1221 13p210
4885 13.210 13.210 54886 1 1221 13p210
4886 13.210 13.210 54887 2 1221 13p210
4887 13.210 13.210 54888 3 1221 13p210
4888 13.220 13.220 54889 0 1222 13p220
4889 13.220 13.220 54890 1 1222 13p220
4890 13.220 13.220 54891 2 1222 13p220
4891 13.220 13.220 54892 3 1222 13p220
4892 13.230 13.230 54893 0 1223 13p230
4893 13.230 13.230 54894 1 1223 13p230
4894 13.230 13.230 54895 2 1223 13p230
4895 13.230 13.230 54896 3 1223 13p230
4896 13.240 13.240 54897 0 1224 13p240
4897 13.240 13.240 54898 1 1224 13p240
4898 13.240 13.240 54899 2 1224 13p240
4899 13.240 13.240 54900 3 1224 13p240
4900 13.250 13.250 54901 0 1225 13p250
4901 13.250 13.250 54902 1 1225 13p250
4902 13.250 13.250 54903 2 1225 13p250
4903 13.250 13.250 54904 3 1225 13p250
4904 13.260 13.260 54905 0 1226 13p260
4905 13.260 13.260 54906 1 1226 13p260
4906 13.260 13.260 54907 2 1226 13p260
4907 13.260 13.260 54908 3 1226 13p260
4908 13.270 13.270 54909 0 1227 13p270
4909 13.270 13.270 54910 1 1227 13p270
4910 13.270 13.270 54911 2 1227 13p270
4911 13.270 13.270 54912 3 1227 13p270
4912 13.280 13.280 54913 0 1228 13p280
4913 13.280 13.280 54914 1 1228 13p280
4914 13.280 13.280 54915 2 1228 13p280
4915 13.280 13.280 54916 3 1228 13p280
4916 13.290 13.290 54917 0 1229 13p290
4917 13.290 13.290 54918 1 1229 13p290
4918 13.290 13.290 54919 2 1229 13p290
4919 13.290 13.290 54920 3 1229 13p290
4920 13.300 13.300 54921 0 1230 13p300
4921 13.300 13.300 54922 1 1230 13p300
4922 13.300 13.300 54923 2 1230 13p300
4923 13.300 13.300 54924 3 1230 13p300
4924 13.310 13.310 54925 0 1231 13p310
4925 13.310 13.310 54926 1 1231 13p310
4926 13.310 13.310 54927 2 1231 13p310
4927 13.310 13.310 54928 3 1231 13p310
4928 13.320 13.320 54929 0 1232 13p320
4929 13.320 13.320 54930 1 1232 13p320
4930 13.320 13.320 54931 2 1232 13p320
4931 13.320 13.320 54932 3 1232 13p320
4932 13.330 13.330 54933 0 1233 13p330
4933 13.330 13.330 54934 1 1233 13p330
4934 13.330 13.330 54935 2 1233 13p330
4935 13.330 13.330 54936 3 1233 13p330
4936 13.340 13.340 54937 0 1234 13p340
4937 13.340 13.340 54938 1 1234 13p340
4938 13.340 13.340 54939 2 1234 13p340
4939 13.340 13.340 54940 3 1234 13p340
4940 13.350 13.350 54941 0 1235 13p350
4941 13.350 13.350 54942 1 1235 13p350
4942 13.350 13.350 54943 2 1235 13p350
4943 13.350 13.350 54944 3 1235 13p350
4944 13.360 13.360 54945 0 1236 13p360
4945 13.360 13.360 54946 1 1236 13p360
4946 13.360 13.360 54947 2 1236 13p360
4947 13.360 13.360 54948 3 1236 13p360
4948 13.370 13.370 54949 0 1237 13p370
4949 13.370 13.370 54950 1 1237 13p370
4950 13.370 13.370 54951 2 1237 13p370
4951 13.370 13.370 54952 3 1237 13p370
4952 13.380 13.380 54953 0 1238 13p380
4953 13.380 13.380 54954 1 1238 13p380
4954 13.380 13.380 54955 2 1238 13p380
4955 13.380 13.380 54956 3 1238 13p380
4956 13.390 13.390 54957 0 1239 13p390
4957 13.390 13.390 54958 1 1239 13p390
4958 13.390 13.390 54959 2 1239 13p390
4959 13.390 13.390 54960 3 1239 13p390
4960 13.400 13.400 54961 0 1240 13p400
4961 13.400 13.400 54962 1 1240 13p400
4962 13.400 13.400 54963 2 1240 13p400
4963 13.400 13.400 54964 3 1240 13p400
4964 13.410 13.410 54965 0 1241 13p410
4965 13.410 13.410 54966 1 1241 13p410
4966 13.410 13.410 54967 2 1241 13p410
4967 13.410 13.410 54968 3 1241 13p410
4968 13.420 13.420 54969 0 1242 13p420
4969 13.420 13.420 54970 1 1242 13p420
4970 13.420 13.420 54971 2 1242 13p420
4971 13.420 13.420 54972 3 1242 13p420
4972 13.430 13.430 54973 0 1243 13p430
4973 13.430 13.430 54974 1 1243 13p430
4974 13.430 13.430 54975 2 1243 13p430
4975 13.430 13.430 54976 3 1243 13p430
4976 13.440 13.440 54977 0 1244 13p440
4977 13.440 13.440 54978 1 1244 13p440
4978 13.440 13.440 54979 2 1244 13p440
4979 13.440 13.440 54980 3 1244 13p440
4980 13.450 13.450 54981 0 1245 13p450
4981 13.450 13.450 54982 1 1245 13p450
4982 13.450 13.450 54983 2 1245 13p450
4983 13.450 13.450 54984 3 1245 13p450
4984 13.460 13.460 54985 0 1246 13p460
4985 13.460 13.460 54986 1 1246 13p460
4986 13.460 13.460 54987 2 1246 13p460
4987 13.460 13.460 54988 3 1246 13p460
4988 13.470 13.470 54989 0 1247 13p470
4989 13.470 13.470 54990 1 1247 13p470
4990 13.470 13.470 54991 2 1247 13p470
4991 13.470 13.470 54992 3 1247 13p470
4992 13.480 13.480 54993 0 1248 13p480
4993 13.480 13.480 54994 1 1248 13p480
4994 13.480 13.480 54995 2 1248 13p480
4995 13.480 13.480 54996 3 1248 13p480
4996 13.490 13.490 54997 0 1249 13p490
4997 13.490 13.490 54998 1 1249 13p490
4998 13.490 13.490 54999 2 1249 13p490
4999 13.490 13.490 55000 3 1249 13p490
5000 13.500 13.500 55001 0 1250 13p500
5001 13.500 13.500 55002 1 1250 13p500
5002 13.500 13.500 55003 2 1250 13p500
5003 13.500 13.500 55004 3 1250 13p500
5004 13.510 13.510 55005 0 1251 13p510
5005 13.510 13.510 55006 1 1251 13p510
5006 13.510 13.510 55007 2 1251 13p510
5007 13.510 13.510 55008 3 1251 13p510
5008 13.520 13.520 55009 0 1252 13p520
5009 13.520 13.520 55010 1 1252 13p520
5010 13.520 13.520 55011 2 1252 13p520
5011 13.520 13.520 55012 3 1252 13p520
5012 13.530 13.530 55013 0 1253 13p530
5013 13.530 13.530 55014 1 1253 13p530
5014 13.530 13.530 55015 2 1253 13p530
5015 13.530 13.530 55016 3 1253 13p530
5016 13.540 13.540 55017 0 1254 13p540
5017 13.540 13.540 55018 1 1254 13p540
5018 13.540 13.540 55019 2 1254 13p540
5019 13.540 13.540 55020 3 1254 13p540
5020 13.550 13.550 55021 0 1255 13p550
5021 13.550 13.550 55022 1 1255 13p550
5022 13.550 13.550 55023 2 1255 13p550
5023 13.550 13.550 55024 3 1255 13p550
5024 13.560 13.560 55025 0 1256 13p560
5025 13.560 13.560 55026 1 1256 13p560
5026 13.560 13.560 55027 2 1256 13p560
5027 13.560 13.560 55028 3 1256 13p560
5028 13.570 13.570 55029 0 1257 13p570
5029 13.570 13.570 55030 1 1257 13p570
5030 13.570 13.570 55031 2 1257 13p570
5031 13.570 13.570 55032 3 1257 13p570
5032 13.580 13.580 55033 0 1258 13p580
5033 13.580 13.580 55034 1 1258 13p580
5034 13.580 13.580 55035 2 1258 13p580
5035 13.580 13.580 55036 3 1258 13p580
5036 13.590 13.590 55037 0 1259 13p590
5037 13.590 13.590 55038 1 1259 13p590
5038 13.590 13.590 55039 2 1259 13p590
5039 13.590 13.590 55040 3 1259 13p590
5040 13.600 13.600 55041 0 1260 13p600
5041 13.600 13.600 55042 1 1260 13p600
5042 13.600 13.600 55043 2 1260 13p600
5043 13.600 13.600 55044 3 1260 13p600
5044 13.610 13.610 55045 0 1261 13p610
5045 13.610 13.610 55046 1 1261 13p610
5046 13.610 13.610 55047 2 1261 13p610
5047 13.610 13.610 55048 3 1261 13p610
5048 13.620 13.620 55049 0 1262 13p620
5049 13.620 13.620 55050 1 1262 13p620
5050 13.620 13.620 55051 2 1262 13p620
5051 13.620 13.620 55052 3 1262 13p620
5052 13.630 13.630 55053 0 1263 13p630
5053 13.630 13.630 55054 1 1263 13p630
5054 13.630 13.630 55055 2 1263 13p630
5055 13.630 13.630 55056 3 1263 13p630
5056 13.640 13.640 55057 0 1264 13p640
5057 13.640 13.640 55058 1 1264 13p640
5058 13.640 13.640 55059 2 1264 13p640
5059 13.640 13.640 55060 3 1264 13p640
5060 13.650 13.650 55061 0 1265 13p650
5061 13.650 13.650 55062 1 1265 13p650
5062 13.650 13.650 55063 2 1265 13p650
5063 13.650 13.650 55064 3 1265 13p650
5064 13.660 13.660 55065 0 1266 13p660
5065 13.660 13.660 55066 1 1266 13p660
5066 13.660 13.660 55067 2 1266 13p660
5067 13.660 13.660 55068 3 1266 13p660
5068 13.670 13.670 55069 0 1267 13p670
5069 13.670 13.670 55070 1 1267 13p670
5070 13.670 13.670 55071 2 1267 13p670
5071 13.670 13.670 55072 3 1267 13p670
5072 13.680 13.680 55073 0 1268 13p680
5073 13.680 13.680 55074 1 1268 13p680
5074 13.680 13.680 55075 2 1268 13p680
5075 13.680 13.680 55076 3 1268 13p680
5076 13.690 13.690 55077 0 1269 13p690
5077 13.690 13.690 55078 1 1269 13p690
5078 13.690 13.690 55079 2 1269 13p690
5079 13.690 13.690 55080 3 1269 13p690
5080 13.700 13.700 55081 0 1270 13p700
5081 13.700 13.700 55082 1 1270 13p700
5082 13.700 13.700 55083 2 1270 13p700
5083 13.700 13.700 55084 3 1270 13p700
5084 13.710 13.710 55085 0 1271 13p710
5085 13.710 13.710 55086 1 1271 13p710
5086 13.710 13.710 55087 2 1271 13p710
5087 13.710 13.710 55088 3 1271 13p710
5088 13.720 13.720 55089 0 1272 13p720
5089 13.720 13.720 55090 1 1272 13p720
5090 13.720 13.720 55091 2 1272 13p720
5091 13.720 13.720 55092 3 1272 13p720
5092 13.730 13.730 55093 0 1273 13p730
5093 13.730 13.730 55094 1 1273 13p730
5094 13.730 13.730 55095 2 1273 13p730
5095 13.730 13.730 55096 3 1273 13p730
5096 13.740 13.740 55097 0 1274 13p740
5097 13.740 13.740 55098 1 1274 13p740
5098 13.740 13.740 55099 2 1274 13p740
5099 13.740 13.740 55100 3 1274 13p740
5100 13.750 13.750 55101 0 1275 13p750
5101 13.750 13.750 55102 1 1275 13p750
5102 13.750 13.750 55103 2 1275 13p750
5103 13.750 13.750 55104 3 1275 13p750
5104 13.760 13.760 55105 0 1276 13p760
5105 13.760 13.760 55106 1 1276 13p760
5106 13.760 13.760 55107 2 1276 13p760
5107 13.760 13.760 55108 3 1276 13p760
5108 13.770 13.770 55109 0 1277 13p770
5109 13.770 13.770 55110 1 1277 13p770
5110 13.770 13.770 55111 2 1277 13p770
5111 13.770 13.770 55112 3 1277 13p770
5112 13.780 13.780 55113 0 1278 13p780
5113 13.780 13.780 55114 1 1278 13p780
5114 13.780 13.780 55115 2 1278 13p780
5115 13.780 13.780 55116 3 1278 13p780
5116 13.790 13.790 55117 0 1279 13p790
5117 13.790 13.790 55118 1 1279 13p790
5118 13.790 13.790 55119 2 1279 13p790
5119 13.790 13.790 55120 3 1279 13p790
5120 13.800 13.800 55121 0 1280 13p800
5121 13.800 13.800 55122 1 1280 13p800
5122 13.800 13.800 55123 2 1280 13p800
5123 13.800 13.800 55124 3 1280 13p800
5124 13.810 13.810 55125 0 1281 13p810
5125 13.810 13.810 55126 1 1281 13p810
5126 13.810 13.810 55127 2 1281 13p810
5127 13.810 13.810 55128 3 1281 13p810
5128 13.820 13.820 55129 0 1282 13p820
5129 13.820 13.820 55130 1 1282 13p820
5130 13.820 13.820 55131 2 1282 13p820
5131 13.820 13.820 55132 3 1282 13p820
5132 13.830 13.830 55133 0 1283 13p830
5133 13.830 13.830 55134 1 1283 13p830
5134 13.830 13.830 55135 2 1283 13p830
5135 13.830 13.830 55136 3 1283 13p830
5136 13.840 13.840 55137 0 1284 13p840
5137 13.840 13.840 55138 1 1284 13p840
5138 13.840 13.840 55139 2 1284 13p840
5139 13.840 13.840 55140 3 1284 13p840
5140 13.850 13.850 55141 0 1285 13p850
5141 13.850 13.850 55142 1 1285 13p850
5142 13.850 13.850 55143 2 1285 13p850
5143 13.850 13.850 55144 3 1285 13p850
5144 13.860 13.860 55145 0 1286 13p860
5145 13.860 13.860 55146 1 1286 13p860
5146 13.860 13.860 55147 2 1286 13p860
5147 13.860 13.860 55148 3 1286 13p860
5148 13.870 13.870 55149 0 1287 13p870
5149 13.870 13.870 55150 1 1287 13p870
5150 13.870 13.870 55151 2 1287 13p870
5151 13.870 13.870 55152 3 1287 13p870
5152 13.880 13.880 55153 0 1288 13p880
5153 13.880 13.880 55154 1 1288 13p880
5154 13.880 13.880 55155 2 1288 13p880
5155 13.880 13.880 55156 3 1288 13p880
5156 13.890 13.890 55157 0 1289 13p890
5157 13.890 13.890 55158 1 1289 13p890
5158 13.890 13.890 55159 2 1289 13p890
5159 13.890 13.890 55160 3 1289 13p890
5160 13.900 13.900 55161 0 1290 13p900
5161 13.900 13.900 55162 1 1290 13p900
5162 13.900 13.900 55163 2 1290 13p900
5163 13.900 13.900 55164 3 1290 13p900
5164 13.910 13.910 55165 0 1291 13p910
5165 13.910 13.910 55166 1 1291 13p910
5166 13.910 13.910 55167 2 1291 13p910
5167 13.910 13.910 55168 3 1291 13p910
5168 13.920 13.920 55169 0 1292 13p920
5169 13.920 13.920 55170 1 1292 13p920
5170 13.920 13.920 55171 2 1292 13p920
5171 13.920 13.920 55172 3 1292 13p920
5172 13.930 13.930 55173 0 1293 13p930
5173 13.930 13.930 55174 1 1293 13p930
5174 13.930 13.930 55175 2 1293 13p930
5175 13.930 13.930 55176 3 1293 13p930
5176 13.940 13.940 55177 0 1294 13p940
5177 13.940 13.940 55178 1 1294 13p940
5178 13.940 13.940 55179 2 1294 13p940
5179 13.940 13.940 55180 3 1294 13p940
5180 13.950 13.950 55181 0 1295 13p950
5181 13.950 13.950 55182 1 1295 13p950
5182 13.950 13.950 55183 2 1295 13p950
5183 13.950 13.950 55184 3 1295 13p950
5184 13.960 13.960 55185 0 1296 13p960
5185 13.960 13.960 55186 1 1296 13p960
5186 13.960 13.960 55187 2 1296 13p960
5187 13.960 13.960 55188 3 1296 13p960
5188 13.970 13.970 55189 0 1297 13p970
5189 13.970 13.970 55190 1 1297 13p970
5190 13.970 13.970 55191 2 1297 13p970
5191 13.970 13.970 55192 3 1297 13p970
5192 13.980 13.980 55193 0 1298 13p980
5193 13.980 13.980 55194 1 1298 13p980
5194 13.980 13.980 55195 2 1298 13p980
5195 13.980 13.980 55196 3 1298 13p980
5196 13.990 13.990 55197 0 1299 13p990
5197 13.990 13.990 55198 1 1299 13p990
5198 13.990 13.990 55199 2 1299 13p990
5199 13.990 13.990 55200 3 1299 13p990
5200 14.000 14.000 55201 0 1300 14p000
5201 14.000 14.000 55202 1 1300 14p000
5202 14.000 14.000 55203 2 1300 14p000
5203 14.000 14.000 55204 3 1300 14p000
5204 14.010 14.010 55205 0 1301 14p010
5205 14.010 14.010 55206 1 1301 14p010
5206 14.010 14.010 55207 2 1301 14p010
5207 14.010 14.010 55208 3 1301 14p010
5208 14.020 14.020 55209 0 1302 14p020
5209 14.020 14.020 55210 1 1302 14p020
5210 14.020 14.020 55211 2 1302 14p020
5211 14.020 14.020 55212 3 1302 14p020
5212 14.030 14.030 55213 0 1303 14p030
5213 14.030 14.030 55214 1 1303 14p030
5214 14.030 14.030 55215 2 1303 14p030
5215 14.030 14.030 55216 3 1303 14p030
5216 14.040 14.040 55217 0 1304 14p040
5217 14.040 14.040 55218 1 1304 14p040
5218 14.040 14.040 55219 2 1304 14p040
5219 14.040 14.040 55220 3 1304 14p040
5220 14.050 14.050 55221 0 1305 14p050
5221 14.050 14.050 55222 1 1305 14p050
5222 14.050 14.050 55223 2 1305 14p050
5223 14.050 14.050 55224 3 1305 14p050
5224 14.060 14.060 55225 0 1306 14p060
5225 14.060 14.060 55226 1 1306 14p060
5226 14.060 14.060 55227 2 1306 14p060
5227 14.060 14.060 55228 3 1306 14p060
5228 14.070 14.070 55229 0 1307 14p070
5229 14.070 14.070 55230 1 1307 14p070
5230 14.070 14.070 55231 2 1307 14p070
5231 14.070 14.070 55232 3 1307 14p070
5232 14.080 14.080 55233 0 1308 14p080
5233 14.080 14.080 55234 1 1308 14p080
5234 14.080 14.080 55235 2 1308 14p080
5235 14.080 14.080 55236 3 1308 14p080
5236 14.090 14.090 55237 0 1309 14p090
5237 14.090 14.090 55238 1 1309 14p090
5238 14.090 14.090 55239 2 1309 14p090
5239 14.090 14.090 55240 3 1309 14p090
5240 14.100 14.100 55241 0 1310 14p100
5241 14.100 14.100 55242 1 1310 14p100
5242 14.100 14.100 55243 2 1310 14p100
5243 14.100 14.100 55244 3 1310 14p100
5244 14.110 14.110 55245 0 1311 14p110
5245 14.110 14.110 55246 1 1311 14p110
5246 14.110 14.110 55247 2 1311 14p110
5247 14.110 14.110 55248 3 1311 14p110
5248 14.120 14.120 55249 0 1312 14p120
5249 14.120 14.120 55250 1 1312 14p120
5250 14.120 14.120 55251 2 1312 14p120
5251 14.120 14.120 55252 3 1312 14p120
5252 14.130 14.130 55253 0 1313 14p130
5253 14.130 14.130 55254 1 1313 14p130
5254 14.130 14.130 55255 2 1313 14p130
5255 14.130 14.130 55256 3 1313 14p130
5256 14.140 14.140 55257 0 1314 14p140
5257 14.140 14.140 55258 1 1314 14p140
5258 14.140 14.140 55259 2 1314 14p140
5259 14.140 14.140 55260 3 1314 14p140
5260 14.150 14.150 55261 0 1315 14p150
5261 14.150 14.150 55262 1 1315 14p150
5262 14.150 14.150 55263 2 1315 14p150
5263 14.150 14.150 55264 3 1315 14p150
5264 14.160 14.160 55265 0 1316 14p160
5265 14.160 14.160 55266 1 1316 14p160
5266 14.160 14.160 55267 2 1316 14p160
5267 14.160 14.160 55268 3 1316 14p160
5268 14.170 14.170 55269 0 1317 14p170
5269 14.170 14.170 55270 1 1317 14p170
5270 14.170 14.170 55271 2 1317 14p170
5271 14.170 14.170 55272 3 1317 14p170
5272 14.180 14.180 55273 0 1318 14p180
5273 14.180 14.180 55274 1 1318 14p180
5274 14.180 14.180 55275 2 1318 14p180
5275 14.180 14.180 55276 3 1318 14p180
5276 14.190 14.190 55277 0 1319 14p190
5277 14.190 14.190 55278 1 1319 14p190
5278 14.190 14.190 55279 2 1319 14p190
5279 14.190 14.190 55280 3 1319 14p190
5280 14.200 14.200 55281 0 1320 14p200
5281 14.200 14.200 55282 1 1320 14p200
5282 14.200 14.200 55283 2 1320 14p200
5283 14.200 14.200 55284 3 1320 14p200
5284 14.210 14.210 55285 0 1321 14p210
5285 14.210 14.210 55286 1 1321 14p210
5286 14.210 14.210 55287 2 1321 14p210
5287 14.210 14.210 55288 3 1321 14p210
5288 14.220 14.220 55289 0 1322 14p220
5289 14.220 14.220 55290 1 1322 14p220
5290 14.220 14.220 55291 2 1322 14p220
5291 14.220 14.220 55292 3 1322 14p220
5292 14.230 14.230 55293 0 1323 14p230
5293 14.230 14.230 55294 1 1323 14p230
5294 14.230 14.230 55295 2 1323 14p230
5295 14.230 14.230 55296 3 1323 14p230
5296 14.240 14.240 55297 0 1324 14p240
5297 14.240 14.240 55298 1 1324 14p240
5298 14.240 14.240 55299 2 1324 14p240
5299 14.240 14.240 55300 3 1324 14p240
5300 14.250 14.250 55301 0 1325 14p250
5301 14.250 14.250 55302 1 1325 14p250
5302 14.250 14.250 55303 2 1325 14p250
5303 14.250 14.250 55304 3 1325 14p250
5304 14.260 14.260 55305 0 1326 14p260
5305 14.260 14.260 55306 1 1326 14p260
5306 14.260 14.260 55307 2 1326 14p260
5307 14.260 14.260 55308 3 1326 14p260
5308 14.270 14.270 55309 0 1327 14p270
5309 14.270 14.270 55310 1 1327 14p270
5310 14.270 14.270 55311 2 1327 14p270
5311 14.270 14.270 55312 3 1327 14p270
5312 14.280 14.280 55313 0 1328 14p280
5313 14.280 14.280 55314 1 1328 14p280
5314 14.280 14.280 55315 2 1328 14p280
5315 14.280 14.280 55316 3 1328 14p280
5316 14.290 14.290 55317 0 1329 14p290
5317 14.290 14.290 55318 1 1329 14p290
5318 14.290 14.290 55319 2 1329 14p290
5319 14.290 14.290 55320 3 1329 14p290
5320 14.300 14.300 55321 0 1330 14p300
5321 14.300 14.300 55322 1 1330 14p300
5322 14.300 14.300 55323 2 1330 14p300
5323 14.300 14.300 55324 3 1330 14p300
5324 14.310 14.310 55325 0 1331 14p310
5325 14.310 14.310 55326 1 1331 14p310
5326 14.310 14.310 55327 2 1331 14p310
5327 14.310 14.310 55328 3 1331 14p310
5328 14.320 14.320 55329 0 1332 14p320
5329 14.320 14.320 55330 1 1332 14p320
5330 14.320 14.320 55331 2 1332 14p320
5331 14.320 14.320 55332 3 1332 14p320
5332 14.330 14.330 55333 0 1333 14p330
5333 14.330 14.330 55334 1 1333 14p330
5334 14.330 14.330 55335 2 1333 14p330
5335 14.330 14.330 55336 3 1333 14p330
5336 14.340 14.340 55337 0 1334 14p340
5337 14.340 14.340 55338 1 1334 14p340
5338 14.340 14.340 55339 2 1334 14p340
5339 14.340 14.340 55340 3 1334 14p340
5340 14.350 14.350 55341 0 1335 14p350
5341 14.350 14.350 55342 1 1335 14p350
5342 14.350 14.350 55343 2 1335 14p350
5343 14.350 14.350 55344 3 1335 14p350
5344 14.360 14.360 55345 0 1336 14p360
5345 14.360 14.360 55346 1 1336 14p360
5346 14.360 14.360 55347 2 1336 14p360
5347 14.360 14.360 55348 3 1336 14p360
5348 14.370 14.370 55349 0 1337 14p370
5349 14.370 14.370 55350 1 1337 14p370
5350 14.370 14.370 55351 2 1337 14p370
5351 14.370 14.370 55352 3 1337 14p370
5352 14.380 14.380 55353 0 1338 14p380
5353 14.380 14.380 55354 1 1338 14p380
5354 14.380 14.380 55355 2 1338 14p380
5355 14.380 14.380 55356 3 1338 14p380
5356 14.390 14.390 55357 0 1339 14p390
5357 14.390 14.390 55358 1 1339 14p390
5358 14.390 14.390 55359 2 1339 14p390
5359 14.390 14.390 55360 3 1339 14p390
5360 14.400 14.400 55361 0 1340 14p400
5361 14.400 14.400 55362 1 1340 14p400
5362 14.400 14.400 55363 2 1340 14p400
5363 14.400 14.400 55364 3 1340 14p400
5364 14.410 14.410 55365 0 1341 14p410
5365 14.410 14.410 55366 1 1341 14p410
5366 14.410 14.410 55367 2 1341 14p410
5367 14.410 14.410 55368 3 1341 14p410
5368 14.420 14.420 55369 0 1342 14p420
5369 14.420 14.420 55370 1 1342 14p420
5370 14.420 14.420 55371 2 1342 14p420
5371 14.420 14.420 55372 3 1342 14p420
5372 14.430 14.430 55373 0 1343 14p430
5373 14.430 14.430 55374 1 1343 14p430
5374 14.430 14.430 55375 2 1343 14p430
5375 14.430 14.430 55376 3 1343 14p430
5376 14.440 14.440 55377 0 1344 14p440
5377 14.440 14.440 55378 1 1344 14p440
5378 14.440 14.440 55379 2 1344 14p440
5379 14.440 14.440 55380 3 1344 14p440
5380 14.450 14.450 55381 0 1345 14p450
5381 14.450 14.450 55382 1 1345 14p450
5382 14.450 14.450 55383 2 1345 14p450
5383 14.450 14.450 55384 3 1345 14p450
5384 14.460 14.460 55385 0 1346 14p460
5385 14.460 14.460 55386 1 1346 14p460
5386 14.460 14.460 55387 2 1346 14p460
5387 14.460 14.460 55388 3 1346 14p460
5388 14.470 14.470 55389 0 1347 14p470
5389 14.470 14.470 55390 1 1347 14p470
5390 14.470 14.470 55391 2 1347 14p470
5391 14.470 14.470 55392 3 1347 14p470
5392 14.480 14.480 55393 0 1348 14p480
5393 14.480 14.480 55394 1 1348 14p480
5394 14.480 14.480 55395 2 1348 14p480
5395 14.480 14.480 55396 3 1348 14p480
5396 14.490 14.490 55397 0 1349 14p490
5397 14.490 14.490 55398 1 1349 14p490
5398 14.490 14.490 55399 2 1349 14p490
5399 14.490 14.490 55400 3 1349 14p490
5400 14.500 14.500 55401 0 1350 14p500
5401 14.500 14.500 55402 1 1350 14p500
5402 14.500 14.500 55403 2 1350 14p500
5403 14.500 14.500 55404 3 1350 14p500
5404 14.510 14.510 55405 0 1351 14p510
5405 14.510 14.510 55406 1 1351 14p510
5406 14.510 14.510 55407 2 1351 14p510
5407 14.510 14.510 55408 3 1351 14p510
5408 14.520 14.520 55409 0 1352 14p520
5409 14.520 14.520 55410 1 1352 14p520
5410 14.520 14.520 55411 2 1352 14p520
5411 14.520 14.520 55412 3 1352 14p520
5412 14.530 14.530 55413 0 1353 14p530
5413 14.530 14.530 55414 1 1353 14p530
5414 14.530 14.530 55415 2 1353 14p530
5415 14.530 14.530 55416 3 1353 14p530
5416 14.540 14.540 55417 0 1354 14p540
5417 14.540 14.540 55418 1 1354 14p540
5418 14.540 14.540 55419 2 1354 14p540
5419 14.540 14.540 55420 3 1354 14p540
5420 14.550 14.550 55421 0 1355 14p550
5421 14.550 14.550 55422 1 1355 14p550
5422 14.550 14.550 55423 2 1355 14p550
5423 14.550 14.550 55424 3 1355 14p550
5424 14.560 14.560 55425 0 1356 14p560
5425 14.560 14.560 55426 1 1356 14p560
5426 14.560 14.560 55427 2 1356 14p560
5427 14.560 14.560 55428 3 1356 14p560
5428 14.570 14.570 55429 0 1357 14p570
5429 14.570 14.570 55430 1 1357 14p570
5430 14.570 14.570 55431 2 1357 14p570
5431 14.570 14.570 55432 3 1357 14p570
5432 14.580 14.580 55433 0 1358 14p580
5433 14.580 14.580 55434 1 1358 14p580
5434 14.580 14.580 55435 2 1358 14p580
5435 14.580 14.580 55436 3 1358 14p580
5436 14.590 14.590 55437 0 1359 14p590
5437 14.590 14.590 55438 1 1359 14p590
5438 14.590 14.590 55439 2 1359 14p590
5439 14.590 14.590 55440 3 1359 14p590
5440 14.600 14.600 55441 0 1360 14p600
5441 14.600 14.600 55442 1 1360 14p600
5442 14.600 14.600 55443 2 1360 14p600
5443 14.600 14.600 55444 3 1360 14p600
5444 14.610 14.610 55445 0 1361 14p610
5445 14.610 14.610 55446 1 1361 14p610
5446 14.610 14.610 55447 2 1361 14p610
5447 14.610 14.610 55448 3 1361 14p610
5448 14.620 14.620 55449 0 1362 14p620
5449 14.620 14.620 55450 1 1362 14p620
5450 14.620 14.620 55451 2 1362 14p620
5451 14.620 14.620 55452 3 1362 14p620
5452 14.630 14.630 55453 0 1363 14p630
5453 14.630 14.630 55454 1 1363 14p630
5454 14.630 14.630 55455 2 1363 14p630
5455 14.630 14.630 55456 3 1363 14p630
5456 14.640 14.640 55457 0 1364 14p640
5457 14.640 14.640 55458 1 1364 14p640
5458 14.640 14.640 55459 2 1364 14p640
5459 14.640 14.640 55460 3 1364 14p640
5460 14.650 14.650 55461 0 1365 14p650
5461 14.650 14.650 55462 1 1365 14p650
5462 14.650 14.650 55463 2 1365 14p650
5463 14.650 14.650 55464 3 1365 14p650
5464 14.660 14.660 55465 0 1366 14p660
5465 14.660 14.660 55466 1 1366 14p660
5466 14.660 14.660 55467 2 1366 14p660
5467 14.660 14.660 55468 3 1366 14p660
5468 14.670 14.670 55469 0 1367 14p670
5469 14.670 14.670 55470 1 1367 14p670
5470 14.670 14.670 55471 2 1367 14p670
5471 14.670 14.670 55472 3 1367 14p670
5472 14.680 14.680 55473 0 1368 14p680
5473 14.680 14.680 55474 1 1368 14p680
5474 14.680 14.680 55475 2 1368 14p680
5475 14.680 14.680 55476 3 1368 14p680
5476 14.690 14.690 55477 0 1369 14p690
5477 14.690 14.690 55478 1 1369 14p690
5478 14.690 14.690 55479 2 1369 14p690
5479 14.690 14.690 55480 3 1369 14p690
5480 14.700 14.700 55481 0 1370 14p700
5481 14.700 14.700 55482 1 1370 14p700
5482 14.700 14.700 55483 2 1370 14p700
5483 14.700 14.700 55484 3 1370 14p700
5484 14.710 14.710 55485 0 1371 14p710
5485 14.710 14.710 55486 1 1371 14p710
5486 14.710 14.710 55487 2 1371 14p710
5487 14.710 14.710 55488 3 1371 14p710
5488 14.720 14.720 55489 0 1372 14p720
5489 14.720 14.720 55490 1 1372 14p720
5490 14.720 14.720 55491 2 1372 14p720
5491 14.720 14.720 55492 3 1372 14p720
5492 14.730 14.730 55493 0 1373 14p730
5493 14.730 14.730 55494 1 1373 14p730
5494 14.730 14.730 55495 2 1373 14p730
5495 14.730 14.730 55496 3 1373 14p730
5496 14.740 14.740 55497 0 1374 14p740
5497 14.740 14.740 55498 1 1374 14p740
5498 14.740 14.740 55499 2 1374 14p740
5499 14.740 14.740 55500 3 1374 14p740
5500 14.750 14.750 55501 0 1375 14p750
5501 14.750 14.750 55502 1 1375 14p750
5502 14.750 14.750 55503 2 1375 14p750
5503 14.750 14.750 55504 3 1375 14p750
5504 14.760 14.760 55505 0 1376 14p760
5505 14.760 14.760 55506 1 1376 14p760
5506 14.760 14.760 55507 2 1376 14p760
5507 14.760 14.760 55508 3 1376 14p760
5508 14.770 14.770 55509 0 1377 14p770
5509 14.770 14.770 55510 1 1377 14p770
5510 14.770 14.770 55511 2 1377 14p770
5511 14.770 14.770 55512 3 1377 14p770
5512 14.780 14.780 55513 0 1378 14p780
5513 14.780 14.780 55514 1 1378 14p780
5514 14.780 14.780 55515 2 1378 14p780
5515 14.780 14.780 55516 3 1378 14p780
5516 14.790 14.790 55517 0 1379 14p790
5517 14.790 14.790 55518 1 1379 14p790
5518 14.790 14.790 55519 2 1379 14p790
5519 14.790 14.790 55520 3 1379 14p790
5520 14.800 14.800 55521 0 1380 14p800
5521 14.800 14.800 55522 1 1380 14p800
5522 14.800 14.800 55523 2 1380 14p800
5523 14.800 14.800 55524 3 1380 14p800
5524 14.810 14.810 55525 0 1381 14p810
5525 14.810 14.810 55526 1 1381 14p810
5526 14.810 14.810 55527 2 1381 14p810
5527 14.810 14.810 55528 3 1381 14p810
5528 14.820 14.820 55529 0 1382 14p820
5529 14.820 14.820 55530 1 1382 14p820
5530 14.820 14.820 55531 2 1382 14p820
5531 14.820 14.820 55532 3 1382 14p820
5532 14.830 14.830 55533 0 1383 14p830
5533 14.830 14.830 55534 1 1383 14p830
5534 14.830 14.830 55535 2 1383 14p830
5535 14.830 14.830 55536 3 1383 14p830
5536 14.840 14.840 55537 0 1384 14p840
5537 14.840 14.840 55538 1 1384 14p840
5538 14.840 14.840 55539 2 1384 14p840
5539 14.840 14.840 55540 3 1384 14p840
5540 14.850 14.850 55541 0 1385 14p850
5541 14.850 14.850 55542 1 1385 14p850
5542 14.850 14.850 55543 2 1385 14p850
5543 14.850 14.850 55544 3 1385 14p850
5544 14.860 14.860 55545 0 1386 14p860
5545 14.860 14.860 55546 1 1386 14p860
5546 14.860 14.860 55547 2 1386 14p860
5547 14.860 14.860 55548 3 1386 14p860
5548 14.870 14.870 55549 0 1387 14p870
5549 14.870 14.870 55550 1 1387 14p870
5550 14.870 14.870 55551 2 1387 14p870
5551 14.870 14.870 55552 3 1387 14p870
5552 14.880 14.880 55553 0 1388 14p880
5553 14.880 14.880 55554 1 1388 14p880
5554 14.880 14.880 55555 2 1388 14p880
5555 14.880 14.880 55556 3 1388 14p880
5556 14.890 14.890 55557 0 1389 14p890
5557 14.890 14.890 55558 1 1389 14p890
5558 14.890 14.890 55559 2 1389 14p890
5559 14.890 14.890 55560 3 1389 14p890
5560 14.900 14.900 55561 0 1390 14p900
5561 14.900 14.900 55562 1 1390 14p900
5562 14.900 14.900 55563 2 1390 14p900
5563 14.900 14.900 55564 3 1390 14p900
5564 14.910 14.910 55565 0 1391 14p910
5565 14.910 14.910 55566 1 1391 14p910
5566 14.910 14.910 55567 2 1391 14p910
5567 14.910 14.910 55568 3 1391 14p910
5568 14.920 14.920 55569 0 1392 14p920
5569 14.920 14.920 55570 1 1392 14p920
5570 14.920 14.920 55571 2 1392 14p920
5571 14.920 14.920 55572 3 1392 14p920
5572 14.930 14.930 55573 0 1393 14p930
5573 14.930 14.930 55574 1 1393 14p930
5574 14.930 14.930 55575 2 1393 14p930
5575 14.930 14.930 55576 3 1393 14p930
5576 14.940 14.940 55577 0 1394 14p940
5577 14.940 14.940 55578 1 1394 14p940
5578 14.940 14.940 55579 2 1394 14p940
5579 14.940 14.940 55580 3 1394 14p940
5580 14.950 14.950 55581 0 1395 14p950
5581 14.950 14.950 55582 1 1395 14p950
5582 14.950 14.950 55583 2 1395 14p950
5583 14.950 14.950 55584 3 1395 14p950
5584 14.960 14.960 55585 0 1396 14p960
5585 14.960 14.960 55586 1 1396 14p960
5586 14.960 14.960 55587 2 1396 14p960
5587 14.960 14.960 55588 3 1396 14p960
5588 14.970 14.970 55589 0 1397 14p970
5589 14.970 14.970 55590 1 1397 14p970
5590 14.970 14.970 55591 2 1397 14p970
5591 14.970 14.970 55592 3 1397 14p970
5592 14.980 14.980 55593 0 1398 14p980
5593 14.980 14.980 55594 1 1398 14p980
5594 14.980 14.980 55595 2 1398 14p980
5595 14.980 14.980 55596 3 1398 14p980
5596 14.990 14.990 55597 0 1399 14p990
5597 14.990 14.990 55598 1 1399 14p990
5598 14.990 14.990 55599 2 1399 14p990
5599 14.990 14.990 55600 3 1399 14p990
5600 15.000 15.000 55601 0 1400 15p000
5601 15.000 15.000 55602 1 1400 15p000
5602 15.000 15.000 55603 2 1400 15p000
5603 15.000 15.000 55604 3 1400 15p000
5604 15.010 15.010 55605 0 1401 15p010
5605 15.010 15.010 55606 1 1401 15p010
5606 15.010 15.010 55607 2 1401 15p010
5607 15.010 15.010 55608 3 1401 15p010
5608 15.020 15.020 55609 0 1402 15p020
5609 15.020 15.020 55610 1 1402 15p020
5610 15.020 15.020 55611 2 1402 15p020
5611 15.020 15.020 55612 3 1402 15p020
5612 15.030 15.030 55613 0 1403 15p030
5613 15.030 15.030 55614 1 1403 15p030
5614 15.030 15.030 55615 2 1403 15p030
5615 15.030 15.030 55616 3 1403 15p030
5616 15.040 15.040 55617 0 1404 15p040
5617 15.040 15.040 55618 1 1404 15p040
5618 15.040 15.040 55619 2 1404 15p040
5619 15.040 15.040 55620 3 1404 15p040
5620 15.050 15.050 55621 0 1405 15p050
5621 15.050 15.050 55622 1 1405 15p050
5622 15.050 15.050 55623 2 1405 15p050
5623 15.050 15.050 55624 3 1405 15p050
5624 15.060 15.060 55625 0 1406 15p060
5625 15.060 15.060 55626 1 1406 15p060
5626 15.060 15.060 55627 2 1406 15p060
5627 15.060 15.060 55628 3 1406 15p060
5628 15.070 15.070 55629 0 1407 15p070
5629 15.070 15.070 55630 1 1407 15p070
5630 15.070 15.070 55631 2 1407 15p070
5631 15.070 15.070 55632 3 1407 15p070
5632 15.080 15.080 55633 0 1408 15p080
5633 15.080 15.080 55634 1 1408 15p080
5634 15.080 15.080 55635 2 1408 15p080
5635 15.080 15.080 55636 3 1408 15p080
5636 15.090 15.090 55637 0 1409 15p090
5637 15.090 15.090 55638 1 1409 15p090
5638 15.090 15.090 55639 2 1409 15p090
5639 15.090 15.090 55640 3 1409 15p090
5640 15.100 15.100 55641 0 1410 15p100
5641 15.100 15.100 55642 1 1410 15p100
5642 15.100 15.100 55643 2 1410 15p100
5643 15.100 15.100 55644 3 1410 15p100
5644 15.110 15.110 55645 0 1411 15p110
5645 15.110 15.110 55646 1 1411 15p110
5646 15.110 15.110 55647 2 1411 15p110
5647 15.110 15.110 55648 3 1411 15p110
5648 15.120 15.120 55649 0 1412 15p120
5649 15.120 15.120 55650 1 1412 15p120
5650 15.120 15.120 55651 2 1412 15p120
5651 15.120 15.120 55652 3 1412 15p120
5652 15.130 15.130 55653 0 1413 15p130
5653 15.130 15.130 55654 1 1413 15p130
5654 15.130 15.130 55655 2 1413 15p130
5655 15.130 15.130 55656 3 1413 15p130
5656 15.140 15.140 55657 0 1414 15p140
5657 15.140 15.140 55658 1 1414 15p140
5658 15.140 15.140 55659 2 1414 15p140
5659 15.140 15.140 55660 3 1414 15p140
5660 15.150 15.150 55661 0 1415 15p150
5661 15.150 15.150 55662 1 1415 15p150
5662 15.150 15.150 55663 2 1415 15p150
5663 15.150 15.150 55664 3 1415 15p150
5664 15.160 15.160 55665 0 1416 15p160
5665 15.160 15.160 55666 1 1416 15p160
5666 15.160 15.160 55667 2 1416 15p160
5667 15.160 15.160 55668 3 1416 15p160
5668 15.170 15.170 55669 0 1417 15p170
5669 15.170 15.170 55670 1 1417 15p170
5670 15.170 15.170 55671 2 1417 15p170
5671 15.170 15.170 55672 3 1417 15p170
5672 15.180 15.180 55673 0 1418 15p180
5673 15.180 15.180 55674 1 1418 15p180
5674 15.180 15.180 55675 2 1418 15p180
5675 15.180 15.180 55676 3 1418 15p180
5676 15.190 15.190 55677 0 1419 15p190
5677 15.190 15.190 55678 1 1419 15p190
5678 15.190 15.190 55679 2 1419 15p190
5679 15.190 15.190 55680 3 1419 15p190
5680 15.200 15.200 55681 0 1420 15p200
5681 15.200 15.200 55682 1 1420 15p200
5682 15.200 15.200 55683 2 1420 15p200
5683 15.200 15.200 55684 3 1420 15p200
5684 15.210 15.210 55685 0 1421 15p210
5685 15.210 15.210 55686 1 1421 15p210
5686 15.210 15.210 55687 2 1421 15p210
5687 15.210 15.210 55688 3 1421 15p210
5688 15.220 15.220 55689 0 1422 15p220
5689 15.220 15.220 55690 1 1422 15p220
5690 15.220 15.220 55691 2 1422 15p220
5691 15.220 15.220 55692 3 1422 15p220
5692 15.230 15.230 55693 0 1423 15p230
5693 15.230 15.230 55694 1 1423 15p230
5694 15.230 15.230 55695 2 1423 15p230
5695 15.230 15.230 55696 3 1423 15p230
5696 15.240 15.240 55697 0 1424 15p240
5697 15.240 15.240 55698 1 1424 15p240
5698 15.240 15.240 55699 2 1424 15p240
5699 15.240 15.240 55700 3 1424 15p240
5700 15.250 15.250 55701 0 1425 15p250
5701 15.250 15.250 55702 1 1425 15p250
5702 15.250 15.250 55703 2 1425 15p250
5703 15.250 15.250 55704 3 1425 15p250
5704 15.260 15.260 55705 0 1426 15p260
5705 15.260 15.260 55706 1 1426 15p260
5706 15.260 15.260 55707 2 1426 15p260
5707 15.260 15.260 55708 3 1426 15p260
5708 15.270 15.270 55709 0 1427 15p270
5709 15.270 15.270 55710 1 1427 15p270
5710 15.270 15.270 55711 2 1427 15p270
5711 15.270 15.270 55712 3 1427 15p270
5712 15.280 15.280 55713 0 1428 15p280
5713 15.280 15.280 55714 1 1428 15p280
5714 15.280 15.280 55715 2 1428 15p280
5715 15.280 15.280 55716 3 1428 15p280
5716 15.290 15.290 55717 0 1429 15p290
5717 15.290 15.290 55718 1 1429 15p290
5718 15.290 15.290 55719 2 1429 15p290
5719 15.290 15.290 55720 3 1429 15p290
5720 15.300 15.300 55721 0 1430 15p300
5721 15.300 15.300 55722 1 1430 15p300
5722 15.300 15.300 55723 2 1430 15p300
5723 15.300 15.300 55724 3 1430 15p300
5724 15.310 15.310 55725 0 1431 15p310
5725 15.310 15.310 55726 1 1431 15p310
5726 15.310 15.310 55727 2 1431 15p310
5727 15.310 15.310 55728 3 1431 15p310
5728 15.320 15.320 55729 0 1432 15p320
5729 15.320 15.320 55730 1 1432 15p320
5730 15.320 15.320 55731 2 1432 15p320
5731 15.320 15.320 55732 3 1432 15p320
5732 15.330 15.330 55733 0 1433 15p330
5733 15.330 15.330 55734 1 1433 15p330
5734 15.330 15.330 55735 2 1433 15p330
5735 15.330 15.330 55736 3 1433 15p330
5736 15.340 15.340 55737 0 1434 15p340
5737 15.340 15.340 55738 1 1434 15p340
5738 15.340 15.340 55739 2 1434 15p340
5739 15.340 15.340 55740 3 1434 15p340
5740 15.350 15.350 55741 0 1435 15p350
5741 15.350 15.350 55742 1 1435 15p350
5742 15.350 15.350 55743 2 1435 15p350
5743 15.350 15.350 55744 3 1435 15p350
5744 15.360 15.360 55745 0 1436 15p360
5745 15.360 15.360 55746 1 1436 15p360
5746 15.360 15.360 55747 2 1436 15p360
5747 15.360 15.360 55748 3 1436 15p360
5748 15.370 15.370 55749 0 1437 15p370
5749 15.370 15.370 55750 1 1437 15p370
5750 15.370 15.370 55751 2 1437 15p370
5751 15.370 15.370 55752 3 1437 15p370
5752 15.380 15.380 55753 0 1438 15p380
5753 15.380 15.380 55754 1 1438 15p380
5754 15.380 15.380 55755 2 1438 15p380
5755 15.380 15.380 55756 3 1438 15p380
5756 15.390 15.390 55757 0 1439 15p390
5757 15.390 15.390 55758 1 1439 15p390
5758 15.390 15.390 55759 2 1439 15p390
5759 15.390 15.390 55760 3 1439 15p390
5760 15.400 15.400 55761 0 1440 15p400
5761 15.400 15.400 55762 1 1440 15p400
5762 15.400 15.400 55763 2 1440 15p400
5763 15.400 15.400 55764 3 1440 15p400
5764 15.410 15.410 55765 0 1441 15p410
5765 15.410 15.410 55766 1 1441 15p410
5766 15.410 15.410 55767 2 1441 15p410
5767 15.410 15.410 55768 3 1441 15p410
5768 15.420 15.420 55769 0 1442 15p420
5769 15.420 15.420 55770 1 1442 15p420
5770 15.420 15.420 55771 2 1442 15p420
5771 15.420 15.420 55772 3 1442 15p420
5772 15.430 15.430 55773 0 1443 15p430
5773 15.430 15.430 55774 1 1443 15p430
5774 15.430 15.430 55775 2 1443 15p430
5775 15.430 15.430 55776 3 1443 15p430
5776 15.440 15.440 55777 0 1444 15p440
5777 15.440 15.440 55778 1 1444 15p440
5778 15.440 15.440 55779 2 1444 15p440
5779 15.440 15.440 55780 3 1444 15p440
5780 15.450 15.450 55781 0 1445 15p450
5781 15.450 15.450 55782 1 1445 15p450
5782 15.450 15.450 55783 2 1445 15p450
5783 15.450 15.450 55784 3 1445 15p450
5784 15.460 15.460 55785 0 1446 15p460
5785 15.460 15.460 55786 1 1446 15p460
5786 15.460 15.460 55787 2 1446 15p460
5787 15.460 15.460 55788 3 1446 15p460
5788 15.470 15.470 55789 0 1447 15p470
5789 15.470 15.470 55790 1 1447 15p470
5790 15.470 15.470 55791 2 1447 15p470
5791 15.470 15.470 55792 3 1447 15p470
5792 15.480 15.480 55793 0 1448 15p480
5793 15.480 15.480 55794 1 1448 15p480
5794 15.480 15.480 55795 2 1448 15p480
5795 15.480 15.480 55796 3 1448 15p480
5796 15.490 15.490 55797 0 1449 15p490
5797 15.490 15.490 55798 1 1449 15p490
5798 15.490 15.490 55799 2 1449 15p490
5799 15.490 15.490 55800 3 1449 15p490
5800 15.500 15.500 55801 0 1450 15p500
5801 15.500 15.500 55802 1 1450 15p500
5802 15.500 15.500 55803 2 1450 15p500
5803 15.500 15.500 55804 3 1450 15p500
5804 15.510 15.510 55805 0 1451 15p510
5805 15.510 15.510 55806 1 1451 15p510
5806 15.510 15.510 55807 2 1451 15p510
5807 15.510 15.510 55808 3 1451 15p510
5808 15.520 15.520 55809 0 1452 15p520
5809 15.520 15.520 55810 1 1452 15p520
5810 15.520 15.520 55811 2 1452 15p520
5811 15.520 15.520 55812 3 1452 15p520
5812 15.530 15.530 55813 0 1453 15p530
5813 15.530 15.530 55814 1 1453 15p530
5814 15.530 15.530 55815 2 1453 15p530
5815 15.530 15.530 55816 3 1453 15p530
5816 15.540 15.540 55817 0 1454 15p540
5817 15.540 15.540 55818 1 1454 15p540
5818 15.540 15.540 55819 2 1454 15p540
5819 15.540 15.540 55820 3 1454 15p540
5820 15.550 15.550 55821 0 1455 15p550
5821 15.550 15.550 55822 1 1455 15p550
5822 15.550 15.550 55823 2 1455 15p550
5823 15.550 15.550 55824 3 1455 15p550
5824 15.560 15.560 55825 0 1456 15p560
5825 15.560 15.560 55826 1 1456 15p560
5826 15.560 15.560 55827 2 1456 15p560
5827 15.560 15.560 55828 3 1456 15p560
5828 15.570 15.570 55829 0 1457 15p570
5829 15.570 15.570 55830 1 1457 15p570
5830 15.570 15.570 55831 2 1457 15p570
5831 15.570 15.570 55832 3 1457 15p570
5832 15.580 15.580 55833 0 1458 15p580
5833 15.580 15.580 55834 1 1458 15p580
5834 15.580 15.580 55835 2 1458 15p580
5835 15.580 15.580 55836 3 1458 15p580
5836 15.590 15.590 55837 0 1459 15p590
5837 15.590 15.590 55838 1 1459 15p590
5838 15.590 15.590 55839 2 1459 15p590
5839 15.590 15.590 55840 3 1459 15p590
5840 15.600 15.600 55841 0 1460 15p600
5841 15.600 15.600 55842 1 1460 15p600
5842 15.600 15.600 55843 2 1460 15p600
5843 15.600 15.600 55844 3 1460 15p600
5844 15.610 15.610 55845 0 1461 15p610
5845 15.610 15.610 55846 1 1461 15p610
5846 15.610 15.610 55847 2 1461 15p610
5847 15.610 15.610 55848 3 1461 15p610
5848 15.620 15.620 55849 0 1462 15p620
5849 15.620 15.620 55850 1 1462 15p620
5850 15.620 15.620 55851 2 1462 15p620
5851 15.620 15.620 55852 3 1462 15p620
5852 15.630 15.630 55853 0 1463 15p630
5853 15.630 15.630 55854 1 1463 15p630
5854 15.630 15.630 55855 2 1463 15p630
5855 15.630 15.630 55856 3 1463 15p630
5856 15.640 15.640 55857 0 1464 15p640
5857 15.640 15.640 55858 1 1464 15p640
5858 15.640 15.640 55859 2 1464 15p640
5859 15.640 15.640 55860 3 1464 15p640
5860 15.650 15.650 55861 0 1465 15p650
5861 15.650 15.650 55862 1 1465 15p650
5862 15.650 15.650 55863 2 1465 15p650
5863 15.650 15.650 55864 3 1465 15p650
5864 15.660 15.660 55865 0 1466 15p660
5865 15.660 15.660 55866 1 1466 15p660
5866 15.660 15.660 55867 2 1466 15p660
5867 15.660 15.660 55868 3 1466 15p660
5868 15.670 15.670 55869 0 1467 15p670
5869 15.670 15.670 55870 1 1467 15p670
5870 15.670 15.670 55871 2 1467 15p670
5871 15.670 15.670 55872 3 1467 15p670
5872 15.680 15.680 55873 0 1468 15p680
5873 15.680 15.680 55874 1 1468 15p680
5874 15.680 15.680 55875 2 1468 15p680
5875 15.680 15.680 55876 3 1468 15p680
5876 15.690 15.690 55877 0 1469 15p690
5877 15.690 15.690 55878 1 1469 15p690
5878 15.690 15.690 55879 2 1469 15p690
5879 15.690 15.690 55880 3 1469 15p690
5880 15.700 15.700 55881 0 1470 15p700
5881 15.700 15.700 55882 1 1470 15p700
5882 15.700 15.700 55883 2 1470 15p700
5883 15.700 15.700 55884 3 1470 15p700
5884 15.710 15.710 55885 0 1471 15p710
5885 15.710 15.710 55886 1 1471 15p710
5886 15.710 15.710 55887 2 1471 15p710
5887 15.710 15.710 55888 3 1471 15p710
5888 15.720 15.720 55889 0 1472 15p720
5889 15.720 15.720 55890 1 1472 15p720
5890 15.720 15.720 55891 2 1472 15p720
5891 15.720 15.720 55892 3 1472 15p720
5892 15.730 15.730 55893 0 1473 15p730
5893 15.730 15.730 55894 1 1473 15p730
5894 15.730 15.730 55895 2 1473 15p730
5895 15.730 15.730 55896 3 1473 15p730
5896 15.740 15.740 55897 0 1474 15p740
5897 15.740 15.740 55898 1 1474 15p740
5898 15.740 15.740 55899 2 1474 15p740
5899 15.740 15.740 55900 3 1474 15p740
5900 15.750 15.750 55901 0 1475 15p750
5901 15.750 15.750 55902 1 1475 15p750
5902 15.750 15.750 55903 2 1475 15p750
5903 15.750 15.750 55904 3 1475 15p750
5904 15.760 15.760 55905 0 1476 15p760
5905 15.760 15.760 55906 1 1476 15p760
5906 15.760 15.760 55907 2 1476 15p760
5907 15.760 15.760 55908 3 1476 15p760
5908 15.770 15.770 55909 0 1477 15p770
5909 15.770 15.770 55910 1 1477 15p770
5910 15.770 15.770 55911 2 1477 15p770
5911 15.770 15.770 55912 3 1477 15p770
5912 15.780 15.780 55913 0 1478 15p780
5913 15.780 15.780 55914 1 1478 15p780
5914 15.780 15.780 55915 2 1478 15p780
5915 15.780 15.780 55916 3 1478 15p780
5916 15.790 15.790 55917 0 1479 15p790
5917 15.790 15.790 55918 1 1479 15p790
5918 15.790 15.790 55919 2 1479 15p790
5919 15.790 15.790 55920 3 1479 15p790
5920 15.800 15.800 55921 0 1480 15p800
5921 15.800 15.800 55922 1 1480 15p800
5922 15.800 15.800 55923 2 1480 15p800
5923 15.800 15.800 55924 3 1480 15p800
5924 15.810 15.810 55925 0 1481 15p810
5925 15.810 15.810 55926 1 1481 15p810
5926 15.810 15.810 55927 2 1481 15p810
5927 15.810 15.810 55928 3 1481 15p810
5928 15.820 15.820 55929 0 1482 15p820
5929 15.820 15.820 55930 1 1482 15p820
5930 15.820 15.820 55931 2 1482 15p820
5931 15.820 15.820 55932 3 1482 15p820
5932 15.830 15.830 55933 0 1483 15p830
5933 15.830 15.830 55934 1 1483 15p830
5934 15.830 15.830 55935 2 1483 15p830
5935 15.830 15.830 55936 3 1483 15p830
5936 15.840 15.840 55937 0 1484 15p840
5937 15.840 15.840 55938 1 1484 15p840
5938 15.840 15.840 55939 2 1484 15p840
5939 15.840 15.840 55940 3 1484 15p840
5940 15.850 15.850 55941 0 1485 15p850
5941 15.850 15.850 55942 1 1485 15p850
5942 15.850 15.850 55943 2 1485 15p850
5943 15.850 15.850 55944 3 1485 15p850
5944 15.860 15.860 55945 0 1486 15p860
5945 15.860 15.860 55946 1 1486 15p860
5946 15.860 15.860 55947 2 1486 15p860
5947 15.860 15.860 55948 3 1486 15p860
5948 15.870 15.870 55949 0 1487 15p870
5949 15.870 15.870 55950 1 1487 15p870
5950 15.870 15.870 55951 2 1487 15p870
5951 15.870 15.870 55952 3 1487 15p870
5952 15.880 15.880 55953 0 1488 15p880
5953 15.880 15.880 55954 1 1488 15p880
5954 15.880 15.880 55955 2 1488 15p880
5955 15.880 15.880 55956 3 1488 15p880
5956 15.890 15.890 55957 0 1489 15p890
5957 15.890 15.890 55958 1 1489 15p890
5958 15.890 15.890 55959 2 1489 15p890
5959 15.890 15.890 55960 3 1489 15p890
5960 15.900 15.900 55961 0 1490 15p900
5961 15.900 15.900 55962 1 1490 15p900
5962 15.900 15.900 55963 2 1490 15p900
5963 15.900 15.900 55964 3 1490 15p900
5964 15.910 15.910 55965 0 1491 15p910
5965 15.910 15.910 55966 1 1491 15p910
5966 15.910 15.910 55967 2 1491 15p910
5967 15.910 15.910 55968 3 1491 15p910
5968 15.920 15.920 55969 0 1492 15p920
5969 15.920 15.920 55970 1 1492 15p920
5970 15.920 15.920 55971 2 1492 15p920
5971 15.920 15.920 55972 3 1492 15p920
5972 15.930 15.930 55973 0 1493 15p930
5973 15.930 15.930 55974 1 1493 15p930
5974 15.930 15.930 55975 2 1493 15p930
5975 15.930 15.930 55976 3 1493 15p930
5976 15.940 15.940 55977 0 1494 15p940
5977 15.940 15.940 55978 1 1494 15p940
5978 15.940 15.940 55979 2 1494 15p940
5979 15.940 15.940 55980 3 1494 15p940
5980 15.950 15.950 55981 0 1495 15p950
5981 15.950 15.950 55982 1 1495 15p950
5982 15.950 15.950 55983 2 1495 15p950
5983 15.950 15.950 55984 3 1495 15p950
5984 15.960 15.960 55985 0 1496 15p960
5985 15.960 15.960 55986 1 1496 15p960
5986 15.960 15.960 55987 2 1496 15p960
5987 15.960 15.960 55988 3 1496 15p960
5988 15.970 15.970 55989 0 1497 15p970
5989 15.970 15.970 55990 1 1497 15p970
5990 15.970 15.970 55991 2 1497 15p970
5991 15.970 15.970 55992 3 1497 15p970
5992 15.980 15.980 55993 0 1498 15p980
5993 15.980 15.980 55994 1 1498 15p980
5994 15.980 15.980 55995 2 1498 15p980
5995 15.980 15.980 55996 3 1498 15p980
5996 15.990 15.990 55997 0 1499 15p990
5997 15.990 15.990 55998 1 1499 15p990
5998 15.990 15.990 55999 2 1499 15p990
5999 15.990 15.990 56000 3 1499 15p990
6000 16.000 16.000 56001 0 1500 16p000
6001 16.000 16.000 56002 1 1500 16p000
6002 16.000 16.000 56003 2 1500 16p000
6003 16.000 16.000 56004 3 1500 16p000
6004 16.010 16.010 56005 0 1501 16p010
6005 16.010 16.010 56006 1 1501 16p010
6006 16.010 16.010 56007 2 1501 16p010
6007 16.010 16.010 56008 3 1501 16p010
6008 16.020 16.020 56009 0 1502 16p020
6009 16.020 16.020 56010 1 1502 16p020
6010 16.020 16.020 56011 2 1502 16p020
6011 16.020 16.020 56012 3 1502 16p020
6012 16.030 16.030 56013 0 1503 16p030
6013 16.030 16.030 56014 1 1503 16p030
6014 16.030 16.030 56015 2 1503 16p030
6015 16.030 16.030 56016 3 1503 16p030
6016 16.040 16.040 56017 0 1504 16p040
6017 16.040 16.040 56018 1 1504 16p040
6018 16.040 16.040 56019 2 1504 16p040
6019 16.040 16.040 56020 3 1504 16p040
6020 16.050 16.050 56021 0 1505 16p050
6021 16.050 16.050 56022 1 1505 16p050
6022 16.050 16.050 56023 2 1505 16p050
6023 16.050 16.050 56024 3 1505 16p050
6024 16.060 16.060 56025 0 1506 16p060
6025 16.060 16.060 56026 1 1506 16p060
6026 16.060 16.060 56027 2 1506 16p060
6027 16.060 16.060 56028 3 1506 16p060
6028 16.070 16.070 56029 0 1507 16p070
6029 16.070 16.070 56030 1 1507 16p070
6030 16.070 16.070 56031 2 1507 16p070
6031 16.070 16.070 56032 3 1507 16p070
6032 16.080 16.080 56033 0 1508 16p080
6033 16.080 16.080 56034 1 1508 16p080
6034 16.080 16.080 56035 2 1508 16p080
6035 16.080 16.080 56036 3 1508 16p080
6036 16.090 16.090 56037 0 1509 16p090
6037 16.090 16.090 56038 1 1509 16p090
6038 16.090 16.090 56039 2 1509 16p090
6039 16.090 16.090 56040 3 1509 16p090
6040 16.100 16.100 56041 0 1510 16p100
6041 16.100 16.100 56042 1 1510 16p100
6042 16.100 16.100 56043 2 1510 16p100
6043 16.100 16.100 56044 3 1510 16p100
6044 16.110 16.110 56045 0 1511 16p110
6045 16.110 16.110 56046 1 1511 16p110
6046 16.110 16.110 56047 2 1511 16p110
6047 16.110 16.110 56048 3 1511 16p110
6048 16.120 16.120 56049 0 1512 16p120
6049 16.120 16.120 56050 1 1512 16p120
6050 16.120 16.120 56051 2 1512 16p120
6051 16.120 16.120 56052 3 1512 16p120
6052 16.130 16.130 56053 0 1513 16p130
6053 16.130 16.130 56054 1 1513 16p130
6054 16.130 16.130 56055 2 1513 16p130
6055 16.130 16.130 56056 3 1513 16p130
6056 16.140 16.140 56057 0 1514 16p140
6057 16.140 16.140 56058 1 1514 16p140
6058 16.140 16.140 56059 2 1514 16p140
6059 16.140 16.140 56060 3 1514 16p140
6060 16.150 16.150 56061 0 1515 16p150
6061 16.150 16.150 56062 1 1515 16p150
6062 16.150 16.150 56063 2 1515 16p150
6063 16.150 16.150 56064 3 1515 16p150
6064 16.160 16.160 56065 0 1516 16p160
6065 16.160 16.160 56066 1 1516 16p160
6066 16.160 16.160 56067 2 1516 16p160
6067 16.160 16.160 56068 3 1516 16p160
6068 16.170 16.170 56069 0 1517 16p170
6069 16.170 16.170 56070 1 1517 16p170
6070 16.170 16.170 56071 2 1517 16p170
6071 16.170 16.170 56072 3 1517 16p170
6072 16.180 16.180 56073 0 1518 16p180
6073 16.180 16.180 56074 1 1518 16p180
6074 16.180 16.180 56075 2 1518 16p180
6075 16.180 16.180 56076 3 1518 16p180
6076 16.190 16.190 56077 0 1519 16p190
6077 16.190 16.190 56078 1 1519 16p190
6078 16.190 16.190 56079 2 1519 16p190
6079 16.190 16.190 56080 3 1519 16p190
6080 16.200 16.200 56081 0 1520 16p200
6081 16.200 16.200 56082 1 1520 16p200
6082 16.200 16.200 56083 2 1520 16p200
6083 16.200 16.200 56084 3 1520 16p200
6084 16.210 16.210 56085 0 1521 16p210
6085 16.210 16.210 56086 1 1521 16p210
6086 16.210 16.210 56087 2 1521 16p210
6087 16.210 16.210 56088 3 1521 16p210
6088 16.220 16.220 56089 0 1522 16p220
6089 16.220 16.220 56090 1 1522 16p220
6090 16.220 16.220 56091 2 1522 16p220
6091 16.220 16.220 56092 3 1522 16p220
6092 16.230 16.230 56093 0 1523 16p230
6093 16.230 16.230 56094 1 1523 16p230
6094 16.230 16.230 56095 2 1523 16p230
6095 16.230 16.230 56096 3 1523 16p230
6096 16.240 16.240 56097 0 1524 16p240
6097 16.240 16.240 56098 1 1524 16p240
6098 16.240 16.240 56099 2 1524 16p240
6099 16.240 16.240 56100 3 1524 16p240
6100 16.250 16.250 56101 0 1525 16p250
6101 16.250 16.250 56102 1 1525 16p250
6102 16.250 16.250 56103 2 1525 16p250
6103 16.250 16.250 56104 3 1525 16p250
6104 16.260 16.260 56105 0 1526 16p260
6105 16.260 16.260 56106 1 1526 16p260
6106 16.260 16.260 56107 2 1526 16p260
6107 16.260 16.260 56108 3 1526 16p260
6108 16.270 16.270 56109 0 1527 16p270
6109 16.270 16.270 56110 1 1527 16p270
6110 16.270 16.270 56111 2 1527 16p270
6111 16.270 16.270 56112 3 1527 16p270
6112 16.280 16.280 56113 0 1528 16p280
6113 16.280 16.280 56114 1 1528 16p280
6114 16.280 16.280 56115 2 1528 16p280
6115 16.280 16.280 56116 3 1528 16p280
6116 16.290 16.290 56117 0 1529 16p290
6117 16.290 16.290 56118 1 1529 16p290
6118 16.290 16.290 56119 2 1529 16p290
6119 16.290 16.290 56120 3 1529 16p290
6120 16.300 16.300 56121 0 1530 16p300
6121 16.300 16.300 56122 1 1530 16p300
6122 16.300 16.300 56123 2 1530 16p300
6123 16.300 16.300 56124 3 1530 16p300
6124 16.310 16.310 56125 0 1531 16p310
6125 16.310 16.310 56126 1 1531 16p310
6126 16.310 16.310 56127 2 1531 16p310
6127 16.310 16.310 56128 3 1531 16p310
6128 16.320 16.320 56129 0 1532 16p320
6129 16.320 16.320 56130 1 1532 16p320
6130 16.320 16.320 56131 2 1532 16p320
6131 16.320 16.320 56132 3 1532 16p320
6132 16.330 16.330 56133 0 1533 16p330
6133 16.330 16.330 56134 1 1533 16p330
6134 16.330 16.330 56135 2 1533 16p330
6135 16.330 16.330 56136 3 1533 16p330
6136 16.340 16.340 56137 0 1534 16p340
6137 16.340 16.340 56138 1 1534 16p340
6138 16.340 16.340 56139 2 1534 16p340
6139 16.340 16.340 56140 3 1534 16p340
6140 16.350 16.350 56141 0 1535 16p350
6141 16.350 16.350 56142 1 1535 16p350
6142 16.350 16.350 56143 2 1535 16p350
6143 16.350 16.350 56144 3 1535 16p350
6144 16.360 16.360 56145 0 1536 16p360
6145 16.360 16.360 56146 1 1536 16p360
6146 16.360 16.360 56147 2 1536 16p360
6147 16.360 16.360 56148 3 1536 16p360
6148 16.370 16.370 56149 0 1537 16p370
6149 16.370 16.370 56150 1 1537 16p370
6150 16.370 16.370 56151 2 1537 16p370
6151 16.370 16.370 56152 3 1537 16p370
6152 16.380 16.380 56153 0 1538 16p380
6153 16.380 16.380 56154 1 1538 16p380
6154 16.380 16.380 56155 2 1538 16p380
6155 16.380 16.380 56156 3 1538 16p380
6156 16.390 16.390 56157 0 1539 16p390
6157 16.390 16.390 56158 1 1539 16p390
6158 16.390 16.390 56159 2 1539 16p390
6159 16.390 16.390 56160 3 1539 16p390
6160 16.400 16.400 56161 0 1540 16p400
6161 16.400 16.400 56162 1 1540 16p400
6162 16.400 16.400 56163 2 1540 16p400
6163 16.400 16.400 56164 3 1540 16p400
6164 16.410 16.410 56165 0 1541 16p410
6165 16.410 16.410 56166 1 1541 16p410
6166 16.410 16.410 56167 2 1541 16p410
6167 16.410 16.410 56168 3 1541 16p410
6168 16.420 16.420 56169 0 1542 16p420
6169 16.420 16.420 56170 1 1542 16p420
6170 16.420 16.420 56171 2 1542 16p420
6171 16.420 16.420 56172 3 1542 16p420
6172 16.430 16.430 56173 0 1543 16p430
6173 16.430 16.430 56174 1 1543 16p430
6174 16.430 16.430 56175 2 1543 16p430
6175 16.430 16.430 56176 3 1543 16p430
6176 16.440 16.440 56177 0 1544 16p440
6177 16.440 16.440 56178 1 1544 16p440
6178 16.440 16.440 56179 2 1544 16p440
6179 16.440 16.440 56180 3 1544 16p440
6180 16.450 16.450 56181 0 1545 16p450
6181 16.450 16.450 56182 1 1545 16p450
6182 16.450 16.450 56183 2 1545 16p450
6183 16.450 16.450 56184 3 1545 16p450
6184 16.460 16.460 56185 0 1546 16p460
6185 16.460 16.460 56186 1 1546 16p460
6186 16.460 16.460 56187 2 1546 16p460
6187 16.460 16.460 56188 3 1546 16p460
6188 16.470 16.470 56189 0 1547 16p470
6189 16.470 16.470 56190 1 1547 16p470
6190 16.470 16.470 56191 2 1547 16p470
6191 16.470 16.470 56192 3 1547 16p470
6192 16.480 16.480 56193 0 1548 16p480
6193 16.480 16.480 56194 1 1548 16p480
6194 16.480 16.480 56195 2 1548 16p480
6195 16.480 16.480 56196 3 1548 16p480
6196 16.490 16.490 56197 0 1549 16p490
6197 16.490 16.490 56198 1 1549 16p490
6198 16.490 16.490 56199 2 1549 16p490
6199 16.490 16.490 56200 3 1549 16p490
6200 16.500 16.500 56201 0 1550 16p500
6201 16.500 16.500 56202 1 1550 16p500
6202 16.500 16.500 56203 2 1550 16p500
6203 16.500 16.500 56204 3 1550 16p500
6204 16.510 16.510 56205 0 1551 16p510
6205 16.510 16.510 56206 1 1551 16p510
6206 16.510 16.510 56207 2 1551 16p510
6207 16.510 16.510 56208 3 1551 16p510
6208 16.520 16.520 56209 0 1552 16p520
6209 16.520 16.520 56210 1 1552 16p520
6210 16.520 16.520 56211 2 1552 16p520
6211 16.520 16.520 56212 3 1552 16p520
6212 16.530 16.530 56213 0 1553 16p530
6213 16.530 16.530 56214 1 1553 16p530
6214 16.530 16.530 56215 2 1553 16p530
6215 16.530 16.530 56216 3 1553 16p530
6216 16.540 16.540 56217 0 1554 16p540
6217 16.540 16.540 56218 1 1554 16p540
6218 16.540 16.540 56219 2 1554 16p540
6219 16.540 16.540 56220 3 1554 16p540
6220 16.550 16.550 56221 0 1555 16p550
6221 16.550 16.550 56222 1 1555 16p550
6222 16.550 16.550 56223 2 1555 16p550
6223 16.550 16.550 56224 3 1555 16p550
6224 16.560 16.560 56225 0 1556 16p560
6225 16.560 16.560 56226 1 1556 16p560
6226 16.560 16.560 56227 2 1556 16p560
6227 16.560 16.560 56228 3 1556 16p560
6228 16.570 16.570 56229 0 1557 16p570
6229 16.570 16.570 56230 1 1557 16p570
6230 16.570 16.570 56231 2 1557 16p570
6231 16.570 16.570 56232 3 1557 16p570
6232 16.580 16.580 56233 0 1558 16p580
6233 16.580 16.580 56234 1 1558 16p580
6234 16.580 16.580 56235 2 1558 16p580
6235 16.580 16.580 56236 3 1558 16p580
6236 16.590 16.590 56237 0 1559 16p590
6237 16.590 16.590 56238 1 1559 16p590
6238 16.590 16.590 56239 2 1559 16p590
6239 16.590 16.590 56240 3 1559 16p590
6240 16.600 16.600 56241 0 1560 16p600
6241 16.600 16.600 56242 1 1560 16p600
6242 16.600 16.600 56243 2 1560 16p600
6243 16.600 16.600 56244 3 1560 16p600
6244 16.610 16.610 56245 0 1561 16p610
6245 16.610 16.610 56246 1 1561 16p610
6246 16.610 16.610 56247 2 1561 16p610
6247 16.610 16.610 56248 3 1561 16p610
6248 16.620 16.620 56249 0 1562 16p620
6249 16.620 16.620 56250 1 1562 16p620
6250 16.620 16.620 56251 2 1562 16p620
6251 16.620 16.620 56252 3 1562 16p620
6252 16.630 16.630 56253 0 1563 16p630
6253 16.630 16.630 56254 1 1563 16p630
6254 16.630 16.630 56255 2 1563 16p630
6255 16.630 16.630 56256 3 1563 16p630
6256 16.640 16.640 56257 0 1564 16p640
6257 16.640 16.640 56258 1 1564 16p640
6258 16.640 16.640 56259 2 1564 16p640
6259 16.640 16.640 56260 3 1564 16p640
6260 16.650 16.650 56261 0 1565 16p650
6261 16.650 16.650 56262 1 1565 16p650
6262 16.650 16.650 56263 2 1565 16p650
6263 16.650 16.650 56264 3 1565 16p650
6264 16.660 16.660 56265 0 1566 16p660
6265 16.660 16.660 56266 1 1566 16p660
6266 16.660 16.660 56267 2 1566 16p660
6267 16.660 16.660 56268 3 1566 16p660
6268 16.670 16.670 56269 0 1567 16p670
6269 16.670 16.670 56270 1 1567 16p670
6270 16.670 16.670 56271 2 1567 16p670
6271 16.670 16.670 56272 3 1567 16p670
6272 16.680 16.680 56273 0 1568 16p680
6273 16.680 16.680 56274 1 1568 16p680
6274 16.680 16.680 56275 2 1568 16p680
6275 16.680 16.680 56276 3 1568 16p680
6276 16.690 16.690 56277 0 1569 16p690
6277 16.690 16.690 56278 1 1569 16p690
6278 16.690 16.690 56279 2 1569 16p690
6279 16.690 16.690 56280 3 1569 16p690
6280 16.700 16.700 56281 0 1570 16p700
6281 16.700 16.700 56282 1 1570 16p700
6282 16.700 16.700 56283 2 1570 16p700
6283 16.700 16.700 56284 3 1570 16p700
6284 16.710 16.710 56285 0 1571 16p710
6285 16.710 16.710 56286 1 1571 16p710
6286 16.710 16.710 56287 2 1571 16p710
6287 16.710 16.710 56288 3 1571 16p710
6288 16.720 16.720 56289 0 1572 16p720
6289 16.720 16.720 56290 1 1572 16p720
6290 16.720 16.720 56291 2 1572 16p720
6291 16.720 16.720 56292 3 1572 16p720
6292 16.730 16.730 56293 0 1573 16p730
6293 16.730 16.730 56294 1 1573 16p730
6294 16.730 16.730 56295 2 1573 16p730
6295 16.730 16.730 56296 3 1573 16p730
6296 16.740 16.740 56297 0 1574 16p740
6297 16.740 16.740 56298 1 1574 16p740
6298 16.740 16.740 56299 2 1574 16p740
6299 16.740 16.740 56300 3 1574 16p740
6300 16.750 16.750 56301 0 1575 16p750
6301 16.750 16.750 56302 1 1575 16p750
6302 16.750 16.750 56303 2 1575 16p750
6303 16.750 16.750 56304 3 1575 16p750
6304 16.760 16.760 56305 0 1576 16p760
6305 16.760 16.760 56306 1 1576 16p760
6306 16.760 16.760 56307 2 1576 16p760
6307 16.760 16.760 56308 3 1576 16p760
6308 16.770 16.770 56309 0 1577 16p770
6309 16.770 16.770 56310 1 1577 16p770
6310 16.770 16.770 56311 2 1577 16p770
6311 16.770 16.770 56312 3 1577 16p770
6312 16.780 16.780 56313 0 1578 16p780
6313 16.780 16.780 56314 1 1578 16p780
6314 16.780 16.780 56315 2 1578 16p780
6315 16.780 16.780 56316 3 1578 16p780
6316 16.790 16.790 56317 0 1579 16p790
6317 16.790 16.790 56318 1 1579 16p790
6318 16.790 16.790 56319 2 1579 16p790
6319 16.790 16.790 56320 3 1579 16p790
6320 16.800 16.800 56321 0 1580 16p800
6321 16.800 16.800 56322 1 1580 16p800
6322 16.800 16.800 56323 2 1580 16p800
6323 16.800 16.800 56324 3 1580 16p800
6324 16.810 16.810 56325 0 1581 16p810
6325 16.810 16.810 56326 1 1581 16p810
6326 16.810 16.810 56327 2 1581 16p810
6327 16.810 16.810 56328 3 1581 16p810
6328 16.820 16.820 56329 0 1582 16p820
6329 16.820 16.820 56330 1 1582 16p820
6330 16.820 16.820 56331 2 1582 16p820
6331 16.820 16.820 56332 3 1582 16p820
6332 16.830 16.830 56333 0 1583 16p830
6333 16.830 16.830 56334 1 1583 16p830
6334 16.830 16.830 56335 2 1583 16p830
6335 16.830 16.830 56336 3 1583 16p830
6336 16.840 16.840 56337 0 1584 16p840
6337 16.840 16.840 56338 1 1584 16p840
6338 16.840 16.840 56339 2 1584 16p840
6339 16.840 16.840 56340 3 1584 16p840
6340 16.850 16.850 56341 0 1585 16p850
6341 16.850 16.850 56342 1 1585 16p850
6342 16.850 16.850 56343 2 1585 16p850
6343 16.850 16.850 56344 3 1585 16p850
6344 16.860 16.860 56345 0 1586 16p860
6345 16.860 16.860 56346 1 1586 16p860
6346 16.860 16.860 56347 2 1586 16p860
6347 16.860 16.860 56348 3 1586 16p860
6348 16.870 16.870 56349 0 1587 16p870
6349 16.870 16.870 56350 1 1587 16p870
6350 16.870 16.870 56351 2 1587 16p870
6351 16.870 16.870 56352 3 1587 16p870
6352 16.880 16.880 56353 0 1588 16p880
6353 16.880 16.880 56354 1 1588 16p880
6354 16.880 16.880 56355 2 1588 16p880
6355 16.880 16.880 56356 3 1588 16p880
6356 16.890 16.890 56357 0 1589 16p890
6357 16.890 16.890 56358 1 1589 16p890
6358 16.890 16.890 56359 2 1589 16p890
6359 16.890 16.890 56360 3 1589 16p890
6360 16.900 16.900 56361 0 1590 16p900
6361 16.900 16.900 56362 1 1590 16p900
6362 16.900 16.900 56363 2 1590 16p900
6363 16.900 16.900 56364 3 1590 16p900
6364 16.910 16.910 56365 0 1591 16p910
6365 16.910 16.910 56366 1 1591 16p910
6366 16.910 16.910 56367 2 1591 16p910
6367 16.910 16.910 56368 3 1591 16p910
6368 16.920 16.920 56369 0 1592 16p920
6369 16.920 16.920 56370 1 1592 16p920
6370 16.920 16.920 56371 2 1592 16p920
6371 16.920 16.920 56372 3 1592 16p920
6372 16.930 16.930 56373 0 1593 16p930
6373 16.930 16.930 56374 1 1593 16p930
6374 16.930 16.930 56375 2 1593 16p930
6375 16.930 16.930 56376 3 1593 16p930
6376 16.940 16.940 56377 0 1594 16p940
6377 16.940 16.940 56378 1 1594 16p940
6378 16.940 16.940 56379 2 1594 16p940
6379 16.940 16.940 56380 3 1594 16p940
6380 16.950 16.950 56381 0 1595 16p950
6381 16.950 16.950 56382 1 1595 16p950
6382 16.950 16.950 56383 2 1595 16p950
6383 16.950 16.950 56384 3 1595 16p950
6384 16.960 16.960 56385 0 1596 16p960
6385 16.960 16.960 56386 1 1596 16p960
6386 16.960 16.960 56387 2 1596 16p960
6387 16.960 16.960 56388 3 1596 16p960
6388 16.970 16.970 56389 0 1597 16p970
6389 16.970 16.970 56390 1 1597 16p970
6390 16.970 16.970 56391 2 1597 16p970
6391 16.970 16.970 56392 3 1597 16p970
6392 16.980 16.980 56393 0 1598 16p980
6393 16.980 16.980 56394 1 1598 16p980
6394 16.980 16.980 56395 2 1598 16p980
6395 16.980 16.980 56396 3 1598 16p980
6396 16.990 16.990 56397 0 1599 16p990
6397 16.990 16.990 56398 1 1599 16p990
6398 16.990 16.990 56399 2 1599 16p990
6399 16.990 16.990 56400 3 1599 16p990
6400 17.000 17.000 56401 0 1600 17p000
6401 17.000 17.000 56402 1 1600 17p000
6402 17.000 17.000 56403 2 1600 17p000
6403 17.000 17.000 56404 3 1600 17p000
6404 17.010 17.010 56405 0 1601 17p010
6405 17.010 17.010 56406 1 1601 17p010
6406 17.010 17.010 56407 2 1601 17p010
6407 17.010 17.010 56408 3 1601 17p010
6408 17.020 17.020 56409 0 1602 17p020
6409 17.020 17.020 56410 1 1602 17p020
6410 17.020 17.020 56411 2 1602 17p020
6411 17.020 17.020 56412 3 1602 17p020
6412 17.030 17.030 56413 0 1603 17p030
6413 17.030 17.030 56414 1 1603 17p030
6414 17.030 17.030 56415 2 1603 17p030
6415 17.030 17.030 56416 3 1603 17p030
6416 17.040 17.040 56417 0 1604 17p040
6417 17.040 17.040 56418 1 1604 17p040
6418 17.040 17.040 56419 2 1604 17p040
6419 17.040 17.040 56420 3 1604 17p040
6420 17.050 17.050 56421 0 1605 17p050
6421 17.050 17.050 56422 1 1605 17p050
6422 17.050 17.050 56423 2 1605 17p050
6423 17.050 17.050 56424 3 1605 17p050
6424 17.060 17.060 56425 0 1606 17p060
6425 17.060 17.060 56426 1 1606 17p060
6426 17.060 17.060 56427 2 1606 17p060
6427 17.060 17.060 56428 3 1606 17p060
6428 17.070 17.070 56429 0 1607 17p070
6429 17.070 17.070 56430 1 1607 17p070
6430 17.070 17.070 56431 2 1607 17p070
6431 17.070 17.070 56432 3 1607 17p070
6432 17.080 17.080 56433 0 1608 17p080
6433 17.080 17.080 56434 1 1608 17p080
6434 17.080 17.080 56435 2 1608 17p080
6435 17.080 17.080 56436 3 1608 17p080
6436 17.090 17.090 56437 0 1609 17p090
6437 17.090 17.090 56438 1 1609 17p090
6438 17.090 17.090 56439 2 1609 17p090
6439 17.090 17.090 56440 3 1609 17p090
6440 17.100 17.100 56441 0 1610 17p100
6441 17.100 17.100 56442 1 1610 17p100
6442 17.100 17.100 56443 2 1610 17p100
6443 17.100 17.100 56444 3 1610 17p100
6444 17.110 17.110 56445 0 1611 17p110
6445 17.110 17.110 56446 1 1611 17p110
6446 17.110 17.110 56447 2 1611 17p110
6447 17.110 17.110 56448 3 1611 17p110
6448 17.120 17.120 56449 0 1612 17p120
6449 17.120 17.120 56450 1 1612 17p120
6450 17.120 17.120 56451 2 1612 17p120
6451 17.120 17.120 56452 3 1612 17p120
6452 17.130 17.130 56453 0 1613 17p130
6453 17.130 17.130 56454 1 1613 17p130
6454 17.130 17.130 56455 2 1613 17p130
6455 17.130 17.130 56456 3 1613 17p130
6456 17.140 17.140 56457 0 1614 17p140
6457 17.140 17.140 56458 1 1614 17p140
6458 17.140 17.140 56459 2 1614 17p140
6459 17.140 17.140 56460 3 1614 17p140
6460 17.150 17.150 56461 0 1615 17p150
6461 17.150 17.150 56462 1 1615 17p150
6462 17.150 17.150 56463 2 1615 17p150
6463 17.150 17.150 56464 3 1615 17p150
6464 17.160 17.160 56465 0 1616 17p160
6465 17.160 17.160 56466 1 1616 17p160
6466 17.160 17.160 56467 2 1616 17p160
6467 17.160 17.160 56468 3 1616 17p160
6468 17.170 17.170 56469 0 1617 17p170
6469 17.170 17.170 56470 1 1617 17p170
6470 17.170 17.170 56471 2 1617 17p170
6471 17.170 17.170 56472 3 1617 17p170
6472 17.180 17.180 56473 0 1618 17p180
6473 17.180 17.180 56474 1 1618 17p180
6474 17.180 17.180 56475 2 1618 17p180
6475 17.180 17.180 56476 3 1618 17p180
6476 17.190 17.190 56477 0 1619 17p190
6477 17.190 17.190 56478 1 1619 17p190
6478 17.190 17.190 56479 2 1619 17p190
6479 17.190 17.190 56480 3 1619 17p190
6480 17.200 17.200 56481 0 1620 17p200
6481 17.200 17.200 56482 1 1620 17p200
6482 17.200 17.200 56483 2 1620 17p200
6483 17.200 17.200 56484 3 1620 17p200
6484 17.210 17.210 56485 0 1621 17p210
6485 17.210 17.210 56486 1 1621 17p210
6486 17.210 17.210 56487 2 1621 17p210
6487 17.210 17.210 56488 3 1621 17p210
6488 17.220 17.220 56489 0 1622 17p220
6489 17.220 17.220 56490 1 1622 17p220
6490 17.220 17.220 56491 2 1622 17p220
6491 17.220 17.220 56492 3 1622 17p220
6492 17.230 17.230 56493 0 1623 17p230
6493 17.230 17.230 56494 1 1623 17p230
6494 17.230 17.230 56495 2 1623 17p230
6495 17.230 17.230 56496 3 1623 17p230
6496 17.240 17.240 56497 0 1624 17p240
6497 17.240 17.240 56498 1 1624 17p240
6498 17.240 17.240 56499 2 1624 17p240
6499 17.240 17.240 56500 3 1624 17p240
6500 17.250 17.250 56501 0 1625 17p250
6501 17.250 17.250 56502 1 1625 17p250
6502 17.250 17.250 56503 2 1625 17p250
6503 17.250 17.250 56504 3 1625 17p250
6504 17.260 17.260 56505 0 1626 17p260
6505 17.260 17.260 56506 1 1626 17p260
6506 17.260 17.260 56507 2 1626 17p260
6507 17.260 17.260 56508 3 1626 17p260
6508 17.270 17.270 56509 0 1627 17p270
6509 17.270 17.270 56510 1 1627 17p270
6510 17.270 17.270 56511 2 1627 17p270
6511 17.270 17.270 56512 3 1627 17p270
6512 17.280 17.280 56513 0 1628 17p280
6513 17.280 17.280 56514 1 1628 17p280
6514 17.280 17.280 56515 2 1628 17p280
6515 17.280 17.280 56516 3 1628 17p280
6516 17.290 17.290 56517 0 1629 17p290
6517 17.290 17.290 56518 1 1629 17p290
6518 17.290 17.290 56519 2 1629 17p290
6519 17.290 17.290 56520 3 1629 17p290
6520 17.300 17.300 56521 0 1630 17p300
6521 17.300 17.300 56522 1 1630 17p300
6522 17.300 17.300 56523 2 1630 17p300
6523 17.300 17.300 56524 3 1630 17p300
6524 17.310 17.310 56525 0 1631 17p310
6525 17.310 17.310 56526 1 1631 17p310
6526 17.310 17.310 56527 2 1631 17p310
6527 17.310 17.310 56528 3 1631 17p310
6528 17.320 17.320 56529 0 1632 17p320
6529 17.320 17.320 56530 1 1632 17p320
6530 17.320 17.320 56531 2 1632 17p320
6531 17.320 17.320 56532 3 1632 17p320
6532 17.330 17.330 56533 0 1633 17p330
6533 17.330 17.330 56534 1 1633 17p330
6534 17.330 17.330 56535 2 1633 17p330
6535 17.330 17.330 56536 3 1633 17p330
6536 17.340 17.340 56537 0 1634 17p340
6537 17.340 17.340 56538 1 1634 17p340
6538 17.340 17.340 56539 2 1634 17p340
6539 17.340 17.340 56540 3 1634 17p340
6540 17.350 17.350 56541 0 1635 17p350
6541 17.350 17.350 56542 1 1635 17p350
6542 17.350 17.350 56543 2 1635 17p350
6543 17.350 17.350 56544 3 1635 17p350
6544 17.360 17.360 56545 0 1636 17p360
6545 17.360 17.360 56546 1 1636 17p360
6546 17.360 17.360 56547 2 1636 17p360
6547 17.360 17.360 56548 3 1636 17p360
6548 17.370 17.370 56549 0 1637 17p370
6549 17.370 17.370 56550 1 1637 17p370
6550 17.370 17.370 56551 2 1637 17p370
6551 17.370 17.370 56552 3 1637 17p370
6552 17.380 17.380 56553 0 1638 17p380
6553 17.380 17.380 56554 1 1638 17p380
6554 17.380 17.380 56555 2 1638 17p380
6555 17.380 17.380 56556 3 1638 17p380
6556 17.390 17.390 56557 0 1639 17p390
6557 17.390 17.390 56558 1 1639 17p390
6558 17.390 17.390 56559 2 1639 17p390
6559 17.390 17.390 56560 3 1639 17p390
6560 17.400 17.400 56561 0 1640 17p400
6561 17.400 17.400 56562 1 1640 17p400
6562 17.400 17.400 56563 2 1640 17p400
6563 17.400 17.400 56564 3 1640 17p400
6564 17.410 17.410 56565 0 1641 17p410
6565 17.410 17.410 56566 1 1641 17p410
6566 17.410 17.410 56567 2 1641 17p410
6567 17.410 17.410 56568 3 1641 17p410
6568 17.420 17.420 56569 0 1642 17p420
6569 17.420 17.420 56570 1 1642 17p420
6570 17.420 17.420 56571 2 1642 17p420
6571 17.420 17.420 56572 3 1642 17p420
6572 17.430 17.430 56573 0 1643 17p430
6573 17.430 17.430 56574 1 1643 17p430
6574 17.430 17.430 56575 2 1643 17p430
6575 17.430 17.430 56576 3 1643 17p430
6576 17.440 17.440 56577 0 1644 17p440
6577 17.440 17.440 56578 1 1644 17p440
6578 17.440 17.440 56579 2 1644 17p440
6579 17.440 17.440 56580 3 1644 17p440
6580 17.450 17.450 56581 0 1645 17p450
6581 17.450 17.450 56582 1 1645 17p450
6582 17.450 17.450 56583 2 1645 17p450
6583 17.450 17.450 56584 3 1645 17p450
6584 17.460 17.460 56585 0 1646 17p460
6585 17.460 17.460 56586 1 1646 17p460
6586 17.460 17.460 56587 2 1646 17p460
6587 17.460 17.460 56588 3 1646 17p460
6588 17.470 17.470 56589 0 1647 17p470
6589 17.470 17.470 56590 1 1647 17p470
6590 17.470 17.470 56591 2 1647 17p470
6591 17.470 17.470 56592 3 1647 17p470
6592 17.480 17.480 56593 0 1648 17p480
6593 17.480 17.480 56594 1 1648 17p480
6594 17.480 17.480 56595 2 1648 17p480
6595 17.480 17.480 56596 3 1648 17p480
6596 17.490 17.490 56597 0 1649 17p490
6597 17.490 17.490 56598 1 1649 17p490
6598 17.490 17.490 56599 2 1649 17p490
6599 17.490 17.490 56600 3 1649 17p490
6600 17.500 17.500 56601 0 1650 17p500
6601 17.500 17.500 56602 1 1650 17p500
6602 17.500 17.500 56603 2 1650 17p500
6603 17.500 17.500 56604 3 1650 17p500
6604 17.510 17.510 56605 0 1651 17p510
6605 17.510 17.510 56606 1 1651 17p510
6606 17.510 17.510 56607 2 1651 17p510
6607 17.510 17.510 56608 3 1651 17p510
6608 17.520 17.520 56609 0 1652 17p520
6609 17.520 17.520 56610 1 1652 17p520
6610 17.520 17.520 56611 2 1652 17p520
6611 17.520 17.520 56612 3 1652 17p520
6612 17.530 17.530 56613 0 1653 17p530
6613 17.530 17.530 56614 1 1653 17p530
6614 17.530 17.530 56615 2 1653 17p530
6615 17.530 17.530 56616 3 1653 17p530
6616 17.540 17.540 56617 0 1654 17p540
6617 17.540 17.540 56618 1 1654 17p540
6618 17.540 17.540 56619 2 1654 17p540
6619 17.540 17.540 56620 3 1654 17p540
6620 17.550 17.550 56621 0 1655 17p550
6621 17.550 17.550 56622 1 1655 17p550
6622 17.550 17.550 56623 2 1655 17p550
6623 17.550 17.550 56624 3 1655 17p550
6624 17.560 17.560 56625 0 1656 17p560
6625 17.560 17.560 56626 1 1656 17p560
6626 17.560 17.560 56627 2 1656 17p560
6627 17.560 17.560 56628 3 1656 17p560
6628 17.570 17.570 56629 0 1657 17p570
6629 17.570 17.570 56630 1 1657 17p570
6630 17.570 17.570 56631 2 1657 17p570
6631 17.570 17.570 56632 3 1657 17p570
6632 17.580 17.580 56633 0 1658 17p580
6633 17.580 17.580 56634 1 1658 17p580
6634 17.580 17.580 56635 2 1658 17p580
6635 17.580 17.580 56636 3 1658 17p580
6636 17.590 17.590 56637 0 1659 17p590
6637 17.590 17.590 56638 1 1659 17p590
6638 17.590 17.590 56639 2 1659 17p590
6639 17.590 17.590 56640 3 1659 17p590
6640 17.600 17.600 56641 0 1660 17p600
6641 17.600 17.600 56642 1 1660 17p600
6642 17.600 17.600 56643 2 1660 17p600
6643 17.600 17.600 56644 3 1660 17p600
6644 17.610 17.610 56645 0 1661 17p610
6645 17.610 17.610 56646 1 1661 17p610
6646 17.610 17.610 56647 2 1661 17p610
6647 17.610 17.610 56648 3 1661 17p610
6648 17.620 17.620 56649 0 1662 17p620
6649 17.620 17.620 56650 1 1662 17p620
6650 17.620 17.620 56651 2 1662 17p620
6651 17.620 17.620 56652 3 1662 17p620
6652 17.630 17.630 56653 0 1663 17p630
6653 17.630 17.630 56654 1 1663 17p630
6654 17.630 17.630 56655 2 1663 17p630
6655 17.630 17.630 56656 3 1663 17p630
6656 17.640 17.640 56657 0 1664 17p640
6657 17.640 17.640 56658 1 1664 17p640
6658 17.640 17.640 56659 2 1664 17p640
6659 17.640 17.640 56660 3 1664 17p640
6660 17.650 17.650 56661 0 1665 17p650
6661 17.650 17.650 56662 1 1665 17p650
6662 17.650 17.650 56663 2 1665 17p650
6663 17.650 17.650 56664 3 1665 17p650
6664 17.660 17.660 56665 0 1666 17p660
6665 17.660 17.660 56666 1 1666 17p660
6666 17.660 17.660 56667 2 1666 17p660
6667 17.660 17.660 56668 3 1666 17p660
6668 17.670 17.670 56669 0 1667 17p670
6669 17.670 17.670 56670 1 1667 17p670
6670 17.670 17.670 56671 2 1667 17p670
6671 17.670 17.670 56672 3 1667 17p670
6672 17.680 17.680 56673 0 1668 17p680
6673 17.680 17.680 56674 1 1668 17p680
6674 17.680 17.680 56675 2 1668 17p680
6675 17.680 17.680 56676 3 1668 17p680
6676 17.690 17.690 56677 0 1669 17p690
6677 17.690 17.690 56678 1 1669 17p690
6678 17.690 17.690 56679 2 1669 17p690
6679 17.690 17.690 56680 3 1669 17p690
6680 17.700 17.700 56681 0 1670 17p700
6681 17.700 17.700 56682 1 1670 17p700
6682 17.700 17.700 56683 2 1670 17p700
6683 17.700 17.700 56684 3 1670 17p700
6684 17.710 17.710 56685 0 1671 17p710
6685 17.710 17.710 56686 1 1671 17p710
6686 17.710 17.710 56687 2 1671 17p710
6687 17.710 17.710 56688 3 1671 17p710
6688 17.720 17.720 56689 0 1672 17p720
6689 17.720 17.720 56690 1 1672 17p720
6690 17.720 17.720 56691 2 1672 17p720
6691 17.720 17.720 56692 3 1672 17p720
6692 17.730 17.730 56693 0 1673 17p730
6693 17.730 17.730 56694 1 1673 17p730
6694 17.730 17.730 56695 2 1673 17p730
6695 17.730 17.730 56696 3 1673 17p730
6696 17.740 17.740 56697 0 1674 17p740
6697 17.740 17.740 56698 1 1674 17p740
6698 17.740 17.740 56699 2 1674 17p740
6699 17.740 17.740 56700 3 1674 17p740
6700 17.750 17.750 56701 0 1675 17p750
6701 17.750 17.750 56702 1 1675 17p750
6702 17.750 17.750 56703 2 1675 17p750
6703 17.750 17.750 56704 3 1675 17p750
6704 17.760 17.760 56705 0 1676 17p760
6705 17.760 17.760 56706 1 1676 17p760
6706 17.760 17.760 56707 2 1676 17p760
6707 17.760 17.760 56708 3 1676 17p760
6708 17.770 17.770 56709 0 1677 17p770
6709 17.770 17.770 56710 1 1677 17p770
6710 17.770 17.770 56711 2 1677 17p770
6711 17.770 17.770 56712 3 1677 17p770
6712 17.780 17.780 56713 0 1678 17p780
6713 17.780 17.780 56714 1 1678 17p780
6714 17.780 17.780 56715 2 1678 17p780
6715 17.780 17.780 56716 3 1678 17p780
6716 17.790 17.790 56717 0 1679 17p790
6717 17.790 17.790 56718 1 1679 17p790
6718 17.790 17.790 56719 2 1679 17p790
6719 17.790 17.790 56720 3 1679 17p790
6720 17.800 17.800 56721 0 1680 17p800
6721 17.800 17.800 56722 1 1680 17p800
6722 17.800 17.800 56723 2 1680 17p800
6723 17.800 17.800 56724 3 1680 17p800
6724 17.810 17.810 56725 0 1681 17p810
6725 17.810 17.810 56726 1 1681 17p810
6726 17.810 17.810 56727 2 1681 17p810
6727 17.810 17.810 56728 3 1681 17p810
6728 17.820 17.820 56729 0 1682 17p820
6729 17.820 17.820 56730 1 1682 17p820
6730 17.820 17.820 56731 2 1682 17p820
6731 17.820 17.820 56732 3 1682 17p820
6732 17.830 17.830 56733 0 1683 17p830
6733 17.830 17.830 56734 1 1683 17p830
6734 17.830 17.830 56735 2 1683 17p830
6735 17.830 17.830 56736 3 1683 17p830
6736 17.840 17.840 56737 0 1684 17p840
6737 17.840 17.840 56738 1 1684 17p840
6738 17.840 17.840 56739 2 1684 17p840
6739 17.840 17.840 56740 3 1684 17p840
6740 17.850 17.850 56741 0 1685 17p850
6741 17.850 17.850 56742 1 1685 17p850
6742 17.850 17.850 56743 2 1685 17p850
6743 17.850 17.850 56744 3 1685 17p850
6744 17.860 17.860 56745 0 1686 17p860
6745 17.860 17.860 56746 1 1686 17p860
6746 17.860 17.860 56747 2 1686 17p860
6747 17.860 17.860 56748 3 1686 17p860
6748 17.870 17.870 56749 0 1687 17p870
6749 17.870 17.870 56750 1 1687 17p870
6750 17.870 17.870 56751 2 1687 17p870
6751 17.870 17.870 56752 3 1687 17p870
6752 17.880 17.880 56753 0 1688 17p880
6753 17.880 17.880 56754 1 1688 17p880
6754 17.880 17.880 56755 2 1688 17p880
6755 17.880 17.880 56756 3 1688 17p880
6756 17.890 17.890 56757 0 1689 17p890
6757 17.890 17.890 56758 1 1689 17p890
6758 17.890 17.890 56759 2 1689 17p890
6759 17.890 17.890 56760 3 1689 17p890
6760 17.900 17.900 56761 0 1690 17p900
6761 17.900 17.900 56762 1 1690 17p900
6762 17.900 17.900 56763 2 1690 17p900
6763 17.900 17.900 56764 3 1690 17p900
6764 17.910 17.910 56765 0 1691 17p910
6765 17.910 17.910 56766 1 1691 17p910
6766 17.910 17.910 56767 2 1691 17p910
6767 17.910 17.910 56768 3 1691 17p910
6768 17.920 17.920 56769 0 1692 17p920
6769 17.920 17.920 56770 1 1692 17p920
6770 17.920 17.920 56771 2 1692 17p920
6771 17.920 17.920 56772 3 1692 17p920
6772 17.930 17.930 56773 0 1693 17p930
6773 17.930 17.930 56774 1 1693 17p930
6774 17.930 17.930 56775 2 1693 17p930
6775 17.930 17.930 56776 3 1693 17p930
6776 17.940 17.940 56777 0 1694 17p940
6777 17.940 17.940 56778 1 1694 17p940
6778 17.940 17.940 56779 2 1694 17p940
6779 17.940 17.940 56780 3 1694 17p940
6780 17.950 17.950 56781 0 1695 17p950
6781 17.950 17.950 56782 1 1695 17p950
6782 17.950 17.950 56783 2 1695 17p950
6783 17.950 17.950 56784 3 1695 17p950
6784 17.960 17.960 56785 0 1696 17p960
6785 17.960 17.960 56786 1 1696 17p960
6786 17.960 17.960 56787 2 1696 17p960
6787 17.960 17.960 56788 3 1696 17p960
6788 17.970 17.970 56789 0 1697 17p970
6789 17.970 17.970 56790 1 1697 17p970
6790 17.970 17.970 56791 2 1697 17p970
6791 17.970 17.970 56792 3 1697 17p970
6792 17.980 17.980 56793 0 1698 17p980
6793 17.980 17.980 56794 1 1698 17p980
6794 17.980 17.980 56795 2 1698 17p980
6795 17.980 17.980 56796 3 1698 17p980
6796 17.990 17.990 56797 0 1699 17p990
6797 17.990 17.990 56798 1 1699 17p990
6798 17.990 17.990 56799 2 1699 17p990
6799 17.990 17.990 56800 3 1699 17p990
6800 18.000 18.000 56801 0 1700 18p000
6801 18.000 18.000 56802 1 1700 18p000
6802 18.000 18.000 56803 2 1700 18p000
6803 18.000 18.000 56804 3 1700 18p000
6804 18.010 18.010 56805 0 1701 18p010
6805 18.010 18.010 56806 1 1701 18p010
6806 18.010 18.010 56807 2 1701 18p010
6807 18.010 18.010 56808 3 1701 18p010
6808 18.020 18.020 56809 0 1702 18p020
6809 18.020 18.020 56810 1 1702 18p020
6810 18.020 18.020 56811 2 1702 18p020
6811 18.020 18.020 56812 3 1702 18p020
6812 18.030 18.030 56813 0 1703 18p030
6813 18.030 18.030 56814 1 1703 18p030
6814 18.030 18.030 56815 2 1703 18p030
6815 18.030 18.030 56816 3 1703 18p030
6816 18.040 18.040 56817 0 1704 18p040
6817 18.040 18.040 56818 1 1704 18p040
6818 18.040 18.040 56819 2 1704 18p040
6819 18.040 18.040 56820 3 1704 18p040
6820 18.050 18.050 56821 0 1705 18p050
6821 18.050 18.050 56822 1 1705 18p050
6822 18.050 18.050 56823 2 1705 18p050
6823 18.050 18.050 56824 3 1705 18p050
6824 18.060 18.060 56825 0 1706 18p060
6825 18.060 18.060 56826 1 1706 18p060
6826 18.060 18.060 56827 2 1706 18p060
6827 18.060 18.060 56828 3 1706 18p060
6828 18.070 18.070 56829 0 1707 18p070
6829 18.070 18.070 56830 1 1707 18p070
6830 18.070 18.070 56831 2 1707 18p070
6831 18.070 18.070 56832 3 1707 18p070
6832 18.080 18.080 56833 0 1708 18p080
6833 18.080 18.080 56834 1 1708 18p080
6834 18.080 18.080 56835 2 1708 18p080
6835 18.080 18.080 56836 3 1708 18p080
6836 18.090 18.090 56837 0 1709 18p090
6837 18.090 18.090 56838 1 1709 18p090
6838 18.090 18.090 56839 2 1709 18p090
6839 18.090 18.090 56840 3 1709 18p090
6840 18.100 18.100 56841 0 1710 18p100
6841 18.100 18.100 56842 1 1710 18p100
6842 18.100 18.100 56843 2 1710 18p100
6843 18.100 18.100 56844 3 1710 18p100
6844 18.110 18.110 56845 0 1711 18p110
6845 18.110 18.110 56846 1 1711 18p110
6846 18.110 18.110 56847 2 1711 18p110
6847 18.110 18.110 56848 3 1711 18p110
6848 18.120 18.120 56849 0 1712 18p120
6849 18.120 18.120 56850 1 1712 18p120
6850 18.120 18.120 56851 2 1712 18p120
6851 18.120 18.120 56852 3 1712 18p120
6852 18.130 18.130 56853 0 1713 18p130
6853 18.130 18.130 56854 1 1713 18p130
6854 18.130 18.130 56855 2 1713 18p130
6855 18.130 18.130 56856 3 1713 18p130
6856 18.140 18.140 56857 0 1714 18p140
6857 18.140 18.140 56858 1 1714 18p140
6858 18.140 18.140 56859 2 1714 18p140
6859 18.140 18.140 56860 3 1714 18p140
6860 18.150 18.150 56861 0 1715 18p150
6861 18.150 18.150 56862 1 1715 18p150
6862 18.150 18.150 56863 2 1715 18p150
6863 18.150 18.150 56864 3 1715 18p150
6864 18.160 18.160 56865 0 1716 18p160
6865 18.160 18.160 56866 1 1716 18p160
6866 18.160 18.160 56867 2 1716 18p160
6867 18.160 18.160 56868 3 1716 18p160
6868 18.170 18.170 56869 0 1717 18p170
6869 18.170 18.170 56870 1 1717 18p170
6870 18.170 18.170 56871 2 1717 18p170
6871 18.170 18.170 56872 3 1717 18p170
6872 18.180 18.180 56873 0 1718 18p180
6873 18.180 18.180 56874 1 1718 18p180
6874 18.180 18.180 56875 2 1718 18p180
6875 18.180 18.180 56876 3 1718 18p180
6876 18.190 18.190 56877 0 1719 18p190
6877 18.190 18.190 56878 1 1719 18p190
6878 18.190 18.190 56879 2 1719 18p190
6879 18.190 18.190 56880 3 1719 18p190
6880 18.200 18.200 56881 0 1720 18p200
6881 18.200 18.200 56882 1 1720 18p200
6882 18.200 18.200 56883 2 1720 18p200
6883 18.200 18.200 56884 3 1720 18p200
6884 18.210 18.210 56885 0 1721 18p210
6885 18.210 18.210 56886 1 1721 18p210
6886 18.210 18.210 56887 2 1721 18p210
6887 18.210 18.210 56888 3 1721 18p210
6888 18.220 18.220 56889 0 1722 18p220
6889 18.220 18.220 56890 1 1722 18p220
6890 18.220 18.220 56891 2 1722 18p220
6891 18.220 18.220 56892 3 1722 18p220
6892 18.230 18.230 56893 0 1723 18p230
6893 18.230 18.230 56894 1 1723 18p230
6894 18.230 18.230 56895 2 1723 18p230
6895 18.230 18.230 56896 3 1723 18p230
6896 18.240 18.240 56897 0 1724 18p240
6897 18.240 18.240 56898 1 1724 18p240
6898 18.240 18.240 56899 2 1724 18p240
6899 18.240 18.240 56900 3 1724 18p240
6900 18.250 18.250 56901 0 1725 18p250
6901 18.250 18.250 56902 1 1725 18p250
6902 18.250 18.250 56903 2 1725 18p250
6903 18.250 18.250 56904 3 1725 18p250
6904 18.260 18.260 56905 0 1726 18p260
6905 18.260 18.260 56906 1 1726 18p260
6906 18.260 18.260 56907 2 1726 18p260
6907 18.260 18.260 56908 3 1726 18p260
6908 18.270 18.270 56909 0 1727 18p270
6909 18.270 18.270 56910 1 1727 18p270
6910 18.270 18.270 56911 2 1727 18p270
6911 18.270 18.270 56912 3 1727 18p270
6912 18.280 18.280 56913 0 1728 18p280
6913 18.280 18.280 56914 1 1728 18p280
6914 18.280 18.280 56915 2 1728 18p280
6915 18.280 18.280 56916 3 1728 18p280
6916 18.290 18.290 56917 0 1729 18p290
6917 18.290 18.290 56918 1 1729 18p290
6918 18.290 18.290 56919 2 1729 18p290
6919 18.290 18.290 56920 3 1729 18p290
6920 18.300 18.300 56921 0 1730 18p300
6921 18.300 18.300 56922 1 1730 18p300
6922 18.300 18.300 56923 2 1730 18p300
6923 18.300 18.300 56924 3 1730 18p300
6924 18.310 18.310 56925 0 1731 18p310
6925 18.310 18.310 56926 1 1731 18p310
6926 18.310 18.310 56927 2 1731 18p310
6927 18.310 18.310 56928 3 1731 18p310
6928 18.320 18.320 56929 0 1732 18p320
6929 18.320 18.320 56930 1 1732 18p320
6930 18.320 18.320 56931 2 1732 18p320
6931 18.320 18.320 56932 3 1732 18p320
6932 18.330 18.330 56933 0 1733 18p330
6933 18.330 18.330 56934 1 1733 18p330
6934 18.330 18.330 56935 2 1733 18p330
6935 18.330 18.330 56936 3 1733 18p330
6936 18.340 18.340 56937 0 1734 18p340
6937 18.340 18.340 56938 1 1734 18p340
6938 18.340 18.340 56939 2 1734 18p340
6939 18.340 18.340 56940 3 1734 18p340
6940 18.350 18.350 56941 0 1735 18p350
6941 18.350 18.350 56942 1 1735 18p350
6942 18.350 18.350 56943 2 1735 18p350
6943 18.350 18.350 56944 3 1735 18p350
6944 18.360 18.360 56945 0 1736 18p360
6945 18.360 18.360 56946 1 1736 18p360
6946 18.360 18.360 56947 2 1736 18p360
6947 18.360 18.360 56948 3 1736 18p360
6948 18.370 18.370 56949 0 1737 18p370
6949 18.370 18.370 56950 1 1737 18p370
6950 18.370 18.370 56951 2 1737 18p370
6951 18.370 18.370 56952 3 1737 18p370
6952 18.380 18.380 56953 0 1738 18p380
6953 18.380 18.380 56954 1 1738 18p380
6954 18.380 18.380 56955 2 1738 18p380
6955 18.380 18.380 56956 3 1738 18p380
6956 18.390 18.390 56957 0 1739 18p390
6957 18.390 18.390 56958 1 1739 18p390
6958 18.390 18.390 56959 2 1739 18p390
6959 18.390 18.390 56960 3 1739 18p390
6960 18.400 18.400 56961 0 1740 18p400
6961 18.400 18.400 56962 1 1740 18p400
6962 18.400 18.400 56963 2 1740 18p400
6963 18.400 18.400 56964 3 1740 18p400
6964 18.410 18.410 56965 0 1741 18p410
6965 18.410 18.410 56966 1 1741 18p410
6966 18.410 18.410 56967 2 1741 18p410
6967 18.410 18.410 56968 3 1741 18p410
6968 18.420 18.420 56969 0 1742 18p420
6969 18.420 18.420 56970 1 1742 18p420
6970 18.420 18.420 56971 2 1742 18p420
6971 18.420 18.420 56972 3 1742 18p420
6972 18.430 18.430 56973 0 1743 18p430
6973 18.430 18.430 56974 1 1743 18p430
6974 18.430 18.430 56975 2 1743 18p430
6975 18.430 18.430 56976 3 1743 18p430
6976 18.440 18.440 56977 0 1744 18p440
6977 18.440 18.440 56978 1 1744 18p440
6978 18.440 18.440 56979 2 1744 18p440
6979 18.440 18.440 56980 3 1744 18p440
6980 18.450 18.450 56981 0 1745 18p450
6981 18.450 18.450 56982 1 1745 18p450
6982 18.450 18.450 56983 2 1745 18p450
6983 18.450 18.450 56984 3 1745 18p450
6984 18.460 18.460 56985 0 1746 18p460
6985 18.460 18.460 56986 1 1746 18p460
6986 18.460 18.460 56987 2 1746 18p460
6987 18.460 18.460 56988 3 1746 18p460
6988 18.470 18.470 56989 0 1747 18p470
6989 18.470 18.470 56990 1 1747 18p470
6990 18.470 18.470 56991 2 1747 18p470
6991 18.470 18.470 56992 3 1747 18p470
6992 18.480 18.480 56993 0 1748 18p480
6993 18.480 18.480 56994 1 1748 18p480
6994 18.480 18.480 56995 2 1748 18p480
6995 18.480 18.480 56996 3 1748 18p480
6996 18.490 18.490 56997 0 1749 18p490
6997 18.490 18.490 56998 1 1749 18p490
6998 18.490 18.490 56999 2 1749 18p490
6999 18.490 18.490 57000 3 1749 18p490
7000 18.500 18.500 57001 0 1750 18p500
7001 18.500 18.500 57002 1 1750 18p500
7002 18.500 18.500 57003 2 1750 18p500
7003 18.500 18.500 57004 3 1750 18p500
7004 18.510 18.510 57005 0 1751 18p510
7005 18.510 18.510 57006 1 1751 18p510
7006 18.510 18.510 57007 2 1751 18p510
7007 18.510 18.510 57008 3 1751 18p510
7008 18.520 18.520 57009 0 1752 18p520
7009 18.520 18.520 57010 1 1752 18p520
7010 18.520 18.520 57011 2 1752 18p520
7011 18.520 18.520 57012 3 1752 18p520
7012 18.530 18.530 57013 0 1753 18p530
7013 18.530 18.530 57014 1 1753 18p530
7014 18.530 18.530 57015 2 1753 18p530
7015 18.530 18.530 57016 3 1753 18p530
7016 18.540 18.540 57017 0 1754 18p540
7017 18.540 18.540 57018 1 1754 18p540
7018 18.540 18.540 57019 2 1754 18p540
7019 18.540 18.540 57020 3 1754 18p540
7020 18.550 18.550 57021 0 1755 18p550
7021 18.550 18.550 57022 1 1755 18p550
7022 18.550 18.550 57023 2 1755 18p550
7023 18.550 18.550 57024 3 1755 18p550
7024 18.560 18.560 57025 0 1756 18p560
7025 18.560 18.560 57026 1 1756 18p560
7026 18.560 18.560 57027 2 1756 18p560
7027 18.560 18.560 57028 3 1756 18p560
7028 18.570 18.570 57029 0 1757 18p570
7029 18.570 18.570 57030 1 1757 18p570
7030 18.570 18.570 57031 2 1757 18p570
7031 18.570 18.570 57032 3 1757 18p570
7032 18.580 18.580 57033 0 1758 18p580
7033 18.580 18.580 57034 1 1758 18p580
7034 18.580 18.580 57035 2 1758 18p580
7035 18.580 18.580 57036 3 1758 18p580
7036 18.590 18.590 57037 0 1759 18p590
7037 18.590 18.590 57038 1 1759 18p590
7038 18.590 18.590 57039 2 1759 18p590
7039 18.590 18.590 57040 3 1759 18p590
7040 18.600 18.600 57041 0 1760 18p600
7041 18.600 18.600 57042 1 1760 18p600
7042 18.600 18.600 57043 2 1760 18p600
7043 18.600 18.600 57044 3 1760 18p600
7044 18.610 18.610 57045 0 1761 18p610
7045 18.610 18.610 57046 1 1761 18p610
7046 18.610 18.610 57047 2 1761 18p610
7047 18.610 18.610 57048 3 1761 18p610
7048 18.620 18.620 57049 0 1762 18p620
7049 18.620 18.620 57050 1 1762 18p620
7050 18.620 18.620 57051 2 1762 18p620
7051 18.620 18.620 57052 3 1762 18p620
7052 18.630 18.630 57053 0 1763 18p630
7053 18.630 18.630 57054 1 1763 18p630
7054 18.630 18.630 57055 2 1763 18p630
7055 18.630 18.630 57056 3 1763 18p630
7056 18.640 18.640 57057 0 1764 18p640
7057 18.640 18.640 57058 1 1764 18p640
7058 18.640 18.640 57059 2 1764 18p640
7059 18.640 18.640 57060 3 1764 18p640
7060 18.650 18.650 57061 0 1765 18p650
7061 18.650 18.650 57062 1 1765 18p650
7062 18.650 18.650 57063 2 1765 18p650
7063 18.650 18.650 57064 3 1765 18p650
7064 18.660 18.660 57065 0 1766 18p660
7065 18.660 18.660 57066 1 1766 18p660
7066 18.660 18.660 57067 2 1766 18p660
7067 18.660 18.660 57068 3 1766 18p660
7068 18.670 18.670 57069 0 1767 18p670
7069 18.670 18.670 57070 1 1767 18p670
7070 18.670 18.670 57071 2 1767 18p670
7071 18.670 18.670 57072 3 1767 18p670
7072 18.680 18.680 57073 0 1768 18p680
7073 18.680 18.680 57074 1 1768 18p680
7074 18.680 18.680 57075 2 1768 18p680
7075 18.680 18.680 57076 3 1768 18p680
7076 18.690 18.690 57077 0 1769 18p690
7077 18.690 18.690 57078 1 1769 18p690
7078 18.690 18.690 57079 2 1769 18p690
7079 18.690 18.690 57080 3 1769 18p690
7080 18.700 18.700 57081 0 1770 18p700
7081 18.700 18.700 57082 1 1770 18p700
7082 18.700 18.700 57083 2 1770 18p700
7083 18.700 18.700 57084 3 1770 18p700
7084 18.710 18.710 57085 0 1771 18p710
7085 18.710 18.710 57086 1 1771 18p710
7086 18.710 18.710 57087 2 1771 18p710
7087 18.710 18.710 57088 3 1771 18p710
7088 18.720 18.720 57089 0 1772 18p720
7089 18.720 18.720 57090 1 1772 18p720
7090 18.720 18.720 57091 2 1772 18p720
7091 18.720 18.720 57092 3 1772 18p720
7092 18.730 18.730 57093 0 1773 18p730
7093 18.730 18.730 57094 1 1773 18p730
7094 18.730 18.730 57095 2 1773 18p730
7095 18.730 18.730 57096 3 1773 18p730
7096 18.740 18.740 57097 0 1774 18p740
7097 18.740 18.740 57098 1 1774 18p740
7098 18.740 18.740 57099 2 1774 18p740
7099 18.740 18.740 57100 3 1774 18p740
7100 18.750 18.750 57101 0 1775 18p750
7101 18.750 18.750 57102 1 1775 18p750
7102 18.750 18.750 57103 2 1775 18p750
7103 18.750 18.750 57104 3 1775 18p750
7104 18.760 18.760 57105 0 1776 18p760
7105 18.760 18.760 57106 1 1776 18p760
7106 18.760 18.760 57107 2 1776 18p760
7107 18.760 18.760 57108 3 1776 18p760
7108 18.770 18.770 57109 0 1777 18p770
7109 18.770 18.770 57110 1 1777 18p770
7110 18.770 18.770 57111 2 1777 18p770
7111 18.770 18.770 57112 3 1777 18p770
7112 18.780 18.780 57113 0 1778 18p780
7113 18.780 18.780 57114 1 1778 18p780
7114 18.780 18.780 57115 2 1778 18p780
7115 18.780 18.780 57116 3 1778 18p780
7116 18.790 18.790 57117 0 1779 18p790
7117 18.790 18.790 57118 1 1779 18p790
7118 18.790 18.790 57119 2 1779 18p790
7119 18.790 18.790 57120 3 1779 18p790
7120 18.800 18.800 57121 0 1780 18p800
7121 18.800 18.800 57122 1 1780 18p800
7122 18.800 18.800 57123 2 1780 18p800
7123 18.800 18.800 57124 3 1780 18p800
7124 18.810 18.810 57125 0 1781 18p810
7125 18.810 18.810 57126 1 1781 18p810
7126 18.810 18.810 57127 2 1781 18p810
7127 18.810 18.810 57128 3 1781 18p810
7128 18.820 18.820 57129 0 1782 18p820
7129 18.820 18.820 57130 1 1782 18p820
7130 18.820 18.820 57131 2 1782 18p820
7131 18.820 18.820 57132 3 1782 18p820
7132 18.830 18.830 57133 0 1783 18p830
7133 18.830 18.830 57134 1 1783 18p830
7134 18.830 18.830 57135 2 1783 18p830
7135 18.830 18.830 57136 3 1783 18p830
7136 18.840 18.840 57137 0 1784 18p840
7137 18.840 18.840 57138 1 1784 18p840
7138 18.840 18.840 57139 2 1784 18p840
7139 18.840 18.840 57140 3 1784 18p840
7140 18.850 18.850 57141 0 1785 18p850
7141 18.850 18.850 57142 1 1785 18p850
7142 18.850 18.850 57143 2 1785 18p850
7143 18.850 18.850 57144 3 1785 18p850
7144 18.860 18.860 57145 0 1786 18p860
7145 18.860 18.860 57146 1 1786 18p860
7146 18.860 18.860 57147 2 1786 18p860
7147 18.860 18.860 57148 3 1786 18p860
7148 18.870 18.870 57149 0 1787 18p870
7149 18.870 18.870 57150 1 1787 18p870
7150 18.870 18.870 57151 2 1787 18p870
7151 18.870 18.870 57152 3 1787 18p870
7152 18.880 18.880 57153 0 1788 18p880
7153 18.880 18.880 57154 1 1788 18p880
7154 18.880 18.880 57155 2 1788 18p880
7155 18.880 18.880 57156 3 1788 18p880
7156 18.890 18.890 57157 0 1789 18p890
7157 18.890 18.890 57158 1 1789 18p890
7158 18.890 18.890 57159 2 1789 18p890
7159 18.890 18.890 57160 3 1789 18p890
7160 18.900 18.900 57161 0 1790 18p900
7161 18.900 18.900 57162 1 1790 18p900
7162 18.900 18.900 57163 2 1790 18p900
7163 18.900 18.900 57164 3 1790 18p900
7164 18.910 18.910 57165 0 1791 18p910
7165 18.910 18.910 57166 1 1791 18p910
7166 18.910 18.910 57167 2 1791 18p910
7167 18.910 18.910 57168 3 1791 18p910
7168 18.920 18.920 57169 0 1792 18p920
7169 18.920 18.920 57170 1 1792 18p920
7170 18.920 18.920 57171 2 1792 18p920
7171 18.920 18.920 57172 3 1792 18p920
7172 18.930 18.930 57173 0 1793 18p930
7173 18.930 18.930 57174 1 1793 18p930
7174 18.930 18.930 57175 2 1793 18p930
7175 18.930 18.930 57176 3 1793 18p930
7176 18.940 18.940 57177 0 1794 18p940
7177 18.940 18.940 57178 1 1794 18p940
7178 18.940 18.940 57179 2 1794 18p940
7179 18.940 18.940 57180 3 1794 18p940
7180 18.950 18.950 57181 0 1795 18p950
7181 18.950 18.950 57182 1 1795 18p950
7182 18.950 18.950 57183 2 1795 18p950
7183 18.950 18.950 57184 3 1795 18p950
7184 18.960 18.960 57185 0 1796 18p960
7185 18.960 18.960 57186 1 1796 18p960
7186 18.960 18.960 57187 2 1796 18p960
7187 18.960 18.960 57188 3 1796 18p960
7188 18.970 18.970 57189 0 1797 18p970
7189 18.970 18.970 57190 1 1797 18p970
7190 18.970 18.970 57191 2 1797 18p970
7191 18.970 18.970 57192 3 1797 18p970
7192 18.980 18.980 57193 0 1798 18p980
7193 18.980 18.980 57194 1 1798 18p980
7194 18.980 18.980 57195 2 1798 18p980
7195 18.980 18.980 57196 3 1798 18p980
7196 18.990 18.990 57197 0 1799 18p990
7197 18.990 18.990 57198 1 1799 18p990
7198 18.990 18.990 57199 2 1799 18p990
7199 18.990 18.990 57200 3 1799 18p990
7200 19.000 19.000 57201 0 1800 19p000
7201 19.000 19.000 57202 1 1800 19p000
7202 19.000 19.000 57203 2 1800 19p000
7203 19.000 19.000 57204 3 1800 19p000
7204 19.010 19.010 57205 0 1801 19p010
7205 19.010 19.010 57206 1 1801 19p010
7206 19.010 19.010 57207 2 1801 19p010
7207 19.010 19.010 57208 3 1801 19p010
7208 19.020 19.020 57209 0 1802 19p020
7209 19.020 19.020 57210 1 1802 19p020
7210 19.020 19.020 57211 2 1802 19p020
7211 19.020 19.020 57212 3 1802 19p020
7212 19.030 19.030 57213 0 1803 19p030
7213 19.030 19.030 57214 1 1803 19p030
7214 19.030 19.030 57215 2 1803 19p030
7215 19.030 19.030 57216 3 1803 19p030
7216 19.040 19.040 57217 0 1804 19p040
7217 19.040 19.040 57218 1 1804 19p040
7218 19.040 19.040 57219 2 1804 19p040
7219 19.040 19.040 57220 3 1804 19p040
7220 19.050 19.050 57221 0 1805 19p050
7221 19.050 19.050 57222 1 1805 19p050
7222 19.050 19.050 57223 2 1805 19p050
7223 19.050 19.050 57224 3 1805 19p050
7224 19.060 19.060 57225 0 1806 19p060
7225 19.060 19.060 57226 1 1806 19p060
7226 19.060 19.060 57227 2 1806 19p060
7227 19.060 19.060 57228 3 1806 19p060
7228 19.070 19.070 57229 0 1807 19p070
7229 19.070 19.070 57230 1 1807 19p070
7230 19.070 19.070 57231 2 1807 19p070
7231 19.070 19.070 57232 3 1807 19p070
7232 19.080 19.080 57233 0 1808 19p080
7233 19.080 19.080 57234 1 1808 19p080
7234 19.080 19.080 57235 2 1808 19p080
7235 19.080 19.080 57236 3 1808 19p080
7236 19.090 19.090 57237 0 1809 19p090
7237 19.090 19.090 57238 1 1809 19p090
7238 19.090 19.090 57239 2 1809 19p090
7239 19.090 19.090 57240 3 1809 19p090
7240 19.100 19.100 57241 0 1810 19p100
7241 19.100 19.100 57242 1 1810 19p100
7242 19.100 19.100 57243 2 1810 19p100
7243 19.100 19.100 57244 3 1810 19p100
7244 19.110 19.110 57245 0 1811 19p110
7245 19.110 19.110 57246 1 1811 19p110
7246 19.110 19.110 57247 2 1811 19p110
7247 19.110 19.110 57248 3 1811 19p110
7248 19.120 19.120 57249 0 1812 19p120
7249 19.120 19.120 57250 1 1812 19p120
7250 19.120 19.120 57251 2 1812 19p120
7251 19.120 19.120 57252 3 1812 19p120
7252 19.130 19.130 57253 0 1813 19p130
7253 19.130 19.130 57254 1 1813 19p130
7254 19.130 19.130 57255 2 1813 19p130
7255 19.130 19.130 57256 3 1813 19p130
7256 19.140 19.140 57257 0 1814 19p140
7257 19.140 19.140 57258 1 1814 19p140
7258 19.140 19.140 57259 2 1814 19p140
7259 19.140 19.140 57260 3 1814 19p140
7260 19.150 19.150 57261 0 1815 19p150
7261 19.150 19.150 57262 1 1815 19p150
7262 19.150 19.150 57263 2 1815 19p150
7263 19.150 19.150 57264 3 1815 19p150
7264 19.160 19.160 57265 0 1816 19p160
7265 19.160 19.160 57266 1 1816 19p160
7266 19.160 19.160 57267 2 1816 19p160
7267 19.160 19.160 57268 3 1816 19p160
7268 19.170 19.170 57269 0 1817 19p170
7269 19.170 19.170 57270 1 1817 19p170
7270 19.170 19.170 57271 2 1817 19p170
7271 19.170 19.170 57272 3 1817 19p170
7272 19.180 19.180 57273 0 1818 19p180
7273 19.180 19.180 57274 1 1818 19p180
7274 19.180 19.180 57275 2 1818 19p180
7275 19.180 19.180 57276 3 1818 19p180
7276 19.190 19.190 57277 0 1819 19p190
7277 19.190 19.190 57278 1 1819 19p190
7278 19.190 19.190 57279 2 1819 19p190
7279 19.190 19.190 57280 3 1819 19p190
7280 19.200 19.200 57281 0 1820 19p200
7281 19.200 19.200 57282 1 1820 19p200
7282 19.200 19.200 57283 2 1820 19p200
7283 19.200 19.200 57284 3 1820 19p200
7284 19.210 19.210 57285 0 1821 19p210
7285 19.210 19.210 57286 1 1821 19p210
7286 19.210 19.210 57287 2 1821 19p210
7287 19.210 19.210 57288 3 1821 19p210
7288 19.220 19.220 57289 0 1822 19p220
7289 19.220 19.220 57290 1 1822 19p220
7290 19.220 19.220 57291 2 1822 19p220
7291 19.220 19.220 57292 3 1822 19p220
7292 19.230 19.230 57293 0 1823 19p230
7293 19.230 19.230 57294 1 1823 19p230
7294 19.230 19.230 57295 2 1823 19p230
7295 19.230 19.230 57296 3 1823 19p230
7296 19.240 19.240 57297 0 1824 19p240
7297 19.240 19.240 57298 1 1824 19p240
7298 19.240 19.240 57299 2 1824 19p240
7299 19.240 19.240 57300 3 1824 19p240
7300 19.250 19.250 57301 0 1825 19p250
7301 19.250 19.250 57302 1 1825 19p250
7302 19.250 19.250 57303 2 1825 19p250
7303 19.250 19.250 57304 3 1825 19p250
7304 19.260 19.260 57305 0 1826 19p260
7305 19.260 19.260 57306 1 1826 19p260
7306 19.260 19.260 57307 2 1826 19p260
7307 19.260 19.260 57308 3 1826 19p260
7308 19.270 19.270 57309 0 1827 19p270
7309 19.270 19.270 57310 1 1827 19p270
7310 19.270 19.270 57311 2 1827 19p270
7311 19.270 19.270 57312 3 1827 19p270
7312 19.280 19.280 57313 0 1828 19p280
7313 19.280 19.280 57314 1 1828 19p280
7314 19.280 19.280 57315 2 1828 19p280
7315 19.280 19.280 57316 3 1828 19p280
7316 19.290 19.290 57317 0 1829 19p290
7317 19.290 19.290 57318 1 1829 19p290
7318 19.290 19.290 57319 2 1829 19p290
7319 19.290 19.290 57320 3 1829 19p290
7320 19.300 19.300 57321 0 1830 19p300
7321 19.300 19.300 57322 1 1830 19p300
7322 19.300 19.300 57323 2 1830 19p300
7323 19.300 19.300 57324 3 1830 19p300
7324 19.310 19.310 57325 0 1831 19p310
7325 19.310 19.310 57326 1 1831 19p310
7326 19.310 19.310 57327 2 1831 19p310
7327 19.310 19.310 57328 3 1831 19p310
7328 19.320 19.320 57329 0 1832 19p320
7329 19.320 19.320 57330 1 1832 19p320
7330 19.320 19.320 57331 2 1832 19p320
7331 19.320 19.320 57332 3 1832 19p320
7332 19.330 19.330 57333 0 1833 19p330
7333 19.330 19.330 57334 1 1833 19p330
7334 19.330 19.330 57335 2 1833 19p330
7335 19.330 19.330 57336 3 1833 19p330
7336 19.340 19.340 57337 0 1834 19p340
7337 19.340 19.340 57338 1 1834 19p340
7338 19.340 19.340 57339 2 1834 19p340
7339 19.340 19.340 57340 3 1834 19p340
7340 19.350 19.350 57341 0 1835 19p350
7341 19.350 19.350 57342 1 1835 19p350
7342 19.350 19.350 57343 2 1835 19p350
7343 19.350 19.350 57344 3 1835 19p350
7344 19.360 19.360 57345 0 1836 19p360
7345 19.360 19.360 57346 1 1836 19p360
7346 19.360 19.360 57347 2 1836 19p360
7347 19.360 19.360 57348 3 1836 19p360
7348 19.370 19.370 57349 0 1837 19p370
7349 19.370 19.370 57350 1 1837 19p370
7350 19.370 19.370 57351 2 1837 19p370
7351 19.370 19.370 57352 3 1837 19p370
7352 19.380 19.380 57353 0 1838 19p380
7353 19.380 19.380 57354 1 1838 19p380
7354 19.380 19.380 57355 2 1838 19p380
7355 19.380 19.380 57356 3 1838 19p380
7356 19.390 19.390 57357 0 1839 19p390
7357 19.390 19.390 57358 1 1839 19p390
7358 19.390 19.390 57359 2 1839 19p390
7359 19.390 19.390 57360 3 1839 19p390
7360 19.400 19.400 57361 0 1840 19p400
7361 19.400 19.400 57362 1 1840 19p400
7362 19.400 19.400 57363 2 1840 19p400
7363 19.400 19.400 57364 3 1840 19p400
7364 19.410 19.410 57365 0 1841 19p410
7365 19.410 19.410 57366 1 1841 19p410
7366 19.410 19.410 57367 2 1841 19p410
7367 19.410 19.410 57368 3 1841 19p410
7368 19.420 19.420 57369 0 1842 19p420
7369 19.420 19.420 57370 1 1842 19p420
7370 19.420 19.420 57371 2 1842 19p420
7371 19.420 19.420 57372 3 1842 19p420
7372 19.430 19.430 57373 0 1843 19p430
7373 19.430 19.430 57374 1 1843 19p430
7374 19.430 19.430 57375 2 1843 19p430
7375 19.430 19.430 57376 3 1843 19p430
7376 19.440 19.440 57377 0 1844 19p440
7377 19.440 19.440 57378 1 1844 19p440
7378 19.440 19.440 57379 2 1844 19p440
7379 19.440 19.440 57380 3 1844 19p440
7380 19.450 19.450 57381 0 1845 19p450
7381 19.450 19.450 57382 1 1845 19p450
7382 19.450 19.450 57383 2 1845 19p450
7383 19.450 19.450 57384 3 1845 19p450
7384 19.460 19.460 57385 0 1846 19p460
7385 19.460 19.460 57386 1 1846 19p460
7386 19.460 19.460 57387 2 1846 19p460
7387 19.460 19.460 57388 3 1846 19p460
7388 19.470 19.470 57389 0 1847 19p470
7389 19.470 19.470 57390 1 1847 19p470
7390 19.470 19.470 57391 2 1847 19p470
7391 19.470 19.470 57392 3 1847 19p470
7392 19.480 19.480 57393 0 1848 19p480
7393 19.480 19.480 57394 1 1848 19p480
7394 19.480 19.480 57395 2 1848 19p480
7395 19.480 19.480 57396 3 1848 19p480
7396 19.490 19.490 57397 0 1849 19p490
7397 19.490 19.490 57398 1 1849 19p490
7398 19.490 19.490 57399 2 1849 19p490
7399 19.490 19.490 57400 3 1849 19p490
7400 19.500 19.500 57401 0 1850 19p500
7401 19.500 19.500 57402 1 1850 19p500
7402 19.500 19.500 57403 2 1850 19p500
7403 19.500 19.500 57404 3 1850 19p500
7404 19.510 19.510 57405 0 1851 19p510
7405 19.510 19.510 57406 1 1851 19p510
7406 19.510 19.510 57407 2 1851 19p510
7407 19.510 19.510 57408 3 1851 19p510
7408 19.520 19.520 57409 0 1852 19p520
7409 19.520 19.520 57410 1 1852 19p520
7410 19.520 19.520 57411 2 1852 19p520
7411 19.520 19.520 57412 3 1852 19p520
7412 19.530 19.530 57413 0 1853 19p530
7413 19.530 19.530 57414 1 1853 19p530
7414 19.530 19.530 57415 2 1853 19p530
7415 19.530 19.530 57416 3 1853 19p530
7416 19.540 19.540 57417 0 1854 19p540
7417 19.540 19.540 57418 1 1854 19p540
7418 19.540 19.540 57419 2 1854 19p540
7419 19.540 19.540 57420 3 1854 19p540
7420 19.550 19.550 57421 0 1855 19p550
7421 19.550 19.550 57422 1 1855 19p550
7422 19.550 19.550 57423 2 1855 19p550
7423 19.550 19.550 57424 3 1855 19p550
7424 19.560 19.560 57425 0 1856 19p560
7425 19.560 19.560 57426 1 1856 19p560
7426 19.560 19.560 57427 2 1856 19p560
7427 19.560 19.560 57428 3 1856 19p560
7428 19.570 19.570 57429 0 1857 19p570
7429 19.570 19.570 57430 1 1857 19p570
7430 19.570 19.570 57431 2 1857 19p570
7431 19.570 19.570 57432 3 1857 19p570
7432 19.580 19.580 57433 0 1858 19p580
7433 19.580 19.580 57434 1 1858 19p580
7434 19.580 19.580 57435 2 1858 19p580
7435 19.580 19.580 57436 3 1858 19p580
7436 19.590 19.590 57437 0 1859 19p590
7437 19.590 19.590 57438 1 1859 19p590
7438 19.590 19.590 57439 2 1859 19p590
7439 19.590 19.590 57440 3 1859 19p590
7440 19.600 19.600 57441 0 1860 19p600
7441 19.600 19.600 57442 1 1860 19p600
7442 19.600 19.600 57443 2 1860 19p600
7443 19.600 19.600 57444 3 1860 19p600
7444 19.610 19.610 57445 0 1861 19p610
7445 19.610 19.610 57446 1 1861 19p610
7446 19.610 19.610 57447 2 1861 19p610
7447 19.610 19.610 57448 3 1861 19p610
7448 19.620 19.620 57449 0 1862 19p620
7449 19.620 19.620 57450 1 1862 19p620
7450 19.620 19.620 57451 2 1862 19p620
7451 19.620 19.620 57452 3 1862 19p620
7452 19.630 19.630 57453 0 1863 19p630
7453 19.630 19.630 57454 1 1863 19p630
7454 19.630 19.630 57455 2 1863 19p630
7455 19.630 19.630 57456 3 1863 19p630
7456 19.640 19.640 57457 0 1864 19p640
7457 19.640 19.640 57458 1 1864 19p640
7458 19.640 19.640 57459 2 1864 19p640
7459 19.640 19.640 57460 3 1864 19p640
7460 19.650 19.650 57461 0 1865 19p650
7461 19.650 19.650 57462 1 1865 19p650
7462 19.650 19.650 57463 2 1865 19p650
7463 19.650 19.650 57464 3 1865 19p650
7464 19.660 19.660 57465 0 1866 19p660
7465 19.660 19.660 57466 1 1866 19p660
7466 19.660 19.660 57467 2 1866 19p660
7467 19.660 19.660 57468 3 1866 19p660
7468 19.670 19.670 57469 0 1867 19p670
7469 19.670 19.670 57470 1 1867 19p670
7470 19.670 19.670 57471 2 1867 19p670
7471 19.670 19.670 57472 3 1867 19p670
7472 19.680 19.680 57473 0 1868 19p680
7473 19.680 19.680 57474 1 1868 19p680
7474 19.680 19.680 57475 2 1868 19p680
7475 19.680 19.680 57476 3 1868 19p680
7476 19.690 19.690 57477 0 1869 19p690
7477 19.690 19.690 57478 1 1869 19p690
7478 19.690 19.690 57479 2 1869 19p690
7479 19.690 19.690 57480 3 1869 19p690
7480 19.700 19.700 57481 0 1870 19p700
7481 19.700 19.700 57482 1 1870 19p700
7482 19.700 19.700 57483 2 1870 19p700
7483 19.700 19.700 57484 3 1870 19p700
7484 19.710 19.710 57485 0 1871 19p710
7485 19.710 19.710 57486 1 1871 19p710
7486 19.710 19.710 57487 2 1871 19p710
7487 19.710 19.710 57488 3 1871 19p710
7488 19.720 19.720 57489 0 1872 19p720
7489 19.720 19.720 57490 1 1872 19p720
7490 19.720 19.720 57491 2 1872 19p720
7491 19.720 19.720 57492 3 1872 19p720
7492 19.730 19.730 57493 0 1873 19p730
7493 19.730 19.730 57494 1 1873 19p730
7494 19.730 19.730 57495 2 1873 19p730
7495 19.730 19.730 57496 3 1873 19p730
7496 19.740 19.740 57497 0 1874 19p740
7497 19.740 19.740 57498 1 1874 19p740
7498 19.740 19.740 57499 2 1874 19p740
7499 19.740 19.740 57500 3 1874 19p740
7500 19.750 19.750 57501 0 1875 19p750
7501 19.750 19.750 57502 1 1875 19p750
7502 19.750 19.750 57503 2 1875 19p750
7503 19.750 19.750 57504 3 1875 19p750
7504 19.760 19.760 57505 0 1876 19p760
7505 19.760 19.760 57506 1 1876 19p760
7506 19.760 19.760 57507 2 1876 19p760
7507 19.760 19.760 57508 3 1876 19p760
7508 19.770 19.770 57509 0 1877 19p770
7509 19.770 19.770 57510 1 1877 19p770
7510 19.770 19.770 57511 2 1877 19p770
7511 19.770 19.770 57512 3 1877 19p770
7512 19.780 19.780 57513 0 1878 19p780
7513 19.780 19.780 57514 1 1878 19p780
7514 19.780 19.780 57515 2 1878 19p780
7515 19.780 19.780 57516 3 1878 19p780
7516 19.790 19.790 57517 0 1879 19p790
7517 19.790 19.790 57518 1 1879 19p790
7518 19.790 19.790 57519 2 1879 19p790
7519 19.790 19.790 57520 3 1879 19p790
7520 19.800 19.800 57521 0 1880 19p800
7521 19.800 19.800 57522 1 1880 19p800
7522 19.800 19.800 57523 2 1880 19p800
7523 19.800 19.800 57524 3 1880 19p800
7524 19.810 19.810 57525 0 1881 19p810
7525 19.810 19.810 57526 1 1881 19p810
7526 19.810 19.810 57527 2 1881 19p810
7527 19.810 19.810 57528 3 1881 19p810
7528 19.820 19.820 57529 0 1882 19p820
7529 19.820 19.820 57530 1 1882 19p820
7530 19.820 19.820 57531 2 1882 19p820
7531 19.820 19.820 57532 3 1882 19p820
7532 19.830 19.830 57533 0 1883 19p830
7533 19.830 19.830 57534 1 1883 19p830
7534 19.830 19.830 57535 2 1883 19p830
7535 19.830 19.830 57536 3 1883 19p830
7536 19.840 19.840 57537 0 1884 19p840
7537 19.840 19.840 57538 1 1884 19p840
7538 19.840 19.840 57539 2 1884 19p840
7539 19.840 19.840 57540 3 1884 19p840
7540 19.850 19.850 57541 0 1885 19p850
7541 19.850 19.850 57542 1 1885 19p850
7542 19.850 19.850 57543 2 1885 19p850
7543 19.850 19.850 57544 3 1885 19p850
7544 19.860 19.860 57545 0 1886 19p860
7545 19.860 19.860 57546 1 1886 19p860
7546 19.860 19.860 57547 2 1886 19p860
7547 19.860 19.860 57548 3 1886 19p860
7548 19.870 19.870 57549 0 1887 19p870
7549 19.870 19.870 57550 1 1887 19p870
7550 19.870 19.870 57551 2 1887 19p870
7551 19.870 19.870 57552 3 1887 19p870
7552 19.880 19.880 57553 0 1888 19p880
7553 19.880 19.880 57554 1 1888 19p880
7554 19.880 19.880 57555 2 1888 19p880
7555 19.880 19.880 57556 3 1888 19p880
7556 19.890 19.890 57557 0 1889 19p890
7557 19.890 19.890 57558 1 1889 19p890
7558 19.890 19.890 57559 2 1889 19p890
7559 19.890 19.890 57560 3 1889 19p890
7560 19.900 19.900 57561 0 1890 19p900
7561 19.900 19.900 57562 1 1890 19p900
7562 19.900 19.900 57563 2 1890 19p900
7563 19.900 19.900 57564 3 1890 19p900
7564 19.910 19.910 57565 0 1891 19p910
7565 19.910 19.910 57566 1 1891 19p910
7566 19.910 19.910 57567 2 1891 19p910
7567 19.910 19.910 57568 3 1891 19p910
7568 19.920 19.920 57569 0 1892 19p920
7569 19.920 19.920 57570 1 1892 19p920
7570 19.920 19.920 57571 2 1892 19p920
7571 19.920 19.920 57572 3 1892 19p920
7572 19.930 19.930 57573 0 1893 19p930
7573 19.930 19.930 57574 1 1893 19p930
7574 19.930 19.930 57575 2 1893 19p930
7575 19.930 19.930 57576 3 1893 19p930
7576 19.940 19.940 57577 0 1894 19p940
7577 19.940 19.940 57578 1 1894 19p940
7578 19.940 19.940 57579 2 1894 19p940
7579 19.940 19.940 57580 3 1894 19p940
7580 19.950 19.950 57581 0 1895 19p950
7581 19.950 19.950 57582 1 1895 19p950
7582 19.950 19.950 57583 2 1895 19p950
7583 19.950 19.950 57584 3 1895 19p950
7584 19.960 19.960 57585 0 1896 19p960
7585 19.960 19.960 57586 1 1896 19p960
7586 19.960 19.960 57587 2 1896 19p960
7587 19.960 19.960 57588 3 1896 19p960
7588 19.970 19.970 57589 0 1897 19p970
7589 19.970 19.970 57590 1 1897 19p970
7590 19.970 19.970 57591 2 1897 19p970
7591 19.970 19.970 57592 3 1897 19p970
7592 19.980 19.980 57593 0 1898 19p980
7593 19.980 19.980 57594 1 1898 19p980
7594 19.980 19.980 57595 2 1898 19p980
7595 19.980 19.980 57596 3 1898 19p980
7596 19.990 19.990 57597 0 1899 19p990
7597 19.990 19.990 57598 1 1899 19p990
7598 19.990 19.990 57599 2 1899 19p990
7599 19.990 19.990 57600 3 1899 19p990
7600 20.000 20.000 57601 0 1900 20p000
7601 20.000 20.000 57602 1 1900 20p000
7602 20.000 20.000 57603 2 1900 20p000
7603 20.000 20.000 57604 3 1900 20p000
7604 20.010 20.010 57605 0 1901 20p010
7605 20.010 20.010 57606 1 1901 20p010
7606 20.010 20.010 57607 2 1901 20p010
7607 20.010 20.010 57608 3 1901 20p010
7608 20.020 20.020 57609 0 1902 20p020
7609 20.020 20.020 57610 1 1902 20p020
7610 20.020 20.020 57611 2 1902 20p020
7611 20.020 20.020 57612 3 1902 20p020
7612 20.030 20.030 57613 0 1903 20p030
7613 20.030 20.030 57614 1 1903 20p030
7614 20.030 20.030 57615 2 1903 20p030
7615 20.030 20.030 57616 3 1903 20p030
7616 20.040 20.040 57617 0 1904 20p040
7617 20.040 20.040 57618 1 1904 20p040
7618 20.040 20.040 57619 2 1904 20p040
7619 20.040 20.040 57620 3 1904 20p040
7620 20.050 20.050 57621 0 1905 20p050
7621 20.050 20.050 57622 1 1905 20p050
7622 20.050 20.050 57623 2 1905 20p050
7623 20.050 20.050 57624 3 1905 20p050
7624 20.060 20.060 57625 0 1906 20p060
7625 20.060 20.060 57626 1 1906 20p060
7626 20.060 20.060 57627 2 1906 20p060
7627 20.060 20.060 57628 3 1906 20p060
7628 20.070 20.070 57629 0 1907 20p070
7629 20.070 20.070 57630 1 1907 20p070
7630 20.070 20.070 57631 2 1907 20p070
7631 20.070 20.070 57632 3 1907 20p070
7632 20.080 20.080 57633 0 1908 20p080
7633 20.080 20.080 57634 1 1908 20p080
7634 20.080 20.080 57635 2 1908 20p080
7635 20.080 20.080 57636 3 1908 20p080
7636 20.090 20.090 57637 0 1909 20p090
7637 20.090 20.090 57638 1 1909 20p090
7638 20.090 20.090 57639 2 1909 20p090
7639 20.090 20.090 57640 3 1909 20p090
7640 20.100 20.100 57641 0 1910 20p100
7641 20.100 20.100 57642 1 1910 20p100
7642 20.100 20.100 57643 2 1910 20p100
7643 20.100 20.100 57644 3 1910 20p100
7644 20.110 20.110 57645 0 1911 20p110
7645 20.110 20.110 57646 1 1911 20p110
7646 20.110 20.110 57647 2 1911 20p110
7647 20.110 20.110 57648 3 1911 20p110
7648 20.120 20.120 57649 0 1912 20p120
7649 20.120 20.120 57650 1 1912 20p120
7650 20.120 20.120 57651 2 1912 20p120
7651 20.120 20.120 57652 3 1912 20p120
7652 20.130 20.130 57653 0 1913 20p130
7653 20.130 20.130 57654 1 1913 20p130
7654 20.130 20.130 57655 2 1913 20p130
7655 20.130 20.130 57656 3 1913 20p130
7656 20.140 20.140 57657 0 1914 20p140
7657 20.140 20.140 57658 1 1914 20p140
7658 20.140 20.140 57659 2 1914 20p140
7659 20.140 20.140 57660 3 1914 20p140
7660 20.150 20.150 57661 0 1915 20p150
7661 20.150 20.150 57662 1 1915 20p150
7662 20.150 20.150 57663 2 1915 20p150
7663 20.150 20.150 57664 3 1915 20p150
7664 20.160 20.160 57665 0 1916 20p160
7665 20.160 20.160 57666 1 1916 20p160
7666 20.160 20.160 57667 2 1916 20p160
7667 20.160 20.160 57668 3 1916 20p160
7668 20.170 20.170 57669 0 1917 20p170
7669 20.170 20.170 57670 1 1917 20p170
7670 20.170 20.170 57671 2 1917 20p170
7671 20.170 20.170 57672 3 1917 20p170
7672 20.180 20.180 57673 0 1918 20p180
7673 20.180 20.180 57674 1 1918 20p180
7674 20.180 20.180 57675 2 1918 20p180
7675 20.180 20.180 57676 3 1918 20p180
7676 20.190 20.190 57677 0 1919 20p190
7677 20.190 20.190 57678 1 1919 20p190
7678 20.190 20.190 57679 2 1919 20p190
7679 20.190 20.190 57680 3 1919 20p190
7680 20.200 20.200 57681 0 1920 20p200
7681 20.200 20.200 57682 1 1920 20p200
7682 20.200 20.200 57683 2 1920 20p200
7683 20.200 20.200 57684 3 1920 20p200
7684 20.210 20.210 57685 0 1921 20p210
7685 20.210 20.210 57686 1 1921 20p210
7686 20.210 20.210 57687 2 1921 20p210
7687 20.210 20.210 57688 3 1921 20p210
7688 20.220 20.220 57689 0 1922 20p220
7689 20.220 20.220 57690 1 1922 20p220
7690 20.220 20.220 57691 2 1922 20p220
7691 20.220 20.220 57692 3 1922 20p220
7692 20.230 20.230 57693 0 1923 20p230
7693 20.230 20.230 57694 1 1923 20p230
7694 20.230 20.230 57695 2 1923 20p230
7695 20.230 20.230 57696 3 1923 20p230
7696 20.240 20.240 57697 0 1924 20p240
7697 20.240 20.240 57698 1 1924 20p240
7698 20.240 20.240 57699 2 1924 20p240
7699 20.240 20.240 57700 3 1924 20p240
7700 20.250 20.250 57701 0 1925 20p250
7701 20.250 20.250 57702 1 1925 20p250
7702 20.250 20.250 57703 2 1925 20p250
7703 20.250 20.250 57704 3 1925 20p250
7704 20.260 20.260 57705 0 1926 20p260
7705 20.260 20.260 57706 1 1926 20p260
7706 20.260 20.260 57707 2 1926 20p260
7707 20.260 20.260 57708 3 1926 20p260
7708 20.270 20.270 57709 0 1927 20p270
7709 20.270 20.270 57710 1 1927 20p270
7710 20.270 20.270 57711 2 1927 20p270
7711 20.270 20.270 57712 3 1927 20p270
7712 20.280 20.280 57713 0 1928 20p280
7713 20.280 20.280 57714 1 1928 20p280
7714 20.280 20.280 57715 2 1928 20p280
7715 20.280 20.280 57716 3 1928 20p280
7716 20.290 20.290 57717 0 1929 20p290
7717 20.290 20.290 57718 1 1929 20p290
7718 20.290 20.290 57719 2 1929 20p290
7719 20.290 20.290 57720 3 1929 20p290
7720 20.300 20.300 57721 0 1930 20p300
7721 20.300 20.300 57722 1 1930 20p300
7722 20.300 20.300 57723 2 1930 20p300
7723 20.300 20.300 57724 3 1930 20p300
7724 20.310 20.310 57725 0 1931 20p310
7725 20.310 20.310 57726 1 1931 20p310
7726 20.310 20.310 57727 2 1931 20p310
7727 20.310 20.310 57728 3 1931 20p310
7728 20.320 20.320 57729 0 1932 20p320
7729 20.320 20.320 57730 1 1932 20p320
7730 20.320 20.320 57731 2 1932 20p320
7731 20.320 20.320 57732 3 1932 20p320
7732 20.330 20.330 57733 0 1933 20p330
7733 20.330 20.330 57734 1 1933 20p330
7734 20.330 20.330 57735 2 1933 20p330
7735 20.330 20.330 57736 3 1933 20p330
7736 20.340 20.340 57737 0 1934 20p340
7737 20.340 20.340 57738 1 1934 20p340
7738 20.340 20.340 57739 2 1934 20p340
7739 20.340 20.340 57740 3 1934 20p340
7740 20.350 20.350 57741 0 1935 20p350
7741 20.350 20.350 57742 1 1935 20p350
7742 20.350 20.350 57743 2 1935 20p350
7743 20.350 20.350 57744 3 1935 20p350
7744 20.360 20.360 57745 0 1936 20p360
7745 20.360 20.360 57746 1 1936 20p360
7746 20.360 20.360 57747 2 1936 20p360
7747 20.360 20.360 57748 3 1936 20p360
7748 20.370 20.370 57749 0 1937 20p370
7749 20.370 20.370 57750 1 1937 20p370
7750 20.370 20.370 57751 2 1937 20p370
7751 20.370 20.370 57752 3 1937 20p370
7752 20.380 20.380 57753 0 1938 20p380
7753 20.380 20.380 57754 1 1938 20p380
7754 20.380 20.380 57755 2 1938 20p380
7755 20.380 20.380 57756 3 1938 20p380
7756 20.390 20.390 57757 0 1939 20p390
7757 20.390 20.390 57758 1 1939 20p390
7758 20.390 20.390 57759 2 1939 20p390
7759 20.390 20.390 57760 3 1939 20p390
7760 20.400 20.400 57761 0 1940 20p400
7761 20.400 20.400 57762 1 1940 20p400
7762 20.400 20.400 57763 2 1940 20p400
7763 20.400 20.400 57764 3 1940 20p400
7764 20.410 20.410 57765 0 1941 20p410
7765 20.410 20.410 57766 1 1941 20p410
7766 20.410 20.410 57767 2 1941 20p410
7767 20.410 20.410 57768 3 1941 20p410
7768 20.420 20.420 57769 0 1942 20p420
7769 20.420 20.420 57770 1 1942 20p420
7770 20.420 20.420 57771 2 1942 20p420
7771 20.420 20.420 57772 3 1942 20p420
7772 20.430 20.430 57773 0 1943 20p430
7773 20.430 20.430 57774 1 1943 20p430
7774 20.430 20.430 57775 2 1943 20p430
7775 20.430 20.430 57776 3 1943 20p430
7776 20.440 20.440 57777 0 1944 20p440
7777 20.440 20.440 57778 1 1944 20p440
7778 20.440 20.440 57779 2 1944 20p440
7779 20.440 20.440 57780 3 1944 20p440
7780 20.450 20.450 57781 0 1945 20p450
7781 20.450 20.450 57782 1 1945 20p450
7782 20.450 20.450 57783 2 1945 20p450
7783 20.450 20.450 57784 3 1945 20p450
7784 20.460 20.460 57785 0 1946 20p460
7785 20.460 20.460 57786 1 1946 20p460
7786 20.460 20.460 57787 2 1946 20p460
7787 20.460 20.460 57788 3 1946 20p460
7788 20.470 20.470 57789 0 1947 20p470
7789 20.470 20.470 57790 1 1947 20p470
7790 20.470 20.470 57791 2 1947 20p470
7791 20.470 20.470 57792 3 1947 20p470
7792 20.480 20.480 57793 0 1948 20p480
7793 20.480 20.480 57794 1 1948 20p480
7794 20.480 20.480 57795 2 1948 20p480
7795 20.480 20.480 57796 3 1948 20p480
7796 20.490 20.490 57797 0 1949 20p490
7797 20.490 20.490 57798 1 1949 20p490
7798 20.490 20.490 57799 2 1949 20p490
7799 20.490 20.490 57800 3 1949 20p490
7800 20.500 20.500 57801 0 1950 20p500
7801 20.500 20.500 57802 1 1950 20p500
7802 20.500 20.500 57803 2 1950 20p500
7803 20.500 20.500 57804 3 1950 20p500
7804 20.510 20.510 57805 0 1951 20p510
7805 20.510 20.510 57806 1 1951 20p510
7806 20.510 20.510 57807 2 1951 20p510
7807 20.510 20.510 57808 3 1951 20p510
7808 20.520 20.520 57809 0 1952 20p520
7809 20.520 20.520 57810 1 1952 20p520
7810 20.520 20.520 57811 2 1952 20p520
7811 20.520 20.520 57812 3 1952 20p520
7812 20.530 20.530 57813 0 1953 20p530
7813 20.530 20.530 57814 1 1953 20p530
7814 20.530 20.530 57815 2 1953 20p530
7815 20.530 20.530 57816 3 1953 20p530
7816 20.540 20.540 57817 0 1954 20p540
7817 20.540 20.540 57818 1 1954 20p540
7818 20.540 20.540 57819 2 1954 20p540
7819 20.540 20.540 57820 3 1954 20p540
7820 20.550 20.550 57821 0 1955 20p550
7821 20.550 20.550 57822 1 1955 20p550
7822 20.550 20.550 57823 2 1955 20p550
7823 20.550 20.550 57824 3 1955 20p550
7824 20.560 20.560 57825 0 1956 20p560
7825 20.560 20.560 57826 1 1956 20p560
7826 20.560 20.560 57827 2 1956 20p560
7827 20.560 20.560 57828 3 1956 20p560
7828 20.570 20.570 57829 0 1957 20p570
7829 20.570 20.570 57830 1 1957 20p570
7830 20.570 20.570 57831 2 1957 20p570
7831 20.570 20.570 57832 3 1957 20p570
7832 20.580 20.580 57833 0 1958 20p580
7833 20.580 20.580 57834 1 1958 20p580
7834 20.580 20.580 57835 2 1958 20p580
7835 20.580 20.580 57836 3 1958 20p580
7836 20.590 20.590 57837 0 1959 20p590
7837 20.590 20.590 57838 1 1959 20p590
7838 20.590 20.590 57839 2 1959 20p590
7839 20.590 20.590 57840 3 1959 20p590
7840 20.600 20.600 57841 0 1960 20p600
7841 20.600 20.600 57842 1 1960 20p600
7842 20.600 20.600 57843 2 1960 20p600
7843 20.600 20.600 57844 3 1960 20p600
7844 20.610 20.610 57845 0 1961 20p610
7845 20.610 20.610 57846 1 1961 20p610
7846 20.610 20.610 57847 2 1961 20p610
7847 20.610 20.610 57848 3 1961 20p610
7848 20.620 20.620 57849 0 1962 20p620
7849 20.620 20.620 57850 1 1962 20p620
7850 20.620 20.620 57851 2 1962 20p620
7851 20.620 20.620 57852 3 1962 20p620
7852 20.630 20.630 57853 0 1963 20p630
7853 20.630 20.630 57854 1 1963 20p630
7854 20.630 20.630 57855 2 1963 20p630
7855 20.630 20.630 57856 3 1963 20p630
7856 20.640 20.640 57857 0 1964 20p640
7857 20.640 20.640 57858 1 1964 20p640
7858 20.640 20.640 57859 2 1964 20p640
7859 20.640 20.640 57860 3 1964 20p640
7860 20.650 20.650 57861 0 1965 20p650
7861 20.650 20.650 57862 1 1965 20p650
7862 20.650 20.650 57863 2 1965 20p650
7863 20.650 20.650 57864 3 1965 20p650
7864 20.660 20.660 57865 0 1966 20p660
7865 20.660 20.660 57866 1 1966 20p660
7866 20.660 20.660 57867 2 1966 20p660
7867 20.660 20.660 57868 3 1966 20p660
7868 20.670 20.670 57869 0 1967 20p670
7869 20.670 20.670 57870 1 1967 20p670
7870 20.670 20.670 57871 2 1967 20p670
7871 20.670 20.670 57872 3 1967 20p670
7872 20.680 20.680 57873 0 1968 20p680
7873 20.680 20.680 57874 1 1968 20p680
7874 20.680 20.680 57875 2 1968 20p680
7875 20.680 20.680 57876 3 1968 20p680
7876 20.690 20.690 57877 0 1969 20p690
7877 20.690 20.690 57878 1 1969 20p690
7878 20.690 20.690 57879 2 1969 20p690
7879 20.690 20.690 57880 3 1969 20p690
7880 20.700 20.700 57881 0 1970 20p700
7881 20.700 20.700 57882 1 1970 20p700
7882 20.700 20.700 57883 2 1970 20p700
7883 20.700 20.700 57884 3 1970 20p700
7884 20.710 20.710 57885 0 1971 20p710
7885 20.710 20.710 57886 1 1971 20p710
7886 20.710 20.710 57887 2 1971 20p710
7887 20.710 20.710 57888 3 1971 20p710
7888 20.720 20.720 57889 0 1972 20p720
7889 20.720 20.720 57890 1 1972 20p720
7890 20.720 20.720 57891 2 1972 20p720
7891 20.720 20.720 57892 3 1972 20p720
7892 20.730 20.730 57893 0 1973 20p730
7893 20.730 20.730 57894 1 1973 20p730
7894 20.730 20.730 57895 2 1973 20p730
7895 20.730 20.730 57896 3 1973 20p730
7896 20.740 20.740 57897 0 1974 20p740
7897 20.740 20.740 57898 1 1974 20p740
7898 20.740 20.740 57899 2 1974 20p740
7899 20.740 20.740 57900 3 1974 20p740
7900 20.750 20.750 57901 0 1975 20p750
7901 20.750 20.750 57902 1 1975 20p750
7902 20.750 20.750 57903 2 1975 20p750
7903 20.750 20.750 57904 3 1975 20p750
7904 20.760 20.760 57905 0 1976 20p760
7905 20.760 20.760 57906 1 1976 20p760
7906 20.760 20.760 57907 2 1976 20p760
7907 20.760 20.760 57908 3 1976 20p760
7908 20.770 20.770 57909 0 1977 20p770
7909 20.770 20.770 57910 1 1977 20p770
7910 20.770 20.770 57911 2 1977 20p770
7911 20.770 20.770 57912 3 1977 20p770
7912 20.780 20.780 57913 0 1978 20p780
7913 20.780 20.780 57914 1 1978 20p780
7914 20.780 20.780 57915 2 1978 20p780
7915 20.780 20.780 57916 3 1978 20p780
7916 20.790 20.790 57917 0 1979 20p790
7917 20.790 20.790 57918 1 1979 20p790
7918 20.790 20.790 57919 2 1979 20p790
7919 20.790 20.790 57920 3 1979 20p790
7920 20.800 20.800 57921 0 1980 20p800
7921 20.800 20.800 57922 1 1980 20p800
7922 20.800 20.800 57923 2 1980 20p800
7923 20.800 20.800 57924 3 1980 20p800
7924 20.810 20.810 57925 0 1981 20p810
7925 20.810 20.810 57926 1 1981 20p810
7926 20.810 20.810 57927 2 1981 20p810
7927 20.810 20.810 57928 3 1981 20p810
7928 20.820 20.820 57929 0 1982 20p820
7929 20.820 20.820 57930 1 1982 20p820
7930 20.820 20.820 57931 2 1982 20p820
7931 20.820 20.820 57932 3 1982 20p820
7932 20.830 20.830 57933 0 1983 20p830
7933 20.830 20.830 57934 1 1983 20p830
7934 20.830 20.830 57935 2 1983 20p830
7935 20.830 20.830 57936 3 1983 20p830
7936 20.840 20.840 57937 0 1984 20p840
7937 20.840 20.840 57938 1 1984 20p840
7938 20.840 20.840 57939 2 1984 20p840
7939 20.840 20.840 57940 3 1984 20p840
7940 20.850 20.850 57941 0 1985 20p850
7941 20.850 20.850 57942 1 1985 20p850
7942 20.850 20.850 57943 2 1985 20p850
7943 20.850 20.850 57944 3 1985 20p850
7944 20.860 20.860 57945 0 1986 20p860
7945 20.860 20.860 57946 1 1986 20p860
7946 20.860 20.860 57947 2 1986 20p860
7947 20.860 20.860 57948 3 1986 20p860
7948 20.870 20.870 57949 0 1987 20p870
7949 20.870 20.870 57950 1 1987 20p870
7950 20.870 20.870 57951 2 1987 20p870
7951 20.870 20.870 57952 3 1987 20p870
7952 20.880 20.880 57953 0 1988 20p880
7953 20.880 20.880 57954 1 1988 20p880
7954 20.880 20.880 57955 2 1988 20p880
7955 20.880 20.880 57956 3 1988 20p880
7956 20.890 20.890 57957 0 1989 20p890
7957 20.890 20.890 57958 1 1989 20p890
7958 20.890 20.890 57959 2 1989 20p890
7959 20.890 20.890 57960 3 1989 20p890
7960 20.900 20.900 57961 0 1990 20p900
7961 20.900 20.900 57962 1 1990 20p900
7962 20.900 20.900 57963 2 1990 20p900
7963 20.900 20.900 57964 3 1990 20p900
7964 20.910 20.910 57965 0 1991 20p910
7965 20.910 20.910 57966 1 1991 20p910
7966 20.910 20.910 57967 2 1991 20p910
7967 20.910 20.910 57968 3 1991 20p910
7968 20.920 20.920 57969 0 1992 20p920
7969 20.920 20.920 57970 1 1992 20p920
7970 20.920 20.920 57971 2 1992 20p920
7971 20.920 20.920 57972 3 1992 20p920
7972 20.930 20.930 57973 0 1993 20p930
7973 20.930 20.930 57974 1 1993 20p930
7974 20.930 20.930 57975 2 1993 20p930
7975 20.930 20.930 57976 3 1993 20p930
7976 20.940 20.940 57977 0 1994 20p940
7977 20.940 20.940 57978 1 1994 20p940
7978 20.940 20.940 57979 2 1994 20p940
7979 20.940 20.940 57980 3 1994 20p940
7980 20.950 20.950 57981 0 1995 20p950
7981 20.950 20.950 57982 1 1995 20p950
7982 20.950 20.950 57983 2 1995 20p950
7983 20.950 20.950 57984 3 1995 20p950
7984 20.960 20.960 57985 0 1996 20p960
7985 20.960 20.960 57986 1 1996 20p960
7986 20.960 20.960 57987 2 1996 20p960
7987 20.960 20.960 57988 3 1996 20p960
7988 20.970 20.970 57989 0 1997 20p970
7989 20.970 20.970 57990 1 1997 20p970
7990 20.970 20.970 57991 2 1997 20p970
7991 20.970 20.970 57992 3 1997 20p970
7992 20.980 20.980 57993 0 1998 20p980
7993 20.980 20.980 57994 1 1998 20p980
7994 20.980 20.980 57995 2 1998 20p980
7995 20.980 20.980 57996 3 1998 20p980
7996 20.990 20.990 57997 0 1999 20p990
7997 20.990 20.990 57998 1 1999 20p990
7998 20.990 20.990 57999 2 1999 20p990
7999 20.990 20.990 58000 3 1999 20p990
8000 21.000 21.000 58001 0 2000 21p000
8001 21.000 21.000 58002 1 2000 21p000
8002 21.000 21.000 58003 2 2000 21p000
8003 21.000 21.000 58004 3 2000 21p000
8004 21.010 21.010 58005 0 2001 21p010
8005 21.010 21.010 58006 1 2001 21p010
8006 21.010 21.010 58007 2 2001 21p010
8007 21.010 21.010 58008 3 2001 21p010
8008 21.020 21.020 58009 0 2002 21p020
8009 21.020 21.020 58010 1 2002 21p020
8010 21.020 21.020 58011 2 2002 21p020
8011 21.020 21.020 58012 3 2002 21p020
8012 21.030 21.030 58013 0 2003 21p030
8013 21.030 21.030 58014 1 2003 21p030
8014 21.030 21.030 58015 2 2003 21p030
8015 21.030 21.030 58016 3 2003 21p030
8016 21.040 21.040 58017 0 2004 21p040
8017 21.040 21.040 58018 1 2004 21p040
8018 21.040 21.040 58019 2 2004 21p040
8019 21.040 21.040 58020 3 2004 21p040
8020 21.050 21.050 58021 0 2005 21p050
8021 21.050 21.050 58022 1 2005 21p050
8022 21.050 21.050 58023 2 2005 21p050
8023 21.050 21.050 58024 3 2005 21p050
8024 21.060 21.060 58025 0 2006 21p060
8025 21.060 21.060 58026 1 2006 21p060
8026 21.060 21.060 58027 2 2006 21p060
8027 21.060 21.060 58028 3 2006 21p060
8028 21.070 21.070 58029 0 2007 21p070
8029 21.070 21.070 58030 1 2007 21p070
8030 21.070 21.070 58031 2 2007 21p070
8031 21.070 21.070 58032 3 2007 21p070
8032 21.080 21.080 58033 0 2008 21p080
8033 21.080 21.080 58034 1 2008 21p080
8034 21.080 21.080 58035 2 2008 21p080
8035 21.080 21.080 58036 3 2008 21p080
8036 21.090 21.090 58037 0 2009 21p090
8037 21.090 21.090 58038 1 2009 21p090
8038 21.090 21.090 58039 2 2009 21p090
8039 21.090 21.090 58040 3 2009 21p090
8040 21.100 21.100 58041 0 2010 21p100
8041 21.100 21.100 58042 1 2010 21p100
8042 21.100 21.100 58043 2 2010 21p100
8043 21.100 21.100 58044 3 2010 21p100
8044 21.110 21.110 58045 0 2011 21p110
8045 21.110 21.110 58046 1 2011 21p110
8046 21.110 21.110 58047 2 2011 21p110
8047 21.110 21.110 58048 3 2011 21p110
8048 21.120 21.120 58049 0 2012 21p120
8049 21.120 21.120 58050 1 2012 21p120
8050 21.120 21.120 58051 2 2012 21p120
8051 21.120 21.120 58052 3 2012 21p120
8052 21.130 21.130 58053 0 2013 21p130
8053 21.130 21.130 58054 1 2013 21p130
8054 21.130 21.130 58055 2 2013 21p130
8055 21.130 21.130 58056 3 2013 21p130
8056 21.140 21.140 58057 0 2014 21p140
8057 21.140 21.140 58058 1 2014 21p140
8058 21.140 21.140 58059 2 2014 21p140
8059 21.140 21.140 58060 3 2014 21p140
8060 21.150 21.150 58061 0 2015 21p150
8061 21.150 21.150 58062 1 2015 21p150
8062 21.150 21.150 58063 2 2015 21p150
8063 21.150 21.150 58064 3 2015 21p150
8064 21.160 21.160 58065 0 2016 21p160
8065 21.160 21.160 58066 1 2016 21p160
8066 21.160 21.160 58067 2 2016 21p160
8067 21.160 21.160 58068 3 2016 21p160
8068 21.170 21.170 58069 0 2017 21p170
8069 21.170 21.170 58070 1 2017 21p170
8070 21.170 21.170 58071 2 2017 21p170
8071 21.170 21.170 58072 3 2017 21p170
8072 21.180 21.180 58073 0 2018 21p180
8073 21.180 21.180 58074 1 2018 21p180
8074 21.180 21.180 58075 2 2018 21p180
8075 21.180 21.180 58076 3 2018 21p180
8076 21.190 21.190 58077 0 2019 21p190
8077 21.190 21.190 58078 1 2019 21p190
8078 21.190 21.190 58079 2 2019 21p190
8079 21.190 21.190 58080 3 2019 21p190
8080 21.200 21.200 58081 0 2020 21p200
8081 21.200 21.200 58082 1 2020 21p200
8082 21.200 21.200 58083 2 2020 21p200
8083 21.200 21.200 58084 3 2020 21p200
8084 21.210 21.210 58085 0 2021 21p210
8085 21.210 21.210 58086 1 2021 21p210
8086 21.210 21.210 58087 2 2021 21p210
8087 21.210 21.210 58088 3 2021 21p210
8088 21.220 21.220 58089 0 2022 21p220
8089 21.220 21.220 58090 1 2022 21p220
8090 21.220 21.220 58091 2 2022 21p220
8091 21.220 21.220 58092 3 2022 21p220
8092 21.230 21.230 58093 0 2023 21p230
8093 21.230 21.230 58094 1 2023 21p230
8094 21.230 21.230 58095 2 2023 21p230
8095 21.230 21.230 58096 3 2023 21p230
8096 21.240 21.240 58097 0 2024 21p240
8097 21.240 21.240 58098 1 2024 21p240
8098 21.240 21.240 58099 2 2024 21p240
8099 21.240 21.240 58100 3 2024 21p240
8100 21.250 21.250 58101 0 2025 21p250
8101 21.250 21.250 58102 1 2025 21p250
8102 21.250 21.250 58103 2 2025 21p250
8103 21.250 21.250 58104 3 2025 21p250
8104 21.260 21.260 58105 0 2026 21p260
8105 21.260 21.260 58106 1 2026 21p260
8106 21.260 21.260 58107 2 2026 21p260
8107 21.260 21.260 58108 3 2026 21p260
8108 21.270 21.270 58109 0 2027 21p270
8109 21.270 21.270 58110 1 2027 21p270
8110 21.270 21.270 58111 2 2027 21p270
8111 21.270 21.270 58112 3 2027 21p270
8112 21.280 21.280 58113 0 2028 21p280
8113 21.280 21.280 58114 1 2028 21p280
8114 21.280 21.280 58115 2 2028 21p280
8115 21.280 21.280 58116 3 2028 21p280
8116 21.290 21.290 58117 0 2029 21p290
8117 21.290 21.290 58118 1 2029 21p290
8118 21.290 21.290 58119 2 2029 21p290
8119 21.290 21.290 58120 3 2029 21p290
8120 21.300 21.300 58121 0 2030 21p300
8121 21.300 21.300 58122 1 2030 21p300
8122 21.300 21.300 58123 2 2030 21p300
8123 21.300 21.300 58124 3 2030 21p300
8124 21.310 21.310 58125 0 2031 21p310
8125 21.310 21.310 58126 1 2031 21p310
8126 21.310 21.310 58127 2 2031 21p310
8127 21.310 21.310 58128 3 2031 21p310
8128 21.320 21.320 58129 0 2032 21p320
8129 21.320 21.320 58130 1 2032 21p320
8130 21.320 21.320 58131 2 2032 21p320
8131 21.320 21.320 58132 3 2032 21p320
8132 21.330 21.330 58133 0 2033 21p330
8133 21.330 21.330 58134 1 2033 21p330
8134 21.330 21.330 58135 2 2033 21p330
8135 21.330 21.330 58136 3 2033 21p330
8136 21.340 21.340 58137 0 2034 21p340
8137 21.340 21.340 58138 1 2034 21p340
8138 21.340 21.340 58139 2 2034 21p340
8139 21.340 21.340 58140 3 2034 21p340
8140 21.350 21.350 58141 0 2035 21p350
8141 21.350 21.350 58142 1 2035 21p350
8142 21.350 21.350 58143 2 2035 21p350
8143 21.350 21.350 58144 3 2035 21p350
8144 21.360 21.360 58145 0 2036 21p360
8145 21.360 21.360 58146 1 2036 21p360
8146 21.360 21.360 58147 2 2036 21p360
8147 21.360 21.360 58148 3 2036 21p360
8148 21.370 21.370 58149 0 2037 21p370
8149 21.370 21.370 58150 1 2037 21p370
8150 21.370 21.370 58151 2 2037 21p370
8151 21.370 21.370 58152 3 2037 21p370
8152 21.380 21.380 58153 0 2038 21p380
8153 21.380 21.380 58154 1 2038 21p380
8154 21.380 21.380 58155 2 2038 21p380
8155 21.380 21.380 58156 3 2038 21p380
8156 21.390 21.390 58157 0 2039 21p390
8157 21.390 21.390 58158 1 2039 21p390
8158 21.390 21.390 58159 2 2039 21p390
8159 21.390 21.390 58160 3 2039 21p390
8160 21.400 21.400 58161 0 2040 21p400
8161 21.400 21.400 58162 1 2040 21p400
8162 21.400 21.400 58163 2 2040 21p400
8163 21.400 21.400 58164 3 2040 21p400
8164 21.410 21.410 58165 0 2041 21p410
8165 21.410 21.410 58166 1 2041 21p410
8166 21.410 21.410 58167 2 2041 21p410
8167 21.410 21.410 58168 3 2041 21p410
8168 21.420 21.420 58169 0 2042 21p420
8169 21.420 21.420 58170 1 2042 21p420
8170 21.420 21.420 58171 2 2042 21p420
8171 21.420 21.420 58172 3 2042 21p420
8172 21.430 21.430 58173 0 2043 21p430
8173 21.430 21.430 58174 1 2043 21p430
8174 21.430 21.430 58175 2 2043 21p430
8175 21.430 21.430 58176 3 2043 21p430
8176 21.440 21.440 58177 0 2044 21p440
8177 21.440 21.440 58178 1 2044 21p440
8178 21.440 21.440 58179 2 2044 21p440
8179 21.440 21.440 58180 3 2044 21p440
8180 21.450 21.450 58181 0 2045 21p450
8181 21.450 21.450 58182 1 2045 21p450
8182 21.450 21.450 58183 2 2045 21p450
8183 21.450 21.450 58184 3 2045 21p450
8184 21.460 21.460 58185 0 2046 21p460
8185 21.460 21.460 58186 1 2046 21p460
8186 21.460 21.460 58187 2 2046 21p460
8187 21.460 21.460 58188 3 2046 21p460
8188 21.470 21.470 58189 0 2047 21p470
8189 21.470 21.470 58190 1 2047 21p470
8190 21.470 21.470 58191 2 2047 21p470
8191 21.470 21.470 58192 3 2047 21p470
8192 21.480 21.480 58193 0 2048 21p480
8193 21.480 21.480 58194 1 2048 21p480
8194 21.480 21.480 58195 2 2048 21p480
8195 21.480 21.480 58196 3 2048 21p480
8196 21.490 21.490 58197 0 2049 21p490
8197 21.490 21.490 58198 1 2049 21p490
8198 21.490 21.490 58199 2 2049 21p490
8199 21.490 21.490 58200 3 2049 21p490
8200 21.500 21.500 58201 0 2050 21p500
8201 21.500 21.500 58202 1 2050 21p500
8202 21.500 21.500 58203 2 2050 21p500
8203 21.500 21.500 58204 3 2050 21p500
8204 21.510 21.510 58205 0 2051 21p510
8205 21.510 21.510 58206 1 2051 21p510
8206 21.510 21.510 58207 2 2051 21p510
8207 21.510 21.510 58208 3 2051 21p510
8208 21.520 21.520 58209 0 2052 21p520
8209 21.520 21.520 58210 1 2052 21p520
8210 21.520 21.520 58211 2 2052 21p520
8211 21.520 21.520 58212 3 2052 21p520
8212 21.530 21.530 58213 0 2053 21p530
8213 21.530 21.530 58214 1 2053 21p530
8214 21.530 21.530 58215 2 2053 21p530
8215 21.530 21.530 58216 3 2053 21p530
8216 21.540 21.540 58217 0 2054 21p540
8217 21.540 21.540 58218 1 2054 21p540
8218 21.540 21.540 58219 2 2054 21p540
8219 21.540 21.540 58220 3 2054 21p540
8220 21.550 21.550 58221 0 2055 21p550
8221 21.550 21.550 58222 1 2055 21p550
8222 21.550 21.550 58223 2 2055 21p550
8223 21.550 21.550 58224 3 2055 21p550
8224 21.560 21.560 58225 0 2056 21p560
8225 21.560 21.560 58226 1 2056 21p560
8226 21.560 21.560 58227 2 2056 21p560
8227 21.560 21.560 58228 3 2056 21p560
8228 21.570 21.570 58229 0 2057 21p570
8229 21.570 21.570 58230 1 2057 21p570
8230 21.570 21.570 58231 2 2057 21p570
8231 21.570 21.570 58232 3 2057 21p570
8232 21.580 21.580 58233 0 2058 21p580
8233 21.580 21.580 58234 1 2058 21p580
8234 21.580 21.580 58235 2 2058 21p580
8235 21.580 21.580 58236 3 2058 21p580
8236 21.590 21.590 58237 0 2059 21p590
8237 21.590 21.590 58238 1 2059 21p590
8238 21.590 21.590 58239 2 2059 21p590
8239 21.590 21.590 58240 3 2059 21p590
8240 21.600 21.600 58241 0 2060 21p600
8241 21.600 21.600 58242 1 2060 21p600
8242 21.600 21.600 58243 2 2060 21p600
8243 21.600 21.600 58244 3 2060 21p600
8244 21.610 21.610 58245 0 2061 21p610
8245 21.610 21.610 58246 1 2061 21p610
8246 21.610 21.610 58247 2 2061 21p610
8247 21.610 21.610 58248 3 2061 21p610
8248 21.620 21.620 58249 0 2062 21p620
8249 21.620 21.620 58250 1 2062 21p620
8250 21.620 21.620 58251 2 2062 21p620
8251 21.620 21.620 58252 3 2062 21p620
8252 21.630 21.630 58253 0 2063 21p630
8253 21.630 21.630 58254 1 2063 21p630
8254 21.630 21.630 58255 2 2063 21p630
8255 21.630 21.630 58256 3 2063 21p630
8256 21.640 21.640 58257 0 2064 21p640
8257 21.640 21.640 58258 1 2064 21p640
8258 21.640 21.640 58259 2 2064 21p640
8259 21.640 21.640 58260 3 2064 21p640
8260 21.650 21.650 58261 0 2065 21p650
8261 21.650 21.650 58262 1 2065 21p650
8262 21.650 21.650 58263 2 2065 21p650
8263 21.650 21.650 58264 3 2065 21p650
8264 21.660 21.660 58265 0 2066 21p660
8265 21.660 21.660 58266 1 2066 21p660
8266 21.660 21.660 58267 2 2066 21p660
8267 21.660 21.660 58268 3 2066 21p660
8268 21.670 21.670 58269 0 2067 21p670
8269 21.670 21.670 58270 1 2067 21p670
8270 21.670 21.670 58271 2 2067 21p670
8271 21.670 21.670 58272 3 2067 21p670
8272 21.680 21.680 58273 0 2068 21p680
8273 21.680 21.680 58274 1 2068 21p680
8274 21.680 21.680 58275 2 2068 21p680
8275 21.680 21.680 58276 3 2068 21p680
8276 21.690 21.690 58277 0 2069 21p690
8277 21.690 21.690 58278 1 2069 21p690
8278 21.690 21.690 58279 2 2069 21p690
8279 21.690 21.690 58280 3 2069 21p690
8280 21.700 21.700 58281 0 2070 21p700
8281 21.700 21.700 58282 1 2070 21p700
8282 21.700 21.700 58283 2 2070 21p700
8283 21.700 21.700 58284 3 2070 21p700
8284 21.710 21.710 58285 0 2071 21p710
8285 21.710 21.710 58286 1 2071 21p710
8286 21.710 21.710 58287 2 2071 21p710
8287 21.710 21.710 58288 3 2071 21p710
8288 21.720 21.720 58289 0 2072 21p720
8289 21.720 21.720 58290 1 2072 21p720
8290 21.720 21.720 58291 2 2072 21p720
8291 21.720 21.720 58292 3 2072 21p720
8292 21.730 21.730 58293 0 2073 21p730
8293 21.730 21.730 58294 1 2073 21p730
8294 21.730 21.730 58295 2 2073 21p730
8295 21.730 21.730 58296 3 2073 21p730
8296 21.740 21.740 58297 0 2074 21p740
8297 21.740 21.740 58298 1 2074 21p740
8298 21.740 21.740 58299 2 2074 21p740
8299 21.740 21.740 58300 3 2074 21p740
8300 21.750 21.750 58301 0 2075 21p750
8301 21.750 21.750 58302 1 2075 21p750
8302 21.750 21.750 58303 2 2075 21p750
8303 21.750 21.750 58304 3 2075 21p750
8304 21.760 21.760 58305 0 2076 21p760
8305 21.760 21.760 58306 1 2076 21p760
8306 21.760 21.760 58307 2 2076 21p760
8307 21.760 21.760 58308 3 2076 21p760
8308 21.770 21.770 58309 0 2077 21p770
8309 21.770 21.770 58310 1 2077 21p770
8310 21.770 21.770 58311 2 2077 21p770
8311 21.770 21.770 58312 3 2077 21p770
8312 21.780 21.780 58313 0 2078 21p780
8313 21.780 21.780 58314 1 2078 21p780
8314 21.780 21.780 58315 2 2078 21p780
8315 21.780 21.780 58316 3 2078 21p780
8316 21.790 21.790 58317 0 2079 21p790
8317 21.790 21.790 58318 1 2079 21p790
8318 21.790 21.790 58319 2 2079 21p790
8319 21.790 21.790 58320 3 2079 21p790
8320 21.800 21.800 58321 0 2080 21p800
8321 21.800 21.800 58322 1 2080 21p800
8322 21.800 21.800 58323 2 2080 21p800
8323 21.800 21.800 58324 3 2080 21p800
8324 21.810 21.810 58325 0 2081 21p810
8325 21.810 21.810 58326 1 2081 21p810
8326 21.810 21.810 58327 2 2081 21p810
8327 21.810 21.810 58328 3 2081 21p810
8328 21.820 21.820 58329 0 2082 21p820
8329 21.820 21.820 58330 1 2082 21p820
8330 21.820 21.820 58331 2 2082 21p820
8331 21.820 21.820 58332 3 2082 21p820
8332 21.830 21.830 58333 0 2083 21p830
8333 21.830 21.830 58334 1 2083 21p830
8334 21.830 21.830 58335 2 2083 21p830
8335 21.830 21.830 58336 3 2083 21p830
8336 21.840 21.840 58337 0 2084 21p840
8337 21.840 21.840 58338 1 2084 21p840
8338 21.840 21.840 58339 2 2084 21p840
8339 21.840 21.840 58340 3 2084 21p840
8340 21.850 21.850 58341 0 2085 21p850
8341 21.850 21.850 58342 1 2085 21p850
8342 21.850 21.850 58343 2 2085 21p850
8343 21.850 21.850 58344 3 2085 21p850
8344 21.860 21.860 58345 0 2086 21p860
8345 21.860 21.860 58346 1 2086 21p860
8346 21.860 21.860 58347 2 2086 21p860
8347 21.860 21.860 58348 3 2086 21p860
8348 21.870 21.870 58349 0 2087 21p870
8349 21.870 21.870 58350 1 2087 21p870
8350 21.870 21.870 58351 2 2087 21p870
8351 21.870 21.870 58352 3 2087 21p870
8352 21.880 21.880 58353 0 2088 21p880
8353 21.880 21.880 58354 1 2088 21p880
8354 21.880 21.880 58355 2 2088 21p880
8355 21.880 21.880 58356 3 2088 21p880
8356 21.890 21.890 58357 0 2089 21p890
8357 21.890 21.890 58358 1 2089 21p890
8358 21.890 21.890 58359 2 2089 21p890
8359 21.890 21.890 58360 3 2089 21p890
8360 21.900 21.900 58361 0 2090 21p900
8361 21.900 21.900 58362 1 2090 21p900
8362 21.900 21.900 58363 2 2090 21p900
8363 21.900 21.900 58364 3 2090 21p900
8364 21.910 21.910 58365 0 2091 21p910
8365 21.910 21.910 58366 1 2091 21p910
8366 21.910 21.910 58367 2 2091 21p910
8367 21.910 21.910 58368 3 2091 21p910
8368 21.920 21.920 58369 0 2092 21p920
8369 21.920 21.920 58370 1 2092 21p920
8370 21.920 21.920 58371 2 2092 21p920
8371 21.920 21.920 58372 3 2092 21p920
8372 21.930 21.930 58373 0 2093 21p930
8373 21.930 21.930 58374 1 2093 21p930
8374 21.930 21.930 58375 2 2093 21p930
8375 21.930 21.930 58376 3 2093 21p930
8376 21.940 21.940 58377 0 2094 21p940
8377 21.940 21.940 58378 1 2094 21p940
8378 21.940 21.940 58379 2 2094 21p940
8379 21.940 21.940 58380 3 2094 21p940
8380 21.950 21.950 58381 0 2095 21p950
8381 21.950 21.950 58382 1 2095 21p950
8382 21.950 21.950 58383 2 2095 21p950
8383 21.950 21.950 58384 3 2095 21p950
8384 21.960 21.960 58385 0 2096 21p960
8385 21.960 21.960 58386 1 2096 21p960
8386 21.960 21.960 58387 2 2096 21p960
8387 21.960 21.960 58388 3 2096 21p960
8388 21.970 21.970 58389 0 2097 21p970
8389 21.970 21.970 58390 1 2097 21p970
8390 21.970 21.970 58391 2 2097 21p970
8391 21.970 21.970 58392 3 2097 21p970
8392 21.980 21.980 58393 0 2098 21p980
8393 21.980 21.980 58394 1 2098 21p980
8394 21.980 21.980 58395 2 2098 21p980
8395 21.980 21.980 58396 3 2098 21p980
8396 21.990 21.990 58397 0 2099 21p990
8397 21.990 21.990 58398 1 2099 21p990
8398 21.990 21.990 58399 2 2099 21p990
8399 21.990 21.990 58400 3 2099 21p990
8400 22.000 22.000 58401 0 2100 22p000
8401 22.000 22.000 58402 1 2100 22p000
8402 22.000 22.000 58403 2 2100 22p000
8403 22.000 22.000 58404 3 2100 22p000
8404 22.010 22.010 58405 0 2101 22p010
8405 22.010 22.010 58406 1 2101 22p010
8406 22.010 22.010 58407 2 2101 22p010
8407 22.010 22.010 58408 3 2101 22p010
8408 22.020 22.020 58409 0 2102 22p020
8409 22.020 22.020 58410 1 2102 22p020
8410 22.020 22.020 58411 2 2102 22p020
8411 22.020 22.020 58412 3 2102 22p020
8412 22.030 22.030 58413 0 2103 22p030
8413 22.030 22.030 58414 1 2103 22p030
8414 22.030 22.030 58415 2 2103 22p030
8415 22.030 22.030 58416 3 2103 22p030
8416 22.040 22.040 58417 0 2104 22p040
8417 22.040 22.040 58418 1 2104 22p040
8418 22.040 22.040 58419 2 2104 22p040
8419 22.040 22.040 58420 3 2104 22p040
8420 22.050 22.050 58421 0 2105 22p050
8421 22.050 22.050 58422 1 2105 22p050
8422 22.050 22.050 58423 2 2105 22p050
8423 22.050 22.050 58424 3 2105 22p050
8424 22.060 22.060 58425 0 2106 22p060
8425 22.060 22.060 58426 1 2106 22p060
8426 22.060 22.060 58427 2 2106 22p060
8427 22.060 22.060 58428 3 2106 22p060
8428 22.070 22.070 58429 0 2107 22p070
8429 22.070 22.070 58430 1 2107 22p070
8430 22.070 22.070 58431 2 2107 22p070
8431 22.070 22.070 58432 3 2107 22p070
8432 22.080 22.080 58433 0 2108 22p080
8433 22.080 22.080 58434 1 2108 22p080
8434 22.080 22.080 58435 2 2108 22p080
8435 22.080 22.080 58436 3 2108 22p080
8436 22.090 22.090 58437 0 2109 22p090
8437 22.090 22.090 58438 1 2109 22p090
8438 22.090 22.090 58439 2 2109 22p090
8439 22.090 22.090 58440 3 2109 22p090
8440 22.100 22.100 58441 0 2110 22p100
8441 22.100 22.100 58442 1 2110 22p100
8442 22.100 22.100 58443 2 2110 22p100
8443 22.100 22.100 58444 3 2110 22p100
8444 22.110 22.110 58445 0 2111 22p110
8445 22.110 22.110 58446 1 2111 22p110
8446 22.110 22.110 58447 2 2111 22p110
8447 22.110 22.110 58448 3 2111 22p110
8448 22.120 22.120 58449 0 2112 22p120
8449 22.120 22.120 58450 1 2112 22p120
8450 22.120 22.120 58451 2 2112 22p120
8451 22.120 22.120 58452 3 2112 22p120
8452 22.130 22.130 58453 0 2113 22p130
8453 22.130 22.130 58454 1 2113 22p130
8454 22.130 22.130 58455 2 2113 22p130
8455 22.130 22.130 58456 3 2113 22p130
8456 22.140 22.140 58457 0 2114 22p140
8457 22.140 22.140 58458 1 2114 22p140
8458 22.140 22.140 58459 2 2114 22p140
8459 22.140 22.140 58460 3 2114 22p140
8460 22.150 22.150 58461 0 2115 22p150
8461 22.150 22.150 58462 1 2115 22p150
8462 22.150 22.150 58463 2 2115 22p150
8463 22.150 22.150 58464 3 2115 22p150
8464 22.160 22.160 58465 0 2116 22p160
8465 22.160 22.160 58466 1 2116 22p160
8466 22.160 22.160 58467 2 2116 22p160
8467 22.160 22.160 58468 3 2116 22p160
8468 22.170 22.170 58469 0 2117 22p170
8469 22.170 22.170 58470 1 2117 22p170
8470 22.170 22.170 58471 2 2117 22p170
8471 22.170 22.170 58472 3 2117 22p170
8472 22.180 22.180 58473 0 2118 22p180
8473 22.180 22.180 58474 1 2118 22p180
8474 22.180 22.180 58475 2 2118 22p180
8475 22.180 22.180 58476 3 2118 22p180
8476 22.190 22.190 58477 0 2119 22p190
8477 22.190 22.190 58478 1 2119 22p190
8478 22.190 22.190 58479 2 2119 22p190
8479 22.190 22.190 58480 3 2119 22p190
8480 22.200 22.200 58481 0 2120 22p200
8481 22.200 22.200 58482 1 2120 22p200
8482 22.200 22.200 58483 2 2120 22p200
8483 22.200 22.200 58484 3 2120 22p200
8484 22.210 22.210 58485 0 2121 22p210
8485 22.210 22.210 58486 1 2121 22p210
8486 22.210 22.210 58487 2 2121 22p210
8487 22.210 22.210 58488 3 2121 22p210
8488 22.220 22.220 58489 0 2122 22p220
8489 22.220 22.220 58490 1 2122 22p220
8490 22.220 22.220 58491 2 2122 22p220
8491 22.220 22.220 58492 3 2122 22p220
8492 22.230 22.230 58493 0 2123 22p230
8493 22.230 22.230 58494 1 2123 22p230
8494 22.230 22.230 58495 2 2123 22p230
8495 22.230 22.230 58496 3 2123 22p230
8496 22.240 22.240 58497 0 2124 22p240
8497 22.240 22.240 58498 1 2124 22p240
8498 22.240 22.240 58499 2 2124 22p240
8499 22.240 22.240 58500 3 2124 22p240
8500 22.250 22.250 58501 0 2125 22p250
8501 22.250 22.250 58502 1 2125 22p250
8502 22.250 22.250 58503 2 2125 22p250
8503 22.250 22.250 58504 3 2125 22p250
8504 22.260 22.260 58505 0 2126 22p260
8505 22.260 22.260 58506 1 2126 22p260
8506 22.260 22.260 58507 2 2126 22p260
8507 22.260 22.260 58508 3 2126 22p260
8508 22.270 22.270 58509 0 2127 22p270
8509 22.270 22.270 58510 1 2127 22p270
8510 22.270 22.270 58511 2 2127 22p270
8511 22.270 22.270 58512 3 2127 22p270
8512 22.280 22.280 58513 0 2128 22p280
8513 22.280 22.280 58514 1 2128 22p280
8514 22.280 22.280 58515 2 2128 22p280
8515 22.280 22.280 58516 3 2128 22p280
8516 22.290 22.290 58517 0 2129 22p290
8517 22.290 22.290 58518 1 2129 22p290
8518 22.290 22.290 58519 2 2129 22p290
8519 22.290 22.290 58520 3 2129 22p290
8520 22.300 22.300 58521 0 2130 22p300
8521 22.300 22.300 58522 1 2130 22p300
8522 22.300 22.300 58523 2 2130 22p300
8523 22.300 22.300 58524 3 2130 22p300
8524 22.310 22.310 58525 0 2131 22p310
8525 22.310 22.310 58526 1 2131 22p310
8526 22.310 22.310 58527 2 2131 22p310
8527 22.310 22.310 58528 3 2131 22p310
8528 22.320 22.320 58529 0 2132 22p320
8529 22.320 22.320 58530 1 2132 22p320
8530 22.320 22.320 58531 2 2132 22p320
8531 22.320 22.320 58532 3 2132 22p320
8532 22.330 22.330 58533 0 2133 22p330
8533 22.330 22.330 58534 1 2133 22p330
8534 22.330 22.330 58535 2 2133 22p330
8535 22.330 22.330 58536 3 2133 22p330
8536 22.340 22.340 58537 0 2134 22p340
8537 22.340 22.340 58538 1 2134 22p340
8538 22.340 22.340 58539 2 2134 22p340
8539 22.340 22.340 58540 3 2134 22p340
8540 22.350 22.350 58541 0 2135 22p350
8541 22.350 22.350 58542 1 2135 22p350
8542 22.350 22.350 58543 2 2135 22p350
8543 22.350 22.350 58544 3 2135 22p350
8544 22.360 22.360 58545 0 2136 22p360
8545 22.360 22.360 58546 1 2136 22p360
8546 22.360 22.360 58547 2 2136 22p360
8547 22.360 22.360 58548 3 2136 22p360
8548 22.370 22.370 58549 0 2137 22p370
8549 22.370 22.370 58550 1 2137 22p370
8550 22.370 22.370 58551 2 2137 22p370
8551 22.370 22.370 58552 3 2137 22p370
8552 22.380 22.380 58553 0 2138 22p380
8553 22.380 22.380 58554 1 2138 22p380
8554 22.380 22.380 58555 2 2138 22p380
8555 22.380 22.380 58556 3 2138 22p380
8556 22.390 22.390 58557 0 2139 22p390
8557 22.390 22.390 58558 1 2139 22p390
8558 22.390 22.390 58559 2 2139 22p390
8559 22.390 22.390 58560 3 2139 22p390
8560 22.400 22.400 58561 0 2140 22p400
8561 22.400 22.400 58562 1 2140 22p400
8562 22.400 22.400 58563 2 2140 22p400
8563 22.400 22.400 58564 3 2140 22p400
8564 22.410 22.410 58565 0 2141 22p410
8565 22.410 22.410 58566 1 2141 22p410
8566 22.410 22.410 58567 2 2141 22p410
8567 22.410 22.410 58568 3 2141 22p410
8568 22.420 22.420 58569 0 2142 22p420
8569 22.420 22.420 58570 1 2142 22p420
8570 22.420 22.420 58571 2 2142 22p420
8571 22.420 22.420 58572 3 2142 22p420
8572 22.430 22.430 58573 0 2143 22p430
8573 22.430 22.430 58574 1 2143 22p430
8574 22.430 22.430 58575 2 2143 22p430
8575 22.430 22.430 58576 3 2143 22p430
8576 22.440 22.440 58577 0 2144 22p440
8577 22.440 22.440 58578 1 2144 22p440
8578 22.440 22.440 58579 2 2144 22p440
8579 22.440 22.440 58580 3 2144 22p440
8580 22.450 22.450 58581 0 2145 22p450
8581 22.450 22.450 58582 1 2145 22p450
8582 22.450 22.450 58583 2 2145 22p450
8583 22.450 22.450 58584 3 2145 22p450
8584 22.460 22.460 58585 0 2146 22p460
8585 22.460 22.460 58586 1 2146 22p460
8586 22.460 22.460 58587 2 2146 22p460
8587 22.460 22.460 58588 3 2146 22p460
8588 22.470 22.470 58589 0 2147 22p470
8589 22.470 22.470 58590 1 2147 22p470
8590 22.470 22.470 58591 2 2147 22p470
8591 22.470 22.470 58592 3 2147 22p470
8592 22.480 22.480 58593 0 2148 22p480
8593 22.480 22.480 58594 1 2148 22p480
8594 22.480 22.480 58595 2 2148 22p480
8595 22.480 22.480 58596 3 2148 22p480
8596 22.490 22.490 58597 0 2149 22p490
8597 22.490 22.490 58598 1 2149 22p490
8598 22.490 22.490 58599 2 2149 22p490
8599 22.490 22.490 58600 3 2149 22p490
8600 22.500 22.500 58601 0 2150 22p500
8601 22.500 22.500 58602 1 2150 22p500
8602 22.500 22.500 58603 2 2150 22p500
8603 22.500 22.500 58604 3 2150 22p500
8604 22.510 22.510 58605 0 2151 22p510
8605 22.510 22.510 58606 1 2151 22p510
8606 22.510 22.510 58607 2 2151 22p510
8607 22.510 22.510 58608 3 2151 22p510
8608 22.520 22.520 58609 0 2152 22p520
8609 22.520 22.520 58610 1 2152 22p520
8610 22.520 22.520 58611 2 2152 22p520
8611 22.520 22.520 58612 3 2152 22p520
8612 22.530 22.530 58613 0 2153 22p530
8613 22.530 22.530 58614 1 2153 22p530
8614 22.530 22.530 58615 2 2153 22p530
8615 22.530 22.530 58616 3 2153 22p530
8616 22.540 22.540 58617 0 2154 22p540
8617 22.540 22.540 58618 1 2154 22p540
8618 22.540 22.540 58619 2 2154 22p540
8619 22.540 22.540 58620 3 2154 22p540
8620 22.550 22.550 58621 0 2155 22p550
8621 22.550 22.550 58622 1 2155 22p550
8622 22.550 22.550 58623 2 2155 22p550
8623 22.550 22.550 58624 3 2155 22p550
8624 22.560 22.560 58625 0 2156 22p560
8625 22.560 22.560 58626 1 2156 22p560
8626 22.560 22.560 58627 2 2156 22p560
8627 22.560 22.560 58628 3 2156 22p560
8628 22.570 22.570 58629 0 2157 22p570
8629 22.570 22.570 58630 1 2157 22p570
8630 22.570 22.570 58631 2 2157 22p570
8631 22.570 22.570 58632 3 2157 22p570
8632 22.580 22.580 58633 0 2158 22p580
8633 22.580 22.580 58634 1 2158 22p580
8634 22.580 22.580 58635 2 2158 22p580
8635 22.580 22.580 58636 3 2158 22p580
8636 22.590 22.590 58637 0 2159 22p590
8637 22.590 22.590 58638 1 2159 22p590
8638 22.590 22.590 58639 2 2159 22p590
8639 22.590 22.590 58640 3 2159 22p590
8640 22.600 22.600 58641 0 2160 22p600
8641 22.600 22.600 58642 1 2160 22p600
8642 22.600 22.600 58643 2 2160 22p600
8643 22.600 22.600 58644 3 2160 22p600
8644 22.610 22.610 58645 0 2161 22p610
8645 22.610 22.610 58646 1 2161 22p610
8646 22.610 22.610 58647 2 2161 22p610
8647 22.610 22.610 58648 3 2161 22p610
8648 22.620 22.620 58649 0 2162 22p620
8649 22.620 22.620 58650 1 2162 22p620
8650 22.620 22.620 58651 2 2162 22p620
8651 22.620 22.620 58652 3 2162 22p620
8652 22.630 22.630 58653 0 2163 22p630
8653 22.630 22.630 58654 1 2163 22p630
8654 22.630 22.630 58655 2 2163 22p630
8655 22.630 22.630 58656 3 2163 22p630
8656 22.640 22.640 58657 0 2164 22p640
8657 22.640 22.640 58658 1 2164 22p640
8658 22.640 22.640 58659 2 2164 22p640
8659 22.640 22.640 58660 3 2164 22p640
8660 22.650 22.650 58661 0 2165 22p650
8661 22.650 22.650 58662 1 2165 22p650
8662 22.650 22.650 58663 2 2165 22p650
8663 22.650 22.650 58664 3 2165 22p650
8664 22.660 22.660 58665 0 2166 22p660
8665 22.660 22.660 58666 1 2166 22p660
8666 22.660 22.660 58667 2 2166 22p660
8667 22.660 22.660 58668 3 2166 22p660
8668 22.670 22.670 58669 0 2167 22p670
8669 22.670 22.670 58670 1 2167 22p670
8670 22.670 22.670 58671 2 2167 22p670
8671 22.670 22.670 58672 3 2167 22p670
8672 22.680 22.680 58673 0 2168 22p680
8673 22.680 22.680 58674 1 2168 22p680
8674 22.680 22.680 58675 2 2168 22p680
8675 22.680 22.680 58676 3 2168 22p680
8676 22.690 22.690 58677 0 2169 22p690
8677 22.690 22.690 58678 1 2169 22p690
8678 22.690 22.690 58679 2 2169 22p690
8679 22.690 22.690 58680 3 2169 22p690
8680 22.700 22.700 58681 0 2170 22p700
8681 22.700 22.700 58682 1 2170 22p700
8682 22.700 22.700 58683 2 2170 22p700
8683 22.700 22.700 58684 3 2170 22p700
8684 22.710 22.710 58685 0 2171 22p710
8685 22.710 22.710 58686 1 2171 22p710
8686 22.710 22.710 58687 2 2171 22p710
8687 22.710 22.710 58688 3 2171 22p710
8688 22.720 22.720 58689 0 2172 22p720
8689 22.720 22.720 58690 1 2172 22p720
8690 22.720 22.720 58691 2 2172 22p720
8691 22.720 22.720 58692 3 2172 22p720
8692 22.730 22.730 58693 0 2173 22p730
8693 22.730 22.730 58694 1 2173 22p730
8694 22.730 22.730 58695 2 2173 22p730
8695 22.730 22.730 58696 3 2173 22p730
8696 22.740 22.740 58697 0 2174 22p740
8697 22.740 22.740 58698 1 2174 22p740
8698 22.740 22.740 58699 2 2174 22p740
8699 22.740 22.740 58700 3 2174 22p740
8700 22.750 22.750 58701 0 2175 22p750
8701 22.750 22.750 58702 1 2175 22p750
8702 22.750 22.750 58703 2 2175 22p750
8703 22.750 22.750 58704 3 2175 22p750
8704 22.760 22.760 58705 0 2176 22p760
8705 22.760 22.760 58706 1 2176 22p760
8706 22.760 22.760 58707 2 2176 22p760
8707 22.760 22.760 58708 3 2176 22p760
8708 22.770 22.770 58709 0 2177 22p770
8709 22.770 22.770 58710 1 2177 22p770
8710 22.770 22.770 58711 2 2177 22p770
8711 22.770 22.770 58712 3 2177 22p770
8712 22.780 22.780 58713 0 2178 22p780
8713 22.780 22.780 58714 1 2178 22p780
8714 22.780 22.780 58715 2 2178 22p780
8715 22.780 22.780 58716 3 2178 22p780
8716 22.790 22.790 58717 0 2179 22p790
8717 22.790 22.790 58718 1 2179 22p790
8718 22.790 22.790 58719 2 2179 22p790
8719 22.790 22.790 58720 3 2179 22p790
8720 22.800 22.800 58721 0 2180 22p800
8721 22.800 22.800 58722 1 2180 22p800
8722 22.800 22.800 58723 2 2180 22p800
8723 22.800 22.800 58724 3 2180 22p800
8724 22.810 22.810 58725 0 2181 22p810
8725 22.810 22.810 58726 1 2181 22p810
8726 22.810 22.810 58727 2 2181 22p810
8727 22.810 22.810 58728 3 2181 22p810
8728 22.820 22.820 58729 0 2182 22p820
8729 22.820 22.820 58730 1 2182 22p820
8730 22.820 22.820 58731 2 2182 22p820
8731 22.820 22.820 58732 3 2182 22p820
8732 22.830 22.830 58733 0 2183 22p830
8733 22.830 22.830 58734 1 2183 22p830
8734 22.830 22.830 58735 2 2183 22p830
8735 22.830 22.830 58736 3 2183 22p830
8736 22.840 22.840 58737 0 2184 22p840
8737 22.840 22.840 58738 1 2184 22p840
8738 22.840 22.840 58739 2 2184 22p840
8739 22.840 22.840 58740 3 2184 22p840
8740 22.850 22.850 58741 0 2185 22p850
8741 22.850 22.850 58742 1 2185 22p850
8742 22.850 22.850 58743 2 2185 22p850
8743 22.850 22.850 58744 3 2185 22p850
8744 22.860 22.860 58745 0 2186 22p860
8745 22.860 22.860 58746 1 2186 22p860
8746 22.860 22.860 58747 2 2186 22p860
8747 22.860 22.860 58748 3 2186 22p860
8748 22.870 22.870 58749 0 2187 22p870
8749 22.870 22.870 58750 1 2187 22p870
8750 22.870 22.870 58751 2 2187 22p870
8751 22.870 22.870 58752 3 2187 22p870
8752 22.880 22.880 58753 0 2188 22p880
8753 22.880 22.880 58754 1 2188 22p880
8754 22.880 22.880 58755 2 2188 22p880
8755 22.880 22.880 58756 3 2188 22p880
8756 22.890 22.890 58757 0 2189 22p890
8757 22.890 22.890 58758 1 2189 22p890
8758 22.890 22.890 58759 2 2189 22p890
8759 22.890 22.890 58760 3 2189 22p890
8760 22.900 22.900 58761 0 2190 22p900
8761 22.900 22.900 58762 1 2190 22p900
8762 22.900 22.900 58763 2 2190 22p900
8763 22.900 22.900 58764 3 2190 22p900
8764 22.910 22.910 58765 0 2191 22p910
8765 22.910 22.910 58766 1 2191 22p910
8766 22.910 22.910 58767 2 2191 22p910
8767 22.910 22.910 58768 3 2191 22p910
8768 22.920 22.920 58769 0 2192 22p920
8769 22.920 22.920 58770 1 2192 22p920
8770 22.920 22.920 58771 2 2192 22p920
8771 22.920 22.920 58772 3 2192 22p920
8772 22.930 22.930 58773 0 2193 22p930
8773 22.930 22.930 58774 1 2193 22p930
8774 22.930 22.930 58775 2 2193 22p930
8775 22.930 22.930 58776 3 2193 22p930
8776 22.940 22.940 58777 0 2194 22p940
8777 22.940 22.940 58778 1 2194 22p940
8778 22.940 22.940 58779 2 2194 22p940
8779 22.940 22.940 58780 3 2194 22p940
8780 22.950 22.950 58781 0 2195 22p950
8781 22.950 22.950 58782 1 2195 22p950
8782 22.950 22.950 58783 2 2195 22p950
8783 22.950 22.950 58784 3 2195 22p950
8784 22.960 22.960 58785 0 2196 22p960
8785 22.960 22.960 58786 1 2196 22p960
8786 22.960 22.960 58787 2 2196 22p960
8787 22.960 22.960 58788 3 2196 22p960
8788 22.970 22.970 58789 0 2197 22p970
8789 22.970 22.970 58790 1 2197 22p970
8790 22.970 22.970 58791 2 2197 22p970
8791 22.970 22.970 58792 3 2197 22p970
8792 22.980 22.980 58793 0 2198 22p980
8793 22.980 22.980 58794 1 2198 22p980
8794 22.980 22.980 58795 2 2198 22p980
8795 22.980 22.980 58796 3 2198 22p980
8796 22.990 22.990 58797 0 2199 22p990
8797 22.990 22.990 58798 1 2199 22p990
8798 22.990 22.990 58799 2 2199 22p990
8799 22.990 22.990 58800 3 2199 22p990
8800 23.000 23.000 58801 0 2200 23p000
8801 23.000 23.000 58802 1 2200 23p000
8802 23.000 23.000 58803 2 2200 23p000
8803 23.000 23.000 58804 3 2200 23p000
8804 23.010 23.010 58805 0 2201 23p010
8805 23.010 23.010 58806 1 2201 23p010
8806 23.010 23.010 58807 2 2201 23p010
8807 23.010 23.010 58808 3 2201 23p010
8808 23.020 23.020 58809 0 2202 23p020
8809 23.020 23.020 58810 1 2202 23p020
8810 23.020 23.020 58811 2 2202 23p020
8811 23.020 23.020 58812 3 2202 23p020
8812 23.030 23.030 58813 0 2203 23p030
8813 23.030 23.030 58814 1 2203 23p030
8814 23.030 23.030 58815 2 2203 23p030
8815 23.030 23.030 58816 3 2203 23p030
8816 23.040 23.040 58817 0 2204 23p040
8817 23.040 23.040 58818 1 2204 23p040
8818 23.040 23.040 58819 2 2204 23p040
8819 23.040 23.040 58820 3 2204 23p040
8820 23.050 23.050 58821 0 2205 23p050
8821 23.050 23.050 58822 1 2205 23p050
8822 23.050 23.050 58823 2 2205 23p050
8823 23.050 23.050 58824 3 2205 23p050
8824 23.060 23.060 58825 0 2206 23p060
8825 23.060 23.060 58826 1 2206 23p060
8826 23.060 23.060 58827 2 2206 23p060
8827 23.060 23.060 58828 3 2206 23p060
8828 23.070 23.070 58829 0 2207 23p070
8829 23.070 23.070 58830 1 2207 23p070
8830 23.070 23.070 58831 2 2207 23p070
8831 23.070 23.070 58832 3 2207 23p070
8832 23.080 23.080 58833 0 2208 23p080
8833 23.080 23.080 58834 1 2208 23p080
8834 23.080 23.080 58835 2 2208 23p080
8835 23.080 23.080 58836 3 2208 23p080
8836 23.090 23.090 58837 0 2209 23p090
8837 23.090 23.090 58838 1 2209 23p090
8838 23.090 23.090 58839 2 2209 23p090
8839 23.090 23.090 58840 3 2209 23p090
8840 23.100 23.100 58841 0 2210 23p100
8841 23.100 23.100 58842 1 2210 23p100
8842 23.100 23.100 58843 2 2210 23p100
8843 23.100 23.100 58844 3 2210 23p100
8844 23.110 23.110 58845 0 2211 23p110
8845 23.110 23.110 58846 1 2211 23p110
8846 23.110 23.110 58847 2 2211 23p110
8847 23.110 23.110 58848 3 2211 23p110
8848 23.120 23.120 58849 0 2212 23p120
8849 23.120 23.120 58850 1 2212 23p120
8850 23.120 23.120 58851 2 2212 23p120
8851 23.120 23.120 58852 3 2212 23p120
8852 23.130 23.130 58853 0 2213 23p130
8853 23.130 23.130 58854 1 2213 23p130
8854 23.130 23.130 58855 2 2213 23p130
8855 23.130 23.130 58856 3 2213 23p130
8856 23.140 23.140 58857 0 2214 23p140
8857 23.140 23.140 58858 1 2214 23p140
8858 23.140 23.140 58859 2 2214 23p140
8859 23.140 23.140 58860 3 2214 23p140
8860 23.150 23.150 58861 0 2215 23p150
8861 23.150 23.150 58862 1 2215 23p150
8862 23.150 23.150 58863 2 2215 23p150
8863 23.150 23.150 58864 3 2215 23p150
8864 23.160 23.160 58865 0 2216 23p160
8865 23.160 23.160 58866 1 2216 23p160
8866 23.160 23.160 58867 2 2216 23p160
8867 23.160 23.160 58868 3 2216 23p160
8868 23.170 23.170 58869 0 2217 23p170
8869 23.170 23.170 58870 1 2217 23p170
8870 23.170 23.170 58871 2 2217 23p170
8871 23.170 23.170 58872 3 2217 23p170
8872 23.180 23.180 58873 0 2218 23p180
8873 23.180 23.180 58874 1 2218 23p180
8874 23.180 23.180 58875 2 2218 23p180
8875 23.180 23.180 58876 3 2218 23p180
8876 23.190 23.190 58877 0 2219 23p190
8877 23.190 23.190 58878 1 2219 23p190
8878 23.190 23.190 58879 2 2219 23p190
8879 23.190 23.190 58880 3 2219 23p190
8880 23.200 23.200 58881 0 2220 23p200
8881 23.200 23.200 58882 1 2220 23p200
8882 23.200 23.200 58883 2 2220 23p200
8883 23.200 23.200 58884 3 2220 23p200
8884 23.210 23.210 58885 0 2221 23p210
8885 23.210 23.210 58886 1 2221 23p210
8886 23.210 23.210 58887 2 2221 23p210
8887 23.210 23.210 58888 3 2221 23p210
8888 23.220 23.220 58889 0 2222 23p220
8889 23.220 23.220 58890 1 2222 23p220
8890 23.220 23.220 58891 2 2222 23p220
8891 23.220 23.220 58892 3 2222 23p220
8892 23.230 23.230 58893 0 2223 23p230
8893 23.230 23.230 58894 1 2223 23p230
8894 23.230 23.230 58895 2 2223 23p230
8895 23.230 23.230 58896 3 2223 23p230
8896 23.240 23.240 58897 0 2224 23p240
8897 23.240 23.240 58898 1 2224 23p240
8898 23.240 23.240 58899 2 2224 23p240
8899 23.240 23.240 58900 3 2224 23p240
8900 23.250 23.250 58901 0 2225 23p250
8901 23.250 23.250 58902 1 2225 23p250
8902 23.250 23.250 58903 2 2225 23p250
8903 23.250 23.250 58904 3 2225 23p250
8904 23.260 23.260 58905 0 2226 23p260
8905 23.260 23.260 58906 1 2226 23p260
8906 23.260 23.260 58907 2 2226 23p260
8907 23.260 23.260 58908 3 2226 23p260
8908 23.270 23.270 58909 0 2227 23p270
8909 23.270 23.270 58910 1 2227 23p270
8910 23.270 23.270 58911 2 2227 23p270
8911 23.270 23.270 58912 3 2227 23p270
8912 23.280 23.280 58913 0 2228 23p280
8913 23.280 23.280 58914 1 2228 23p280
8914 23.280 23.280 58915 2 2228 23p280
8915 23.280 23.280 58916 3 2228 23p280
8916 23.290 23.290 58917 0 2229 23p290
8917 23.290 23.290 58918 1 2229 23p290
8918 23.290 23.290 58919 2 2229 23p290
8919 23.290 23.290 58920 3 2229 23p290
8920 23.300 23.300 58921 0 2230 23p300
8921 23.300 23.300 58922 1 2230 23p300
8922 23.300 23.300 58923 2 2230 23p300
8923 23.300 23.300 58924 3 2230 23p300
8924 23.310 23.310 58925 0 2231 23p310
8925 23.310 23.310 58926 1 2231 23p310
8926 23.310 23.310 58927 2 2231 23p310
8927 23.310 23.310 58928 3 2231 23p310
8928 23.320 23.320 58929 0 2232 23p320
8929 23.320 23.320 58930 1 2232 23p320
8930 23.320 23.320 58931 2 2232 23p320
8931 23.320 23.320 58932 3 2232 23p320
8932 23.330 23.330 58933 0 2233 23p330
8933 23.330 23.330 58934 1 2233 23p330
8934 23.330 23.330 58935 2 2233 23p330
8935 23.330 23.330 58936 3 2233 23p330
8936 23.340 23.340 58937 0 2234 23p340
8937 23.340 23.340 58938 1 2234 23p340
8938 23.340 23.340 58939 2 2234 23p340
8939 23.340 23.340 58940 3 2234 23p340
8940 23.350 23.350 58941 0 2235 23p350
8941 23.350 23.350 58942 1 2235 23p350
8942 23.350 23.350 58943 2 2235 23p350
8943 23.350 23.350 58944 3 2235 23p350
8944 23.360 23.360 58945 0 2236 23p360
8945 23.360 23.360 58946 1 2236 23p360
8946 23.360 23.360 58947 2 2236 23p360
8947 23.360 23.360 58948 3 2236 23p360
8948 23.370 23.370 58949 0 2237 23p370
8949 23.370 23.370 58950 1 2237 23p370
8950 23.370 23.370 58951 2 2237 23p370
8951 23.370 23.370 58952 3 2237 23p370
8952 23.380 23.380 58953 0 2238 23p380
8953 23.380 23.380 58954 1 2238 23p380
8954 23.380 23.380 58955 2 2238 23p380
8955 23.380 23.380 58956 3 2238 23p380
8956 23.390 23.390 58957 0 2239 23p390
8957 23.390 23.390 58958 1 2239 23p390
8958 23.390 23.390 58959 2 2239 23p390
8959 23.390 23.390 58960 3 2239 23p390
8960 23.400 23.400 58961 0 2240 23p400
8961 23.400 23.400 58962 1 2240 23p400
8962 23.400 23.400 58963 2 2240 23p400
8963 23.400 23.400 58964 3 2240 23p400
8964 23.410 23.410 58965 0 2241 23p410
8965 23.410 23.410 58966 1 2241 23p410
8966 23.410 23.410 58967 2 2241 23p410
8967 23.410 23.410 58968 3 2241 23p410
8968 23.420 23.420 58969 0 2242 23p420
8969 23.420 23.420 58970 1 2242 23p420
8970 23.420 23.420 58971 2 2242 23p420
8971 23.420 23.420 58972 3 2242 23p420
8972 23.430 23.430 58973 0 2243 23p430
8973 23.430 23.430 58974 1 2243 23p430
8974 23.430 23.430 58975 2 2243 23p430
8975 23.430 23.430 58976 3 2243 23p430
8976 23.440 23.440 58977 0 2244 23p440
8977 23.440 23.440 58978 1 2244 23p440
8978 23.440 23.440 58979 2 2244 23p440
8979 23.440 23.440 58980 3 2244 23p440
8980 23.450 23.450 58981 0 2245 23p450
8981 23.450 23.450 58982 1 2245 23p450
8982 23.450 23.450 58983 2 2245 23p450
8983 23.450 23.450 58984 3 2245 23p450
8984 23.460 23.460 58985 0 2246 23p460
8985 23.460 23.460 58986 1 2246 23p460
8986 23.460 23.460 58987 2 2246 23p460
8987 23.460 23.460 58988 3 2246 23p460
8988 23.470 23.470 58989 0 2247 23p470
8989 23.470 23.470 58990 1 2247 23p470
8990 23.470 23.470 58991 2 2247 23p470
8991 23.470 23.470 58992 3 2247 23p470
8992 23.480 23.480 58993 0 2248 23p480
8993 23.480 23.480 58994 1 2248 23p480
8994 23.480 23.480 58995 2 2248 23p480
8995 23.480 23.480 58996 3 2248 23p480
8996 23.490 23.490 58997 0 2249 23p490
8997 23.490 23.490 58998 1 2249 23p490
8998 23.490 23.490 58999 2 2249 23p490
8999 23.490 23.490 59000 3 2249 23p490
9000 23.500 23.500 59001 0 2250 23p500
9001 23.500 23.500 59002 1 2250 23p500
9002 23.500 23.500 59003 2 2250 23p500
9003 23.500 23.500 59004 3 2250 23p500
9004 23.510 23.510 59005 0 2251 23p510
9005 23.510 23.510 59006 1 2251 23p510
9006 23.510 23.510 59007 2 2251 23p510
9007 23.510 23.510 59008 3 2251 23p510
9008 23.520 23.520 59009 0 2252 23p520
9009 23.520 23.520 59010 1 2252 23p520
9010 23.520 23.520 59011 2 2252 23p520
9011 23.520 23.520 59012 3 2252 23p520
9012 23.530 23.530 59013 0 2253 23p530
9013 23.530 23.530 59014 1 2253 23p530
9014 23.530 23.530 59015 2 2253 23p530
9015 23.530 23.530 59016 3 2253 23p530
9016 23.540 23.540 59017 0 2254 23p540
9017 23.540 23.540 59018 1 2254 23p540
9018 23.540 23.540 59019 2 2254 23p540
9019 23.540 23.540 59020 3 2254 23p540
9020 23.550 23.550 59021 0 2255 23p550
9021 23.550 23.550 59022 1 2255 23p550
9022 23.550 23.550 59023 2 2255 23p550
9023 23.550 23.550 59024 3 2255 23p550
9024 23.560 23.560 59025 0 2256 23p560
9025 23.560 23.560 59026 1 2256 23p560
9026 23.560 23.560 59027 2 2256 23p560
9027 23.560 23.560 59028 3 2256 23p560
9028 23.570 23.570 59029 0 2257 23p570
9029 23.570 23.570 59030 1 2257 23p570
9030 23.570 23.570 59031 2 2257 23p570
9031 23.570 23.570 59032 3 2257 23p570
9032 23.580 23.580 59033 0 2258 23p580
9033 23.580 23.580 59034 1 2258 23p580
9034 23.580 23.580 59035 2 2258 23p580
9035 23.580 23.580 59036 3 2258 23p580
9036 23.590 23.590 59037 0 2259 23p590
9037 23.590 23.590 59038 1 2259 23p590
9038 23.590 23.590 59039 2 2259 23p590
9039 23.590 23.590 59040 3 2259 23p590
9040 23.600 23.600 59041 0 2260 23p600
9041 23.600 23.600 59042 1 2260 23p600
9042 23.600 23.600 59043 2 2260 23p600
9043 23.600 23.600 59044 3 2260 23p600
9044 23.610 23.610 59045 0 2261 23p610
9045 23.610 23.610 59046 1 2261 23p610
9046 23.610 23.610 59047 2 2261 23p610
9047 23.610 23.610 59048 3 2261 23p610
9048 23.620 23.620 59049 0 2262 23p620
9049 23.620 23.620 59050 1 2262 23p620
9050 23.620 23.620 59051 2 2262 23p620
9051 23.620 23.620 59052 3 2262 23p620
9052 23.630 23.630 59053 0 2263 23p630
9053 23.630 23.630 59054 1 2263 23p630
9054 23.630 23.630 59055 2 2263 23p630
9055 23.630 23.630 59056 3 2263 23p630
9056 23.640 23.640 59057 0 2264 23p640
9057 23.640 23.640 59058 1 2264 23p640
9058 23.640 23.640 59059 2 2264 23p640
9059 23.640 23.640 59060 3 2264 23p640
9060 23.650 23.650 59061 0 2265 23p650
9061 23.650 23.650 59062 1 2265 23p650
9062 23.650 23.650 59063 2 2265 23p650
9063 23.650 23.650 59064 3 2265 23p650
9064 23.660 23.660 59065 0 2266 23p660
9065 23.660 23.660 59066 1 2266 23p660
9066 23.660 23.660 59067 2 2266 23p660
9067 23.660 23.660 59068 3 2266 23p660
9068 23.670 23.670 59069 0 2267 23p670
9069 23.670 23.670 59070 1 2267 23p670
9070 23.670 23.670 59071 2 2267 23p670
9071 23.670 23.670 59072 3 2267 23p670
9072 23.680 23.680 59073 0 2268 23p680
9073 23.680 23.680 59074 1 2268 23p680
9074 23.680 23.680 59075 2 2268 23p680
9075 23.680 23.680 59076 3 2268 23p680
9076 23.690 23.690 59077 0 2269 23p690
9077 23.690 23.690 59078 1 2269 23p690
9078 23.690 23.690 59079 2 2269 23p690
9079 23.690 23.690 59080 3 2269 23p690
9080 23.700 23.700 59081 0 2270 23p700
9081 23.700 23.700 59082 1 2270 23p700
9082 23.700 23.700 59083 2 2270 23p700
9083 23.700 23.700 59084 3 2270 23p700
9084 23.710 23.710 59085 0 2271 23p710
9085 23.710 23.710 59086 1 2271 23p710
9086 23.710 23.710 59087 2 2271 23p710
9087 23.710 23.710 59088 3 2271 23p710
9088 23.720 23.720 59089 0 2272 23p720
9089 23.720 23.720 59090 1 2272 23p720
9090 23.720 23.720 59091 2 2272 23p720
9091 23.720 23.720 59092 3 2272 23p720
9092 23.730 23.730 59093 0 2273 23p730
9093 23.730 23.730 59094 1 2273 23p730
9094 23.730 23.730 59095 2 2273 23p730
9095 23.730 23.730 59096 3 2273 23p730
9096 23.740 23.740 59097 0 2274 23p740
9097 23.740 23.740 59098 1 2274 23p740
9098 23.740 23.740 59099 2 2274 23p740
9099 23.740 23.740 59100 3 2274 23p740
9100 23.750 23.750 59101 0 2275 23p750
9101 23.750 23.750 59102 1 2275 23p750
9102 23.750 23.750 59103 2 2275 23p750
9103 23.750 23.750 59104 3 2275 23p750
9104 23.760 23.760 59105 0 2276 23p760
9105 23.760 23.760 59106 1 2276 23p760
9106 23.760 23.760 59107 2 2276 23p760
9107 23.760 23.760 59108 3 2276 23p760
9108 23.770 23.770 59109 0 2277 23p770
9109 23.770 23.770 59110 1 2277 23p770
9110 23.770 23.770 59111 2 2277 23p770
9111 23.770 23.770 59112 3 2277 23p770
9112 23.780 23.780 59113 0 2278 23p780
9113 23.780 23.780 59114 1 2278 23p780
9114 23.780 23.780 59115 2 2278 23p780
9115 23.780 23.780 59116 3 2278 23p780
9116 23.790 23.790 59117 0 2279 23p790
9117 23.790 23.790 59118 1 2279 23p790
9118 23.790 23.790 59119 2 2279 23p790
9119 23.790 23.790 59120 3 2279 23p790
9120 23.800 23.800 59121 0 2280 23p800
9121 23.800 23.800 59122 1 2280 23p800
9122 23.800 23.800 59123 2 2280 23p800
9123 23.800 23.800 59124 3 2280 23p800
9124 23.810 23.810 59125 0 2281 23p810
9125 23.810 23.810 59126 1 2281 23p810
9126 23.810 23.810 59127 2 2281 23p810
9127 23.810 23.810 59128 3 2281 23p810
9128 23.820 23.820 59129 0 2282 23p820
9129 23.820 23.820 59130 1 2282 23p820
9130 23.820 23.820 59131 2 2282 23p820
9131 23.820 23.820 59132 3 2282 23p820
9132 23.830 23.830 59133 0 2283 23p830
9133 23.830 23.830 59134 1 2283 23p830
9134 23.830 23.830 59135 2 2283 23p830
9135 23.830 23.830 59136 3 2283 23p830
9136 23.840 23.840 59137 0 2284 23p840
9137 23.840 23.840 59138 1 2284 23p840
9138 23.840 23.840 59139 2 2284 23p840
9139 23.840 23.840 59140 3 2284 23p840
9140 23.850 23.850 59141 0 2285 23p850
9141 23.850 23.850 59142 1 2285 23p850
9142 23.850 23.850 59143 2 2285 23p850
9143 23.850 23.850 59144 3 2285 23p850
9144 23.860 23.860 59145 0 2286 23p860
9145 23.860 23.860 59146 1 2286 23p860
9146 23.860 23.860 59147 2 2286 23p860
9147 23.860 23.860 59148 3 2286 23p860
9148 23.870 23.870 59149 0 2287 23p870
9149 23.870 23.870 59150 1 2287 23p870
9150 23.870 23.870 59151 2 2287 23p870
9151 23.870 23.870 59152 3 2287 23p870
9152 23.880 23.880 59153 0 2288 23p880
9153 23.880 23.880 59154 1 2288 23p880
9154 23.880 23.880 59155 2 2288 23p880
9155 23.880 23.880 59156 3 2288 23p880
9156 23.890 23.890 59157 0 2289 23p890
9157 23.890 23.890 59158 1 2289 23p890
9158 23.890 23.890 59159 2 2289 23p890
9159 23.890 23.890 59160 3 2289 23p890
9160 23.900 23.900 59161 0 2290 23p900
9161 23.900 23.900 59162 1 2290 23p900
9162 23.900 23.900 59163 2 2290 23p900
9163 23.900 23.900 59164 3 2290 23p900
9164 23.910 23.910 59165 0 2291 23p910
9165 23.910 23.910 59166 1 2291 23p910
9166 23.910 23.910 59167 2 2291 23p910
9167 23.910 23.910 59168 3 2291 23p910
9168 23.920 23.920 59169 0 2292 23p920
9169 23.920 23.920 59170 1 2292 23p920
9170 23.920 23.920 59171 2 2292 23p920
9171 23.920 23.920 59172 3 2292 23p920
9172 23.930 23.930 59173 0 2293 23p930
9173 23.930 23.930 59174 1 2293 23p930
9174 23.930 23.930 59175 2 2293 23p930
9175 23.930 23.930 59176 3 2293 23p930
9176 23.940 23.940 59177 0 2294 23p940
9177 23.940 23.940 59178 1 2294 23p940
9178 23.940 23.940 59179 2 2294 23p940
9179 23.940 23.940 59180 3 2294 23p940
9180 23.950 23.950 59181 0 2295 23p950
9181 23.950 23.950 59182 1 2295 23p950
9182 23.950 23.950 59183 2 2295 23p950
9183 23.950 23.950 59184 3 2295 23p950
9184 23.960 23.960 59185 0 2296 23p960
9185 23.960 23.960 59186 1 2296 23p960
9186 23.960 23.960 59187 2 2296 23p960
9187 23.960 23.960 59188 3 2296 23p960
9188 23.970 23.970 59189 0 2297 23p970
9189 23.970 23.970 59190 1 2297 23p970
9190 23.970 23.970 59191 2 2297 23p970
9191 23.970 23.970 59192 3 2297 23p970
9192 23.980 23.980 59193 0 2298 23p980
9193 23.980 23.980 59194 1 2298 23p980
9194 23.980 23.980 59195 2 2298 23p980
9195 23.980 23.980 59196 3 2298 23p980
9196 23.990 23.990 59197 0 2299 23p990
9197 23.990 23.990 59198 1 2299 23p990
9198 23.990 23.990 59199 2 2299 23p990
9199 23.990 23.990 59200 3 2299 23p990
9200 24.000 24.000 59201 0 2300 24p000
9201 24.000 24.000 59202 1 2300 24p000
9202 24.000 24.000 59203 2 2300 24p000
9203 24.000 24.000 59204 3 2300 24p000
9204 24.010 24.010 59205 0 2301 24p010
9205 24.010 24.010 59206 1 2301 24p010
9206 24.010 24.010 59207 2 2301 24p010
9207 24.010 24.010 59208 3 2301 24p010
9208 24.020 24.020 59209 0 2302 24p020
9209 24.020 24.020 59210 1 2302 24p020
9210 24.020 24.020 59211 2 2302 24p020
9211 24.020 24.020 59212 3 2302 24p020
9212 24.030 24.030 59213 0 2303 24p030
9213 24.030 24.030 59214 1 2303 24p030
9214 24.030 24.030 59215 2 2303 24p030
9215 24.030 24.030 59216 3 2303 24p030
9216 24.040 24.040 59217 0 2304 24p040
9217 24.040 24.040 59218 1 2304 24p040
9218 24.040 24.040 59219 2 2304 24p040
9219 24.040 24.040 59220 3 2304 24p040
9220 24.050 24.050 59221 0 2305 24p050
9221 24.050 24.050 59222 1 2305 24p050
9222 24.050 24.050 59223 2 2305 24p050
9223 24.050 24.050 59224 3 2305 24p050
9224 24.060 24.060 59225 0 2306 24p060
9225 24.060 24.060 59226 1 2306 24p060
9226 24.060 24.060 59227 2 2306 24p060
9227 24.060 24.060 59228 3 2306 24p060
9228 24.070 24.070 59229 0 2307 24p070
9229 24.070 24.070 59230 1 2307 24p070
9230 24.070 24.070 59231 2 2307 24p070
9231 24.070 24.070 59232 3 2307 24p070
9232 24.080 24.080 59233 0 2308 24p080
9233 24.080 24.080 59234 1 2308 24p080
9234 24.080 24.080 59235 2 2308 24p080
9235 24.080 24.080 59236 3 2308 24p080
9236 24.090 24.090 59237 0 2309 24p090
9237 24.090 24.090 59238 1 2309 24p090
9238 24.090 24.090 59239 2 2309 24p090
9239 24.090 24.090 59240 3 2309 24p090
9240 24.100 24.100 59241 0 2310 24p100
9241 24.100 24.100 59242 1 2310 24p100
9242 24.100 24.100 59243 2 2310 24p100
9243 24.100 24.100 59244 3 2310 24p100
9244 24.110 24.110 59245 0 2311 24p110
9245 24.110 24.110 59246 1 2311 24p110
9246 24.110 24.110 59247 2 2311 24p110
9247 24.110 24.110 59248 3 2311 24p110
9248 24.120 24.120 59249 0 2312 24p120
9249 24.120 24.120 59250 1 2312 24p120
9250 24.120 24.120 59251 2 2312 24p120
9251 24.120 24.120 59252 3 2312 24p120
9252 24.130 24.130 59253 0 2313 24p130
9253 24.130 24.130 59254 1 2313 24p130
9254 24.130 24.130 59255 2 2313 24p130
9255 24.130 24.130 59256 3 2313 24p130
9256 24.140 24.140 59257 0 2314 24p140
9257 24.140 24.140 59258 1 2314 24p140
9258 24.140 24.140 59259 2 2314 24p140
9259 24.140 24.140 59260 3 2314 24p140
9260 24.150 24.150 59261 0 2315 24p150
9261 24.150 24.150 59262 1 2315 24p150
9262 24.150 24.150 59263 2 2315 24p150
9263 24.150 24.150 59264 3 2315 24p150
9264 24.160 24.160 59265 0 2316 24p160
9265 24.160 24.160 59266 1 2316 24p160
9266 24.160 24.160 59267 2 2316 24p160
9267 24.160 24.160 59268 3 2316 24p160
9268 24.170 24.170 59269 0 2317 24p170
9269 24.170 24.170 59270 1 2317 24p170
9270 24.170 24.170 59271 2 2317 24p170
9271 24.170 24.170 59272 3 2317 24p170
9272 24.180 24.180 59273 0 2318 24p180
9273 24.180 24.180 59274 1 2318 24p180
9274 24.180 24.180 59275 2 2318 24p180
9275 24.180 24.180 59276 3 2318 24p180
9276 24.190 24.190 59277 0 2319 24p190
9277 24.190 24.190 59278 1 2319 24p190
9278 24.190 24.190 59279 2 2319 24p190
9279 24.190 24.190 59280 3 2319 24p190
9280 24.200 24.200 59281 0 2320 24p200
9281 24.200 24.200 59282 1 2320 24p200
9282 24.200 24.200 59283 2 2320 24p200
9283 24.200 24.200 59284 3 2320 24p200
9284 24.210 24.210 59285 0 2321 24p210
9285 24.210 24.210 59286 1 2321 24p210
9286 24.210 24.210 59287 2 2321 24p210
9287 24.210 24.210 59288 3 2321 24p210
9288 24.220 24.220 59289 0 2322 24p220
9289 24.220 24.220 59290 1 2322 24p220
9290 24.220 24.220 59291 2 2322 24p220
9291 24.220 24.220 59292 3 2322 24p220
9292 24.230 24.230 59293 0 2323 24p230
9293 24.230 24.230 59294 1 2323 24p230
9294 24.230 24.230 59295 2 2323 24p230
9295 24.230 24.230 59296 3 2323 24p230
9296 24.240 24.240 59297 0 2324 24p240
9297 24.240 24.240 59298 1 2324 24p240
9298 24.240 24.240 59299 2 2324 24p240
9299 24.240 24.240 59300 3 2324 24p240
9300 24.250 24.250 59301 0 2325 24p250
9301 24.250 24.250 59302 1 2325 24p250
9302 24.250 24.250 59303 2 2325 24p250
9303 24.250 24.250 59304 3 2325 24p250
9304 24.260 24.260 59305 0 2326 24p260
9305 24.260 24.260 59306 1 2326 24p260
9306 24.260 24.260 59307 2 2326 24p260
9307 24.260 24.260 59308 3 2326 24p260
9308 24.270 24.270 59309 0 2327 24p270
9309 24.270 24.270 59310 1 2327 24p270
9310 24.270 24.270 59311 2 2327 24p270
9311 24.270 24.270 59312 3 2327 24p270
9312 24.280 24.280 59313 0 2328 24p280
9313 24.280 24.280 59314 1 2328 24p280
9314 24.280 24.280 59315 2 2328 24p280
9315 24.280 24.280 59316 3 2328 24p280
9316 24.290 24.290 59317 0 2329 24p290
9317 24.290 24.290 59318 1 2329 24p290
9318 24.290 24.290 59319 2 2329 24p290
9319 24.290 24.290 59320 3 2329 24p290
9320 24.300 24.300 59321 0 2330 24p300
9321 24.300 24.300 59322 1 2330 24p300
9322 24.300 24.300 59323 2 2330 24p300
9323 24.300 24.300 59324 3 2330 24p300
9324 24.310 24.310 59325 0 2331 24p310
9325 24.310 24.310 59326 1 2331 24p310
9326 24.310 24.310 59327 2 2331 24p310
9327 24.310 24.310 59328 3 2331 24p310
9328 24.320 24.320 59329 0 2332 24p320
9329 24.320 24.320 59330 1 2332 24p320
9330 24.320 24.320 59331 2 2332 24p320
9331 24.320 24.320 59332 3 2332 24p320
9332 24.330 24.330 59333 0 2333 24p330
9333 24.330 24.330 59334 1 2333 24p330
9334 24.330 24.330 59335 2 2333 24p330
9335 24.330 24.330 59336 3 2333 24p330
9336 24.340 24.340 59337 0 2334 24p340
9337 24.340 24.340 59338 1 2334 24p340
9338 24.340 24.340 59339 2 2334 24p340
9339 24.340 24.340 59340 3 2334 24p340
9340 24.350 24.350 59341 0 2335 24p350
9341 24.350 24.350 59342 1 2335 24p350
9342 24.350 24.350 59343 2 2335 24p350
9343 24.350 24.350 59344 3 2335 24p350
9344 24.360 24.360 59345 0 2336 24p360
9345 24.360 24.360 59346 1 2336 24p360
9346 24.360 24.360 59347 2 2336 24p360
9347 24.360 24.360 59348 3 2336 24p360
9348 24.370 24.370 59349 0 2337 24p370
9349 24.370 24.370 59350 1 2337 24p370
9350 24.370 24.370 59351 2 2337 24p370
9351 24.370 24.370 59352 3 2337 24p370
9352 24.380 24.380 59353 0 2338 24p380
9353 24.380 24.380 59354 1 2338 24p380
9354 24.380 24.380 59355 2 2338 24p380
9355 24.380 24.380 59356 3 2338 24p380
9356 24.390 24.390 59357 0 2339 24p390
9357 24.390 24.390 59358 1 2339 24p390
9358 24.390 24.390 59359 2 2339 24p390
9359 24.390 24.390 59360 3 2339 24p390
9360 24.400 24.400 59361 0 2340 24p400
9361 24.400 24.400 59362 1 2340 24p400
9362 24.400 24.400 59363 2 2340 24p400
9363 24.400 24.400 59364 3 2340 24p400
9364 24.410 24.410 59365 0 2341 24p410
9365 24.410 24.410 59366 1 2341 24p410
9366 24.410 24.410 59367 2 2341 24p410
9367 24.410 24.410 59368 3 2341 24p410
9368 24.420 24.420 59369 0 2342 24p420
9369 24.420 24.420 59370 1 2342 24p420
9370 24.420 24.420 59371 2 2342 24p420
9371 24.420 24.420 59372 3 2342 24p420
9372 24.430 24.430 59373 0 2343 24p430
9373 24.430 24.430 59374 1 2343 24p430
9374 24.430 24.430 59375 2 2343 24p430
9375 24.430 24.430 59376 3 2343 24p430
9376 24.440 24.440 59377 0 2344 24p440
9377 24.440 24.440 59378 1 2344 24p440
9378 24.440 24.440 59379 2 2344 24p440
9379 24.440 24.440 59380 3 2344 24p440
9380 24.450 24.450 59381 0 2345 24p450
9381 24.450 24.450 59382 1 2345 24p450
9382 24.450 24.450 59383 2 2345 24p450
9383 24.450 24.450 59384 3 2345 24p450
9384 24.460 24.460 59385 0 2346 24p460
9385 24.460 24.460 59386 1 2346 24p460
9386 24.460 24.460 59387 2 2346 24p460
9387 24.460 24.460 59388 3 2346 24p460
9388 24.470 24.470 59389 0 2347 24p470
9389 24.470 24.470 59390 1 2347 24p470
9390 24.470 24.470 59391 2 2347 24p470
9391 24.470 24.470 59392 3 2347 24p470
9392 24.480 24.480 59393 0 2348 24p480
9393 24.480 24.480 59394 1 2348 24p480
9394 24.480 24.480 59395 2 2348 24p480
9395 24.480 24.480 59396 3 2348 24p480
9396 24.490 24.490 59397 0 2349 24p490
9397 24.490 24.490 59398 1 2349 24p490
9398 24.490 24.490 59399 2 2349 24p490
9399 24.490 24.490 59400 3 2349 24p490
9400 24.500 24.500 59401 0 2350 24p500
9401 24.500 24.500 59402 1 2350 24p500
9402 24.500 24.500 59403 2 2350 24p500
9403 24.500 24.500 59404 3 2350 24p500
9404 24.510 24.510 59405 0 2351 24p510
9405 24.510 24.510 59406 1 2351 24p510
9406 24.510 24.510 59407 2 2351 24p510
9407 24.510 24.510 59408 3 2351 24p510
9408 24.520 24.520 59409 0 2352 24p520
9409 24.520 24.520 59410 1 2352 24p520
9410 24.520 24.520 59411 2 2352 24p520
9411 24.520 24.520 59412 3 2352 24p520
9412 24.530 24.530 59413 0 2353 24p530
9413 24.530 24.530 59414 1 2353 24p530
9414 24.530 24.530 59415 2 2353 24p530
9415 24.530 24.530 59416 3 2353 24p530
9416 24.540 24.540 59417 0 2354 24p540
9417 24.540 24.540 59418 1 2354 24p540
9418 24.540 24.540 59419 2 2354 24p540
9419 24.540 24.540 59420 3 2354 24p540
9420 24.550 24.550 59421 0 2355 24p550
9421 24.550 24.550 59422 1 2355 24p550
9422 24.550 24.550 59423 2 2355 24p550
9423 24.550 24.550 59424 3 2355 24p550
9424 24.560 24.560 59425 0 2356 24p560
9425 24.560 24.560 59426 1 2356 24p560
9426 24.560 24.560 59427 2 2356 24p560
9427 24.560 24.560 59428 3 2356 24p560
9428 24.570 24.570 59429 0 2357 24p570
9429 24.570 24.570 59430 1 2357 24p570
9430 24.570 24.570 59431 2 2357 24p570
9431 24.570 24.570 59432 3 2357 24p570
9432 24.580 24.580 59433 0 2358 24p580
9433 24.580 24.580 59434 1 2358 24p580
9434 24.580 24.580 59435 2 2358 24p580
9435 24.580 24.580 59436 3 2358 24p580
9436 24.590 24.590 59437 0 2359 24p590
9437 24.590 24.590 59438 1 2359 24p590
9438 24.590 24.590 59439 2 2359 24p590
9439 24.590 24.590 59440 3 2359 24p590
9440 24.600 24.600 59441 0 2360 24p600
9441 24.600 24.600 59442 1 2360 24p600
9442 24.600 24.600 59443 2 2360 24p600
9443 24.600 24.600 59444 3 2360 24p600
9444 24.610 24.610 59445 0 2361 24p610
9445 24.610 24.610 59446 1 2361 24p610
9446 24.610 24.610 59447 2 2361 24p610
9447 24.610 24.610 59448 3 2361 24p610
9448 24.620 24.620 59449 0 2362 24p620
9449 24.620 24.620 59450 1 2362 24p620
9450 24.620 24.620 59451 2 2362 24p620
9451 24.620 24.620 59452 3 2362 24p620
9452 24.630 24.630 59453 0 2363 24p630
9453 24.630 24.630 59454 1 2363 24p630
9454 24.630 24.630 59455 2 2363 24p630
9455 24.630 24.630 59456 3 2363 24p630
9456 24.640 24.640 59457 0 2364 24p640
9457 24.640 24.640 59458 1 2364 24p640
9458 24.640 24.640 59459 2 2364 24p640
9459 24.640 24.640 59460 3 2364 24p640
9460 24.650 24.650 59461 0 2365 24p650
9461 24.650 24.650 59462 1 2365 24p650
9462 24.650 24.650 59463 2 2365 24p650
9463 24.650 24.650 59464 3 2365 24p650
9464 24.660 24.660 59465 0 2366 24p660
9465 24.660 24.660 59466 1 2366 24p660
9466 24.660 24.660 59467 2 2366 24p660
9467 24.660 24.660 59468 3 2366 24p660
9468 24.670 24.670 59469 0 2367 24p670
9469 24.670 24.670 59470 1 2367 24p670
9470 24.670 24.670 59471 2 2367 24p670
9471 24.670 24.670 59472 3 2367 24p670
9472 24.680 24.680 59473 0 2368 24p680
9473 24.680 24.680 59474 1 2368 24p680
9474 24.680 24.680 59475 2 2368 24p680
9475 24.680 24.680 59476 3 2368 24p680
9476 24.690 24.690 59477 0 2369 24p690
9477 24.690 24.690 59478 1 2369 24p690
9478 24.690 24.690 59479 2 2369 24p690
9479 24.690 24.690 59480 3 2369 24p690
9480 24.700 24.700 59481 0 2370 24p700
9481 24.700 24.700 59482 1 2370 24p700
9482 24.700 24.700 59483 2 2370 24p700
9483 24.700 24.700 59484 3 2370 24p700
9484 24.710 24.710 59485 0 2371 24p710
9485 24.710 24.710 59486 1 2371 24p710
9486 24.710 24.710 59487 2 2371 24p710
9487 24.710 24.710 59488 3 2371 24p710
9488 24.720 24.720 59489 0 2372 24p720
9489 24.720 24.720 59490 1 2372 24p720
9490 24.720 24.720 59491 2 2372 24p720
9491 24.720 24.720 59492 3 2372 24p720
9492 24.730 24.730 59493 0 2373 24p730
9493 24.730 24.730 59494 1 2373 24p730
9494 24.730 24.730 59495 2 2373 24p730
9495 24.730 24.730 59496 3 2373 24p730
9496 24.740 24.740 59497 0 2374 24p740
9497 24.740 24.740 59498 1 2374 24p740
9498 24.740 24.740 59499 2 2374 24p740
9499 24.740 24.740 59500 3 2374 24p740
9500 24.750 24.750 59501 0 2375 24p750
9501 24.750 24.750 59502 1 2375 24p750
9502 24.750 24.750 59503 2 2375 24p750
9503 24.750 24.750 59504 3 2375 24p750
9504 24.760 24.760 59505 0 2376 24p760
9505 24.760 24.760 59506 1 2376 24p760
9506 24.760 24.760 59507 2 2376 24p760
9507 24.760 24.760 59508 3 2376 24p760
9508 24.770 24.770 59509 0 2377 24p770
9509 24.770 24.770 59510 1 2377 24p770
9510 24.770 24.770 59511 2 2377 24p770
9511 24.770 24.770 59512 3 2377 24p770
9512 24.780 24.780 59513 0 2378 24p780
9513 24.780 24.780 59514 1 2378 24p780
9514 24.780 24.780 59515 2 2378 24p780
9515 24.780 24.780 59516 3 2378 24p780
9516 24.790 24.790 59517 0 2379 24p790
9517 24.790 24.790 59518 1 2379 24p790
9518 24.790 24.790 59519 2 2379 24p790
9519 24.790 24.790 59520 3 2379 24p790
9520 24.800 24.800 59521 0 2380 24p800
9521 24.800 24.800 59522 1 2380 24p800
9522 24.800 24.800 59523 2 2380 24p800
9523 24.800 24.800 59524 3 2380 24p800
9524 24.810 24.810 59525 0 2381 24p810
9525 24.810 24.810 59526 1 2381 24p810
9526 24.810 24.810 59527 2 2381 24p810
9527 24.810 24.810 59528 3 2381 24p810
9528 24.820 24.820 59529 0 2382 24p820
9529 24.820 24.820 59530 1 2382 24p820
9530 24.820 24.820 59531 2 2382 24p820
9531 24.820 24.820 59532 3 2382 24p820
9532 24.830 24.830 59533 0 2383 24p830
9533 24.830 24.830 59534 1 2383 24p830
9534 24.830 24.830 59535 2 2383 24p830
9535 24.830 24.830 59536 3 2383 24p830
9536 24.840 24.840 59537 0 2384 24p840
9537 24.840 24.840 59538 1 2384 24p840
9538 24.840 24.840 59539 2 2384 24p840
9539 24.840 24.840 59540 3 2384 24p840
9540 24.850 24.850 59541 0 2385 24p850
9541 24.850 24.850 59542 1 2385 24p850
9542 24.850 24.850 59543 2 2385 24p850
9543 24.850 24.850 59544 3 2385 24p850
9544 24.860 24.860 59545 0 2386 24p860
9545 24.860 24.860 59546 1 2386 24p860
9546 24.860 24.860 59547 2 2386 24p860
9547 24.860 24.860 59548 3 2386 24p860
9548 24.870 24.870 59549 0 2387 24p870
9549 24.870 24.870 59550 1 2387 24p870
9550 24.870 24.870 59551 2 2387 24p870
9551 24.870 24.870 59552 3 2387 24p870
9552 24.880 24.880 59553 0 2388 24p880
9553 24.880 24.880 59554 1 2388 24p880
9554 24.880 24.880 59555 2 2388 24p880
9555 24.880 24.880 59556 3 2388 24p880
9556 24.890 24.890 59557 0 2389 24p890
9557 24.890 24.890 59558 1 2389 24p890
9558 24.890 24.890 59559 2 2389 24p890
9559 24.890 24.890 59560 3 2389 24p890
9560 24.900 24.900 59561 0 2390 24p900
9561 24.900 24.900 59562 1 2390 24p900
9562 24.900 24.900 59563 2 2390 24p900
9563 24.900 24.900 59564 3 2390 24p900
9564 24.910 24.910 59565 0 2391 24p910
9565 24.910 24.910 59566 1 2391 24p910
9566 24.910 24.910 59567 2 2391 24p910
9567 24.910 24.910 59568 3 2391 24p910
9568 24.920 24.920 59569 0 2392 24p920
9569 24.920 24.920 59570 1 2392 24p920
9570 24.920 24.920 59571 2 2392 24p920
9571 24.920 24.920 59572 3 2392 24p920
9572 24.930 24.930 59573 0 2393 24p930
9573 24.930 24.930 59574 1 2393 24p930
9574 24.930 24.930 59575 2 2393 24p930
9575 24.930 24.930 59576 3 2393 24p930
9576 24.940 24.940 59577 0 2394 24p940
9577 24.940 24.940 59578 1 2394 24p940
9578 24.940 24.940 59579 2 2394 24p940
9579 24.940 24.940 59580 3 2394 24p940
9580 24.950 24.950 59581 0 2395 24p950
9581 24.950 24.950 59582 1 2395 24p950
9582 24.950 24.950 59583 2 2395 24p950
9583 24.950 24.950 59584 3 2395 24p950
9584 24.960 24.960 59585 0 2396 24p960
9585 24.960 24.960 59586 1 2396 24p960
9586 24.960 24.960 59587 2 2396 24p960
9587 24.960 24.960 59588 3 2396 24p960
9588 24.970 24.970 59589 0 2397 24p970
9589 24.970 24.970 59590 1 2397 24p970
9590 24.970 24.970 59591 2 2397 24p970
9591 24.970 24.970 59592 3 2397 24p970
9592 24.980 24.980 59593 0 2398 24p980
9593 24.980 24.980 59594 1 2398 24p980
9594 24.980 24.980 59595 2 2398 24p980
9595 24.980 24.980 59596 3 2398 24p980
9596 24.990 24.990 59597 0 2399 24p990
9597 24.990 24.990 59598 1 2399 24p990
9598 24.990 24.990 59599 2 2399 24p990
9599 24.990 24.990 59600 3 2399 24p990
9600 25.000 25.000 59601 0 2400 25p000
9601 25.000 25.000 59602 1 2400 25p000
9602 25.000 25.000 59603 2 2400 25p000
9603 25.000 25.000 59604 3 2400 25p000
9604 25.010 25.010 59605 0 2401 25p010
9605 25.010 25.010 59606 1 2401 25p010
9606 25.010 25.010 59607 2 2401 25p010
9607 25.010 25.010 59608 3 2401 25p010
9608 25.020 25.020 59609 0 2402 25p020
9609 25.020 25.020 59610 1 2402 25p020
9610 25.020 25.020 59611 2 2402 25p020
9611 25.020 25.020 59612 3 2402 25p020
9612 25.030 25.030 59613 0 2403 25p030
9613 25.030 25.030 59614 1 2403 25p030
9614 25.030 25.030 59615 2 2403 25p030
9615 25.030 25.030 59616 3 2403 25p030
9616 25.040 25.040 59617 0 2404 25p040
9617 25.040 25.040 59618 1 2404 25p040
9618 25.040 25.040 59619 2 2404 25p040
9619 25.040 25.040 59620 3 2404 25p040
9620 25.050 25.050 59621 0 2405 25p050
9621 25.050 25.050 59622 1 2405 25p050
9622 25.050 25.050 59623 2 2405 25p050
9623 25.050 25.050 59624 3 2405 25p050
9624 25.060 25.060 59625 0 2406 25p060
9625 25.060 25.060 59626 1 2406 25p060
9626 25.060 25.060 59627 2 2406 25p060
9627 25.060 25.060 59628 3 2406 25p060
9628 25.070 25.070 59629 0 2407 25p070
9629 25.070 25.070 59630 1 2407 25p070
9630 25.070 25.070 59631 2 2407 25p070
9631 25.070 25.070 59632 3 2407 25p070
9632 25.080 25.080 59633 0 2408 25p080
9633 25.080 25.080 59634 1 2408 25p080
9634 25.080 25.080 59635 2 2408 25p080
9635 25.080 25.080 59636 3 2408 25p080
9636 25.090 25.090 59637 0 2409 25p090
9637 25.090 25.090 59638 1 2409 25p090
9638 25.090 25.090 59639 2 2409 25p090
9639 25.090 25.090 59640 3 2409 25p090
9640 25.100 25.100 59641 0 2410 25p100
9641 25.100 25.100 59642 1 2410 25p100
9642 25.100 25.100 59643 2 2410 25p100
9643 25.100 25.100 59644 3 2410 25p100
9644 25.110 25.110 59645 0 2411 25p110
9645 25.110 25.110 59646 1 2411 25p110
9646 25.110 25.110 59647 2 2411 25p110
9647 25.110 25.110 59648 3 2411 25p110
9648 25.120 25.120 59649 0 2412 25p120
9649 25.120 25.120 59650 1 2412 25p120
9650 25.120 25.120 59651 2 2412 25p120
9651 25.120 25.120 59652 3 2412 25p120
9652 25.130 25.130 59653 0 2413 25p130
9653 25.130 25.130 59654 1 2413 25p130
9654 25.130 25.130 59655 2 2413 25p130
9655 25.130 25.130 59656 3 2413 25p130
9656 25.140 25.140 59657 0 2414 25p140
9657 25.140 25.140 59658 1 2414 25p140
9658 25.140 25.140 59659 2 2414 25p140
9659 25.140 25.140 59660 3 2414 25p140
9660 25.150 25.150 59661 0 2415 25p150
9661 25.150 25.150 59662 1 2415 25p150
9662 25.150 25.150 59663 2 2415 25p150
9663 25.150 25.150 59664 3 2415 25p150
9664 25.160 25.160 59665 0 2416 25p160
9665 25.160 25.160 59666 1 2416 25p160
9666 25.160 25.160 59667 2 2416 25p160
9667 25.160 25.160 59668 3 2416 25p160
9668 25.170 25.170 59669 0 2417 25p170
9669 25.170 25.170 59670 1 2417 25p170
9670 25.170 25.170 59671 2 2417 25p170
9671 25.170 25.170 59672 3 2417 25p170
9672 25.180 25.180 59673 0 2418 25p180
9673 25.180 25.180 59674 1 2418 25p180
9674 25.180 25.180 59675 2 2418 25p180
9675 25.180 25.180 59676 3 2418 25p180
9676 25.190 25.190 59677 0 2419 25p190
9677 25.190 25.190 59678 1 2419 25p190
9678 25.190 25.190 59679 2 2419 25p190
9679 25.190 25.190 59680 3 2419 25p190
9680 25.200 25.200 59681 0 2420 25p200
9681 25.200 25.200 59682 1 2420 25p200
9682 25.200 25.200 59683 2 2420 25p200
9683 25.200 25.200 59684 3 2420 25p200
9684 25.210 25.210 59685 0 2421 25p210
9685 25.210 25.210 59686 1 2421 25p210
9686 25.210 25.210 59687 2 2421 25p210
9687 25.210 25.210 59688 3 2421 25p210
9688 25.220 25.220 59689 0 2422 25p220
9689 25.220 25.220 59690 1 2422 25p220
9690 25.220 25.220 59691 2 2422 25p220
9691 25.220 25.220 59692 3 2422 25p220
9692 25.230 25.230 59693 0 2423 25p230
9693 25.230 25.230 59694 1 2423 25p230
9694 25.230 25.230 59695 2 2423 25p230
9695 25.230 25.230 59696 3 2423 25p230
9696 25.240 25.240 59697 0 2424 25p240
9697 25.240 25.240 59698 1 2424 25p240
9698 25.240 25.240 59699 2 2424 25p240
9699 25.240 25.240 59700 3 2424 25p240
9700 25.250 25.250 59701 0 2425 25p250
9701 25.250 25.250 59702 1 2425 25p250
9702 25.250 25.250 59703 2 2425 25p250
9703 25.250 25.250 59704 3 2425 25p250
9704 25.260 25.260 59705 0 2426 25p260
9705 25.260 25.260 59706 1 2426 25p260
9706 25.260 25.260 59707 2 2426 25p260
9707 25.260 25.260 59708 3 2426 25p260
9708 25.270 25.270 59709 0 2427 25p270
9709 25.270 25.270 59710 1 2427 25p270
9710 25.270 25.270 59711 2 2427 25p270
9711 25.270 25.270 59712 3 2427 25p270
9712 25.280 25.280 59713 0 2428 25p280
9713 25.280 25.280 59714 1 2428 25p280
9714 25.280 25.280 59715 2 2428 25p280
9715 25.280 25.280 59716 3 2428 25p280
9716 25.290 25.290 59717 0 2429 25p290
9717 25.290 25.290 59718 1 2429 25p290
9718 25.290 25.290 59719 2 2429 25p290
9719 25.290 25.290 59720 3 2429 25p290
9720 25.300 25.300 59721 0 2430 25p300
9721 25.300 25.300 59722 1 2430 25p300
9722 25.300 25.300 59723 2 2430 25p300
9723 25.300 25.300 59724 3 2430 25p300
9724 25.310 25.310 59725 0 2431 25p310
9725 25.310 25.310 59726 1 2431 25p310
9726 25.310 25.310 59727 2 2431 25p310
9727 25.310 25.310 59728 3 2431 25p310
9728 25.320 25.320 59729 0 2432 25p320
9729 25.320 25.320 59730 1 2432 25p320
9730 25.320 25.320 59731 2 2432 25p320
9731 25.320 25.320 59732 3 2432 25p320
9732 25.330 25.330 59733 0 2433 25p330
9733 25.330 25.330 59734 1 2433 25p330
9734 25.330 25.330 59735 2 2433 25p330
9735 25.330 25.330 59736 3 2433 25p330
9736 25.340 25.340 59737 0 2434 25p340
9737 25.340 25.340 59738 1 2434 25p340
9738 25.340 25.340 59739 2 2434 25p340
9739 25.340 25.340 59740 3 2434 25p340
9740 25.350 25.350 59741 0 2435 25p350
9741 25.350 25.350 59742 1 2435 25p350
9742 25.350 25.350 59743 2 2435 25p350
9743 25.350 25.350 59744 3 2435 25p350
9744 25.360 25.360 59745 0 2436 25p360
9745 25.360 25.360 59746 1 2436 25p360
9746 25.360 25.360 59747 2 2436 25p360
9747 25.360 25.360 59748 3 2436 25p360
9748 25.370 25.370 59749 0 2437 25p370
9749 25.370 25.370 59750 1 2437 25p370
9750 25.370 25.370 59751 2 2437 25p370
9751 25.370 25.370 59752 3 2437 25p370
9752 25.380 25.380 59753 0 2438 25p380
9753 25.380 25.380 59754 1 2438 25p380
9754 25.380 25.380 59755 2 2438 25p380
9755 25.380 25.380 59756 3 2438 25p380
9756 25.390 25.390 59757 0 2439 25p390
9757 25.390 25.390 59758 1 2439 25p390
9758 25.390 25.390 59759 2 2439 25p390
9759 25.390 25.390 59760 3 2439 25p390
9760 25.400 25.400 59761 0 2440 25p400
9761 25.400 25.400 59762 1 2440 25p400
9762 25.400 25.400 59763 2 2440 25p400
9763 25.400 25.400 59764 3 2440 25p400
9764 25.410 25.410 59765 0 2441 25p410
9765 25.410 25.410 59766 1 2441 25p410
9766 25.410 25.410 59767 2 2441 25p410
9767 25.410 25.410 59768 3 2441 25p410
9768 25.420 25.420 59769 0 2442 25p420
9769 25.420 25.420 59770 1 2442 25p420
9770 25.420 25.420 59771 2 2442 25p420
9771 25.420 25.420 59772 3 2442 25p420
9772 25.430 25.430 59773 0 2443 25p430
9773 25.430 25.430 59774 1 2443 25p430
9774 25.430 25.430 59775 2 2443 25p430
9775 25.430 25.430 59776 3 2443 25p430
9776 25.440 25.440 59777 0 2444 25p440
9777 25.440 25.440 59778 1 2444 25p440
9778 25.440 25.440 59779 2 2444 25p440
9779 25.440 25.440 59780 3 2444 25p440
9780 25.450 25.450 59781 0 2445 25p450
9781 25.450 25.450 59782 1 2445 25p450
9782 25.450 25.450 59783 2 2445 25p450
9783 25.450 25.450 59784 3 2445 25p450
9784 25.460 25.460 59785 0 2446 25p460
9785 25.460 25.460 59786 1 2446 25p460
9786 25.460 25.460 59787 2 2446 25p460
9787 25.460 25.460 59788 3 2446 25p460
9788 25.470 25.470 59789 0 2447 25p470
9789 25.470 25.470 59790 1 2447 25p470
9790 25.470 25.470 59791 2 2447 25p470
9791 25.470 25.470 59792 3 2447 25p470
9792 25.480 25.480 59793 0 2448 25p480
9793 25.480 25.480 59794 1 2448 25p480
9794 25.480 25.480 59795 2 2448 25p480
9795 25.480 25.480 59796 3 2448 25p480
9796 25.490 25.490 59797 0 2449 25p490
9797 25.490 25.490 59798 1 2449 25p490
9798 25.490 25.490 59799 2 2449 25p490
9799 25.490 25.490 59800 3 2449 25p490
9800 25.500 25.500 59801 0 2450 25p500
9801 25.500 25.500 59802 1 2450 25p500
9802 25.500 25.500 59803 2 2450 25p500
9803 25.500 25.500 59804 3 2450 25p500
9804 25.510 25.510 59805 0 2451 25p510
9805 25.510 25.510 59806 1 2451 25p510
9806 25.510 25.510 59807 2 2451 25p510
9807 25.510 25.510 59808 3 2451 25p510
9808 25.520 25.520 59809 0 2452 25p520
9809 25.520 25.520 59810 1 2452 25p520
9810 25.520 25.520 59811 2 2452 25p520
9811 25.520 25.520 59812 3 2452 25p520
9812 25.530 25.530 59813 0 2453 25p530
9813 25.530 25.530 59814 1 2453 25p530
9814 25.530 25.530 59815 2 2453 25p530
9815 25.530 25.530 59816 3 2453 25p530
9816 25.540 25.540 59817 0 2454 25p540
9817 25.540 25.540 59818 1 2454 25p540
9818 25.540 25.540 59819 2 2454 25p540
9819 25.540 25.540 59820 3 2454 25p540
9820 25.550 25.550 59821 0 2455 25p550
9821 25.550 25.550 59822 1 2455 25p550
9822 25.550 25.550 59823 2 2455 25p550
9823 25.550 25.550 59824 3 2455 25p550
9824 25.560 25.560 59825 0 2456 25p560
9825 25.560 25.560 59826 1 2456 25p560
9826 25.560 25.560 59827 2 2456 25p560
9827 25.560 25.560 59828 3 2456 25p560
9828 25.570 25.570 59829 0 2457 25p570
9829 25.570 25.570 59830 1 2457 25p570
9830 25.570 25.570 59831 2 2457 25p570
9831 25.570 25.570 59832 3 2457 25p570
9832 25.580 25.580 59833 0 2458 25p580
9833 25.580 25.580 59834 1 2458 25p580
9834 25.580 25.580 59835 2 2458 25p580
9835 25.580 25.580 59836 3 2458 25p580
9836 25.590 25.590 59837 0 2459 25p590
9837 25.590 25.590 59838 1 2459 25p590
9838 25.590 25.590 59839 2 2459 25p590
9839 25.590 25.590 59840 3 2459 25p590
9840 25.600 25.600 59841 0 2460 25p600
9841 25.600 25.600 59842 1 2460 25p600
9842 25.600 25.600 59843 2 2460 25p600
9843 25.600 25.600 59844 3 2460 25p600
9844 25.610 25.610 59845 0 2461 25p610
9845 25.610 25.610 59846 1 2461 25p610
9846 25.610 25.610 59847 2 2461 25p610
9847 25.610 25.610 59848 3 2461 25p610
9848 25.620 25.620 59849 0 2462 25p620
9849 25.620 25.620 59850 1 2462 25p620
9850 25.620 25.620 59851 2 2462 25p620
9851 25.620 25.620 59852 3 2462 25p620
9852 25.630 25.630 59853 0 2463 25p630
9853 25.630 25.630 59854 1 2463 25p630
9854 25.630 25.630 59855 2 2463 25p630
9855 25.630 25.630 59856 3 2463 25p630
9856 25.640 25.640 59857 0 2464 25p640
9857 25.640 25.640 59858 1 2464 25p640
9858 25.640 25.640 59859 2 2464 25p640
9859 25.640 25.640 59860 3 2464 25p640
9860 25.650 25.650 59861 0 2465 25p650
9861 25.650 25.650 59862 1 2465 25p650
9862 25.650 25.650 59863 2 2465 25p650
9863 25.650 25.650 59864 3 2465 25p650
9864 25.660 25.660 59865 0 2466 25p660
9865 25.660 25.660 59866 1 2466 25p660
9866 25.660 25.660 59867 2 2466 25p660
9867 25.660 25.660 59868 3 2466 25p660
9868 25.670 25.670 59869 0 2467 25p670
9869 25.670 25.670 59870 1 2467 25p670
9870 25.670 25.670 59871 2 2467 25p670
9871 25.670 25.670 59872 3 2467 25p670
9872 25.680 25.680 59873 0 2468 25p680
9873 25.680 25.680 59874 1 2468 25p680
9874 25.680 25.680 59875 2 2468 25p680
9875 25.680 25.680 59876 3 2468 25p680
9876 25.690 25.690 59877 0 2469 25p690
9877 25.690 25.690 59878 1 2469 25p690
9878 25.690 25.690 59879 2 2469 25p690
9879 25.690 25.690 59880 3 2469 25p690
9880 25.700 25.700 59881 0 2470 25p700
9881 25.700 25.700 59882 1 2470 25p700
9882 25.700 25.700 59883 2 2470 25p700
9883 25.700 25.700 59884 3 2470 25p700
9884 25.710 25.710 59885 0 2471 25p710
9885 25.710 25.710 59886 1 2471 25p710
9886 25.710 25.710 59887 2 2471 25p710
9887 25.710 25.710 59888 3 2471 25p710
9888 25.720 25.720 59889 0 2472 25p720
9889 25.720 25.720 59890 1 2472 25p720
9890 25.720 25.720 59891 2 2472 25p720
9891 25.720 25.720 59892 3 2472 25p720
9892 25.730 25.730 59893 0 2473 25p730
9893 25.730 25.730 59894 1 2473 25p730
9894 25.730 25.730 59895 2 2473 25p730
9895 25.730 25.730 59896 3 2473 25p730
9896 25.740 25.740 59897 0 2474 25p740
9897 25.740 25.740 59898 1 2474 25p740
9898 25.740 25.740 59899 2 2474 25p740
9899 25.740 25.740 59900 3 2474 25p740
9900 25.750 25.750 59901 0 2475 25p750
9901 25.750 25.750 59902 1 2475 25p750
9902 25.750 25.750 59903 2 2475 25p750
9903 25.750 25.750 59904 3 2475 25p750
9904 25.760 25.760 59905 0 2476 25p760
9905 25.760 25.760 59906 1 2476 25p760
9906 25.760 25.760 59907 2 2476 25p760
9907 25.760 25.760 59908 3 2476 25p760
9908 25.770 25.770 59909 0 2477 25p770
9909 25.770 25.770 59910 1 2477 25p770
9910 25.770 25.770 59911 2 2477 25p770
9911 25.770 25.770 59912 3 2477 25p770
9912 25.780 25.780 59913 0 2478 25p780
9913 25.780 25.780 59914 1 2478 25p780
9914 25.780 25.780 59915 2 2478 25p780
9915 25.780 25.780 59916 3 2478 25p780
9916 25.790 25.790 59917 0 2479 25p790
9917 25.790 25.790 59918 1 2479 25p790
9918 25.790 25.790 59919 2 2479 25p790
9919 25.790 25.790 59920 3 2479 25p790
9920 25.800 25.800 59921 0 2480 25p800
9921 25.800 25.800 59922 1 2480 25p800
9922 25.800 25.800 59923 2 2480 25p800
9923 25.800 25.800 59924 3 2480 25p800
9924 25.810 25.810 59925 0 2481 25p810
9925 25.810 25.810 59926 1 2481 25p810
9926 25.810 25.810 59927 2 2481 25p810
9927 25.810 25.810 59928 3 2481 25p810
9928 25.820 25.820 59929 0 2482 25p820
9929 25.820 25.820 59930 1 2482 25p820
9930 25.820 25.820 59931 2 2482 25p820
9931 25.820 25.820 59932 3 2482 25p820
9932 25.830 25.830 59933 0 2483 25p830
9933 25.830 25.830 59934 1 2483 25p830
9934 25.830 25.830 59935 2 2483 25p830
9935 25.830 25.830 59936 3 2483 25p830
9936 25.840 25.840 59937 0 2484 25p840
9937 25.840 25.840 59938 1 2484 25p840
9938 25.840 25.840 59939 2 2484 25p840
9939 25.840 25.840 59940 3 2484 25p840
9940 25.850 25.850 59941 0 2485 25p850
9941 25.850 25.850 59942 1 2485 25p850
9942 25.850 25.850 59943 2 2485 25p850
9943 25.850 25.850 59944 3 2485 25p850
9944 25.860 25.860 59945 0 2486 25p860
9945 25.860 25.860 59946 1 2486 25p860
9946 25.860 25.860 59947 2 2486 25p860
9947 25.860 25.860 59948 3 2486 25p860
9948 25.870 25.870 59949 0 2487 25p870
9949 25.870 25.870 59950 1 2487 25p870
9950 25.870 25.870 59951 2 2487 25p870
9951 25.870 25.870 59952 3 2487 25p870
9952 25.880 25.880 59953 0 2488 25p880
9953 25.880 25.880 59954 1 2488 25p880
9954 25.880 25.880 59955 2 2488 25p880
9955 25.880 25.880 59956 3 2488 25p880
9956 25.890 25.890 59957 0 2489 25p890
9957 25.890 25.890 59958 1 2489 25p890
9958 25.890 25.890 59959 2 2489 25p890
9959 25.890 25.890 59960 3 2489 25p890
9960 25.900 25.900 59961 0 2490 25p900
9961 25.900 25.900 59962 1 2490 25p900
9962 25.900 25.900 59963 2 2490 25p900
9963 25.900 25.900 59964 3 2490 25p900
9964 25.910 25.910 59965 0 2491 25p910
9965 25.910 25.910 59966 1 2491 25p910
9966 25.910 25.910 59967 2 2491 25p910
9967 25.910 25.910 59968 3 2491 25p910
9968 25.920 25.920 59969 0 2492 25p920
9969 25.920 25.920 59970 1 2492 25p920
9970 25.920 25.920 59971 2 2492 25p920
9971 25.920 25.920 59972 3 2492 25p920
9972 25.930 25.930 59973 0 2493 25p930
9973 25.930 25.930 59974 1 2493 25p930
9974 25.930 25.930 59975 2 2493 25p930
9975 25.930 25.930 59976 3 2493 25p930
9976 25.940 25.940 59977 0 2494 25p940
9977 25.940 25.940 59978 1 2494 25p940
9978 25.940 25.940 59979 2 2494 25p940
9979 25.940 25.940 59980 3 2494 25p940
9980 25.950 25.950 59981 0 2495 25p950
9981 25.950 25.950 59982 1 2495 25p950
9982 25.950 25.950 59983 2 2495 25p950
9983 25.950 25.950 59984 3 2495 25p950
9984 25.960 25.960 59985 0 2496 25p960
9985 25.960 25.960 59986 1 2496 25p960
9986 25.960 25.960 59987 2 2496 25p960
9987 25.960 25.960 59988 3 2496 25p960
9988 25.970 25.970 59989 0 2497 25p970
9989 25.970 25.970 59990 1 2497 25p970
9990 25.970 25.970 59991 2 2497 25p970
9991 25.970 25.970 59992 3 2497 25p970
9992 25.980 25.980 59993 0 2498 25p980
9993 25.980 25.980 59994 1 2498 25p980
9994 25.980 25.980 59995 2 2498 25p980
9995 25.980 25.980 59996 3 2498 25p980
9996 25.990 25.990 59997 0 2499 25p990
9997 25.990 25.990 59998 1 2499 25p990
9998 25.990 25.990 59999 2 2499 25p990
9999 25.990 25.990 60000 3 2499 25p990
10000 26.000 26.000 60001 0 2500 26p000
10001 26.000 26.000 60002 1 2500 26p000
10002 26.000 26.000 60003 2 2500 26p000
10003 26.000 26.000 60004 3 2500 26p000
10004 26.010 26.010 60005 0 2501 26p010
10005 26.010 26.010 60006 1 2501 26p010
10006 26.010 26.010 60007 2 2501 26p010
10007 26.010 26.010 60008 3 2501 26p010
10008 26.020 26.020 60009 0 2502 26p020
10009 26.020 26.020 60010 1 2502 26p020
10010 26.020 26.020 60011 2 2502 26p020
10011 26.020 26.020 60012 3 2502 26p020
10012 26.030 26.030 60013 0 2503 26p030
10013 26.030 26.030 60014 1 2503 26p030
10014 26.030 26.030 60015 2 2503 26p030
10015 26.030 26.030 60016 3 2503 26p030
10016 26.040 26.040 60017 0 2504 26p040
10017 26.040 26.040 60018 1 2504 26p040
10018 26.040 26.040 60019 2 2504 26p040
10019 26.040 26.040 60020 3 2504 26p040
10020 26.050 26.050 60021 0 2505 26p050
10021 26.050 26.050 60022 1 2505 26p050
10022 26.050 26.050 60023 2 2505 26p050
10023 26.050 26.050 60024 3 2505 26p050
10024 26.060 26.060 60025 0 2506 26p060
10025 26.060 26.060 60026 1 2506 26p060
10026 26.060 26.060 60027 2 2506 26p060
10027 26.060 26.060 60028 3 2506 26p060
10028 26.070 26.070 60029 0 2507 26p070
10029 26.070 26.070 60030 1 2507 26p070
10030 26.070 26.070 60031 2 2507 26p070
10031 26.070 26.070 60032 3 2507 26p070
10032 26.080 26.080 60033 0 2508 26p080
10033 26.080 26.080 60034 1 2508 26p080
10034 26.080 26.080 60035 2 2508 26p080
10035 26.080 26.080 60036 3 2508 26p080
10036 26.090 26.090 60037 0 2509 26p090
10037 26.090 26.090 60038 1 2509 26p090
10038 26.090 26.090 60039 2 2509 26p090
10039 26.090 26.090 60040 3 2509 26p090
10040 26.100 26.100 60041 0 2510 26p100
10041 26.100 26.100 60042 1 2510 26p100
10042 26.100 26.100 60043 2 2510 26p100
10043 26.100 26.100 60044 3 2510 26p100
10044 26.110 26.110 60045 0 2511 26p110
10045 26.110 26.110 60046 1 2511 26p110
10046 26.110 26.110 60047 2 2511 26p110
10047 26.110 26.110 60048 3 2511 26p110
10048 26.120 26.120 60049 0 2512 26p120
10049 26.120 26.120 60050 1 2512 26p120
10050 26.120 26.120 60051 2 2512 26p120
10051 26.120 26.120 60052 3 2512 26p120
10052 26.130 26.130 60053 0 2513 26p130
10053 26.130 26.130 60054 1 2513 26p130
10054 26.130 26.130 60055 2 2513 26p130
10055 26.130 26.130 60056 3 2513 26p130
10056 26.140 26.140 60057 0 2514 26p140
10057 26.140 26.140 60058 1 2514 26p140
10058 26.140 26.140 60059 2 2514 26p140
10059 26.140 26.140 60060 3 2514 26p140
10060 26.150 26.150 60061 0 2515 26p150
10061 26.150 26.150 60062 1 2515 26p150
10062 26.150 26.150 60063 2 2515 26p150
10063 26.150 26.150 60064 3 2515 26p150
10064 26.160 26.160 60065 0 2516 26p160
10065 26.160 26.160 60066 1 2516 26p160
10066 26.160 26.160 60067 2 2516 26p160
10067 26.160 26.160 60068 3 2516 26p160
10068 26.170 26.170 60069 0 2517 26p170
10069 26.170 26.170 60070 1 2517 26p170
10070 26.170 26.170 60071 2 2517 26p170
10071 26.170 26.170 60072 3 2517 26p170
10072 26.180 26.180 60073 0 2518 26p180
10073 26.180 26.180 60074 1 2518 26p180
10074 26.180 26.180 60075 2 2518 26p180
10075 26.180 26.180 60076 3 2518 26p180
10076 26.190 26.190 60077 0 2519 26p190
10077 26.190 26.190 60078 1 2519 26p190
10078 26.190 26.190 60079 2 2519 26p190
10079 26.190 26.190 60080 3 2519 26p190
10080 26.200 26.200 60081 0 2520 26p200
10081 26.200 26.200 60082 1 2520 26p200
10082 26.200 26.200 60083 2 2520 26p200
10083 26.200 26.200 60084 3 2520 26p200
10084 26.210 26.210 60085 0 2521 26p210
10085 26.210 26.210 60086 1 2521 26p210
10086 26.210 26.210 60087 2 2521 26p210
10087 26.210 26.210 60088 3 2521 26p210
10088 26.220 26.220 60089 0 2522 26p220
10089 26.220 26.220 60090 1 2522 26p220
10090 26.220 26.220 60091 2 2522 26p220
10091 26.220 26.220 60092 3 2522 26p220
10092 26.230 26.230 60093 0 2523 26p230
10093 26.230 26.230 60094 1 2523 26p230
10094 26.230 26.230 60095 2 2523 26p230
10095 26.230 26.230 60096 3 2523 26p230
10096 26.240 26.240 60097 0 2524 26p240
10097 26.240 26.240 60098 1 2524 26p240
10098 26.240 26.240 60099 2 2524 26p240
10099 26.240 26.240 60100 3 2524 26p240
10100 26.250 26.250 60101 0 2525 26p250
10101 26.250 26.250 60102 1 2525 26p250
10102 26.250 26.250 60103 2 2525 26p250
10103 26.250 26.250 60104 3 2525 26p250
10104 26.260 26.260 60105 0 2526 26p260
10105 26.260 26.260 60106 1 2526 26p260
10106 26.260 26.260 60107 2 2526 26p260
10107 26.260 26.260 60108 3 2526 26p260
10108 26.270 26.270 60109 0 2527 26p270
10109 26.270 26.270 60110 1 2527 26p270
10110 26.270 26.270 60111 2 2527 26p270
10111 26.270 26.270 60112 3 2527 26p270
10112 26.280 26.280 60113 0 2528 26p280
10113 26.280 26.280 60114 1 2528 26p280
10114 26.280 26.280 60115 2 2528 26p280
10115 26.280 26.280 60116 3 2528 26p280
10116 26.290 26.290 60117 0 2529 26p290
10117 26.290 26.290 60118 1 2529 26p290
10118 26.290 26.290 60119 2 2529 26p290
10119 26.290 26.290 60120 3 2529 26p290
10120 26.300 26.300 60121 0 2530 26p300
10121 26.300 26.300 60122 1 2530 26p300
10122 26.300 26.300 60123 2 2530 26p300
10123 26.300 26.300 60124 3 2530 26p300
10124 26.310 26.310 60125 0 2531 26p310
10125 26.310 26.310 60126 1 2531 26p310
10126 26.310 26.310 60127 2 2531 26p310
10127 26.310 26.310 60128 3 2531 26p310
10128 26.320 26.320 60129 0 2532 26p320
10129 26.320 26.320 60130 1 2532 26p320
10130 26.320 26.320 60131 2 2532 26p320
10131 26.320 26.320 60132 3 2532 26p320
10132 26.330 26.330 60133 0 2533 26p330
10133 26.330 26.330 60134 1 2533 26p330
10134 26.330 26.330 60135 2 2533 26p330
10135 26.330 26.330 60136 3 2533 26p330
10136 26.340 26.340 60137 0 2534 26p340
10137 26.340 26.340 60138 1 2534 26p340
10138 26.340 26.340 60139 2 2534 26p340
10139 26.340 26.340 60140 3 2534 26p340
10140 26.350 26.350 60141 0 2535 26p350
10141 26.350 26.350 60142 1 2535 26p350
10142 26.350 26.350 60143 2 2535 26p350
10143 26.350 26.350 60144 3 2535 26p350
10144 26.360 26.360 60145 0 2536 26p360
10145 26.360 26.360 60146 1 2536 26p360
10146 26.360 26.360 60147 2 2536 26p360
10147 26.360 26.360 60148 3 2536 26p360
10148 26.370 26.370 60149 0 2537 26p370
10149 26.370 26.370 60150 1 2537 26p370
10150 26.370 26.370 60151 2 2537 26p370
10151 26.370 26.370 60152 3 2537 26p370
10152 26.380 26.380 60153 0 2538 26p380
10153 26.380 26.380 60154 1 2538 26p380
10154 26.380 26.380 60155 2 2538 26p380
10155 26.380 26.380 60156 3 2538 26p380
10156 26.390 26.390 60157 0 2539 26p390
10157 26.390 26.390 60158 1 2539 26p390
10158 26.390 26.390 60159 2 2539 26p390
10159 26.390 26.390 60160 3 2539 26p390
10160 26.400 26.400 60161 0 2540 26p400
10161 26.400 26.400 60162 1 2540 26p400
10162 26.400 26.400 60163 2 2540 26p400
10163 26.400 26.400 60164 3 2540 26p400
10164 26.410 26.410 60165 0 2541 26p410
10165 26.410 26.410 60166 1 2541 26p410
10166 26.410 26.410 60167 2 2541 26p410
10167 26.410 26.410 60168 3 2541 26p410
10168 26.420 26.420 60169 0 2542 26p420
10169 26.420 26.420 60170 1 2542 26p420
10170 26.420 26.420 60171 2 2542 26p420
10171 26.420 26.420 60172 3 2542 26p420
10172 26.430 26.430 60173 0 2543 26p430
10173 26.430 26.430 60174 1 2543 26p430
10174 26.430 26.430 60175 2 2543 26p430
10175 26.430 26.430 60176 3 2543 26p430
10176 26.440 26.440 60177 0 2544 26p440
10177 26.440 26.440 60178 1 2544 26p440
10178 26.440 26.440 60179 2 2544 26p440
10179 26.440 26.440 60180 3 2544 26p440
10180 26.450 26.450 60181 0 2545 26p450
10181 26.450 26.450 60182 1 2545 26p450
10182 26.450 26.450 60183 2 2545 26p450
10183 26.450 26.450 60184 3 2545 26p450
10184 26.460 26.460 60185 0 2546 26p460
10185 26.460 26.460 60186 1 2546 26p460
10186 26.460 26.460 60187 2 2546 26p460
10187 26.460 26.460 60188 3 2546 26p460
10188 26.470 26.470 60189 0 2547 26p470
10189 26.470 26.470 60190 1 2547 26p470
10190 26.470 26.470 60191 2 2547 26p470
10191 26.470 26.470 60192 3 2547 26p470
10192 26.480 26.480 60193 0 2548 26p480
10193 26.480 26.480 60194 1 2548 26p480
10194 26.480 26.480 60195 2 2548 26p480
10195 26.480 26.480 60196 3 2548 26p480
10196 26.490 26.490 60197 0 2549 26p490
10197 26.490 26.490 60198 1 2549 26p490
10198 26.490 26.490 60199 2 2549 26p490
10199 26.490 26.490 60200 3 2549 26p490
10200 26.500 26.500 60201 0 2550 26p500
10201 26.500 26.500 60202 1 2550 26p500
10202 26.500 26.500 60203 2 2550 26p500
10203 26.500 26.500 60204 3 2550 26p500
10204 26.510 26.510 60205 0 2551 26p510
10205 26.510 26.510 60206 1 2551 26p510
10206 26.510 26.510 60207 2 2551 26p510
10207 26.510 26.510 60208 3 2551 26p510
10208 26.520 26.520 60209 0 2552 26p520
10209 26.520 26.520 60210 1 2552 26p520
10210 26.520 26.520 60211 2 2552 26p520
10211 26.520 26.520 60212 3 2552 26p520
10212 26.530 26.530 60213 0 2553 26p530
10213 26.530 26.530 60214 1 2553 26p530
10214 26.530 26.530 60215 2 2553 26p530
10215 26.530 26.530 60216 3 2553 26p530
10216 26.540 26.540 60217 0 2554 26p540
10217 26.540 26.540 60218 1 2554 26p540
10218 26.540 26.540 60219 2 2554 26p540
10219 26.540 26.540 60220 3 2554 26p540
10220 26.550 26.550 60221 0 2555 26p550
10221 26.550 26.550 60222 1 2555 26p550
10222 26.550 26.550 60223 2 2555 26p550
10223 26.550 26.550 60224 3 2555 26p550
10224 26.560 26.560 60225 0 2556 26p560
10225 26.560 26.560 60226 1 2556 26p560
10226 26.560 26.560 60227 2 2556 26p560
10227 26.560 26.560 60228 3 2556 26p560
10228 26.570 26.570 60229 0 2557 26p570
10229 26.570 26.570 60230 1 2557 26p570
10230 26.570 26.570 60231 2 2557 26p570
10231 26.570 26.570 60232 3 2557 26p570
10232 26.580 26.580 60233 0 2558 26p580
10233 26.580 26.580 60234 1 2558 26p580
10234 26.580 26.580 60235 2 2558 26p580
10235 26.580 26.580 60236 3 2558 26p580
10236 26.590 26.590 60237 0 2559 26p590
10237 26.590 26.590 60238 1 2559 26p590
10238 26.590 26.590 60239 2 2559 26p590
10239 26.590 26.590 60240 3 2559 26p590
10240 26.600 26.600 60241 0 2560 26p600
10241 26.600 26.600 60242 1 2560 26p600
10242 26.600 26.600 60243 2 2560 26p600
10243 26.600 26.600 60244 3 2560 26p600
10244 26.610 26.610 60245 0 2561 26p610
10245 26.610 26.610 60246 1 2561 26p610
10246 26.610 26.610 60247 2 2561 26p610
10247 26.610 26.610 60248 3 2561 26p610
10248 26.620 26.620 60249 0 2562 26p620
10249 26.620 26.620 60250 1 2562 26p620
10250 26.620 26.620 60251 2 2562 26p620
10251 26.620 26.620 60252 3 2562 26p620
10252 26.630 26.630 60253 0 2563 26p630
10253 26.630 26.630 60254 1 2563 26p630
10254 26.630 26.630 60255 2 2563 26p630
10255 26.630 26.630 60256 3 2563 26p630
10256 26.640 26.640 60257 0 2564 26p640
10257 26.640 26.640 60258 1 2564 26p640
10258 26.640 26.640 60259 2 2564 26p640
10259 26.640 26.640 60260 3 2564 26p640
10260 26.650 26.650 60261 0 2565 26p650
10261 26.650 26.650 60262 1 2565 26p650
10262 26.650 26.650 60263 2 2565 26p650
10263 26.650 26.650 60264 3 2565 26p650
10264 26.660 26.660 60265 0 2566 26p660
10265 26.660 26.660 60266 1 2566 26p660
10266 26.660 26.660 60267 2 2566 26p660
10267 26.660 26.660 60268 3 2566 26p660
10268 26.670 26.670 60269 0 2567 26p670
10269 26.670 26.670 60270 1 2567 26p670
10270 26.670 26.670 60271 2 2567 26p670
10271 26.670 26.670 60272 3 2567 26p670
10272 26.680 26.680 60273 0 2568 26p680
10273 26.680 26.680 60274 1 2568 26p680
10274 26.680 26.680 60275 2 2568 26p680
10275 26.680 26.680 60276 3 2568 26p680
10276 26.690 26.690 60277 0 2569 26p690
10277 26.690 26.690 60278 1 2569 26p690
10278 26.690 26.690 60279 2 2569 26p690
10279 26.690 26.690 60280 3 2569 26p690
10280 26.700 26.700 60281 0 2570 26p700
10281 26.700 26.700 60282 1 2570 26p700
10282 26.700 26.700 60283 2 2570 26p700
10283 26.700 26.700 60284 3 2570 26p700
10284 26.710 26.710 60285 0 2571 26p710
10285 26.710 26.710 60286 1 2571 26p710
10286 26.710 26.710 60287 2 2571 26p710
10287 26.710 26.710 60288 3 2571 26p710
10288 26.720 26.720 60289 0 2572 26p720
10289 26.720 26.720 60290 1 2572 26p720
10290 26.720 26.720 60291 2 2572 26p720
10291 26.720 26.720 60292 3 2572 26p720
10292 26.730 26.730 60293 0 2573 26p730
10293 26.730 26.730 60294 1 2573 26p730
10294 26.730 26.730 60295 2 2573 26p730
10295 26.730 26.730 60296 3 2573 26p730
10296 26.740 26.740 60297 0 2574 26p740
10297 26.740 26.740 60298 1 2574 26p740
10298 26.740 26.740 60299 2 2574 26p740
10299 26.740 26.740 60300 3 2574 26p740
10300 26.750 26.750 60301 0 2575 26p750
10301 26.750 26.750 60302 1 2575 26p750
10302 26.750 26.750 60303 2 2575 26p750
10303 26.750 26.750 60304 3 2575 26p750
10304 26.760 26.760 60305 0 2576 26p760
10305 26.760 26.760 60306 1 2576 26p760
10306 26.760 26.760 60307 2 2576 26p760
10307 26.760 26.760 60308 3 2576 26p760
10308 26.770 26.770 60309 0 2577 26p770
10309 26.770 26.770 60310 1 2577 26p770
10310 26.770 26.770 60311 2 2577 26p770
10311 26.770 26.770 60312 3 2577 26p770
10312 26.780 26.780 60313 0 2578 26p780
10313 26.780 26.780 60314 1 2578 26p780
10314 26.780 26.780 60315 2 2578 26p780
10315 26.780 26.780 60316 3 2578 26p780
10316 26.790 26.790 60317 0 2579 26p790
10317 26.790 26.790 60318 1 2579 26p790
10318 26.790 26.790 60319 2 2579 26p790
10319 26.790 26.790 60320 3 2579 26p790
10320 26.800 26.800 60321 0 2580 26p800
10321 26.800 26.800 60322 1 2580 26p800
10322 26.800 26.800 60323 2 2580 26p800
10323 26.800 26.800 60324 3 2580 26p800
10324 26.810 26.810 60325 0 2581 26p810
10325 26.810 26.810 60326 1 2581 26p810
10326 26.810 26.810 60327 2 2581 26p810
10327 26.810 26.810 60328 3 2581 26p810
10328 26.820 26.820 60329 0 2582 26p820
10329 26.820 26.820 60330 1 2582 26p820
10330 26.820 26.820 60331 2 2582 26p820
10331 26.820 26.820 60332 3 2582 26p820
10332 26.830 26.830 60333 0 2583 26p830
10333 26.830 26.830 60334 1 2583 26p830
10334 26.830 26.830 60335 2 2583 26p830
10335 26.830 26.830 60336 3 2583 26p830
10336 26.840 26.840 60337 0 2584 26p840
10337 26.840 26.840 60338 1 2584 26p840
10338 26.840 26.840 60339 2 2584 26p840
10339 26.840 26.840 60340 3 2584 26p840
10340 26.850 26.850 60341 0 2585 26p850
10341 26.850 26.850 60342 1 2585 26p850
10342 26.850 26.850 60343 2 2585 26p850
10343 26.850 26.850 60344 3 2585 26p850
10344 26.860 26.860 60345 0 2586 26p860
10345 26.860 26.860 60346 1 2586 26p860
10346 26.860 26.860 60347 2 2586 26p860
10347 26.860 26.860 60348 3 2586 26p860
10348 26.870 26.870 60349 0 2587 26p870
10349 26.870 26.870 60350 1 2587 26p870
10350 26.870 26.870 60351 2 2587 26p870
10351 26.870 26.870 60352 3 2587 26p870
10352 26.880 26.880 60353 0 2588 26p880
10353 26.880 26.880 60354 1 2588 26p880
10354 26.880 26.880 60355 2 2588 26p880
10355 26.880 26.880 60356 3 2588 26p880
10356 26.890 26.890 60357 0 2589 26p890
10357 26.890 26.890 60358 1 2589 26p890
10358 26.890 26.890 60359 2 2589 26p890
10359 26.890 26.890 60360 3 2589 26p890
10360 26.900 26.900 60361 0 2590 26p900
10361 26.900 26.900 60362 1 2590 26p900
10362 26.900 26.900 60363 2 2590 26p900
10363 26.900 26.900 60364 3 2590 26p900
10364 26.910 26.910 60365 0 2591 26p910
10365 26.910 26.910 60366 1 2591 26p910
10366 26.910 26.910 60367 2 2591 26p910
10367 26.910 26.910 60368 3 2591 26p910
10368 26.920 26.920 60369 0 2592 26p920
10369 26.920 26.920 60370 1 2592 26p920
10370 26.920 26.920 60371 2 2592 26p920
10371 26.920 26.920 60372 3 2592 26p920
10372 26.930 26.930 60373 0 2593 26p930
10373 26.930 26.930 60374 1 2593 26p930
10374 26.930 26.930 60375 2 2593 26p930
10375 26.930 26.930 60376 3 2593 26p930
10376 26.940 26.940 60377 0 2594 26p940
10377 26.940 26.940 60378 1 2594 26p940
10378 26.940 26.940 60379 2 2594 26p940
10379 26.940 26.940 60380 3 2594 26p940
10380 26.950 26.950 60381 0 2595 26p950
10381 26.950 26.950 60382 1 2595 26p950
10382 26.950 26.950 60383 2 2595 26p950
10383 26.950 26.950 60384 3 2595 26p950
10384 26.960 26.960 60385 0 2596 26p960
10385 26.960 26.960 60386 1 2596 26p960
10386 26.960 26.960 60387 2 2596 26p960
10387 26.960 26.960 60388 3 2596 26p960
10388 26.970 26.970 60389 0 2597 26p970
10389 26.970 26.970 60390 1 2597 26p970
10390 26.970 26.970 60391 2 2597 26p970
10391 26.970 26.970 60392 3 2597 26p970
10392 26.980 26.980 60393 0 2598 26p980
10393 26.980 26.980 60394 1 2598 26p980
10394 26.980 26.980 60395 2 2598 26p980
10395 26.980 26.980 60396 3 2598 26p980
10396 26.990 26.990 60397 0 2599 26p990
10397 26.990 26.990 60398 1 2599 26p990
10398 26.990 26.990 60399 2 2599 26p990
10399 26.990 26.990 60400 3 2599 26p990
10400 27.000 27.000 60401 0 2600 27p000
10401 27.000 27.000 60402 1 2600 27p000
10402 27.000 27.000 60403 2 2600 27p000
10403 27.000 27.000 60404 3 2600 27p000
10404 27.010 27.010 60405 0 2601 27p010
10405 27.010 27.010 60406 1 2601 27p010
10406 27.010 27.010 60407 2 2601 27p010
10407 27.010 27.010 60408 3 2601 27p010
10408 27.020 27.020 60409 0 2602 27p020
10409 27.020 27.020 60410 1 2602 27p020
10410 27.020 27.020 60411 2 2602 27p020
10411 27.020 27.020 60412 3 2602 27p020
10412 27.030 27.030 60413 0 2603 27p030
10413 27.030 27.030 60414 1 2603 27p030
10414 27.030 27.030 60415 2 2603 27p030
10415 27.030 27.030 60416 3 2603 27p030
10416 27.040 27.040 60417 0 2604 27p040
10417 27.040 27.040 60418 1 2604 27p040
10418 27.040 27.040 60419 2 2604 27p040
10419 27.040 27.040 60420 3 2604 27p040
10420 27.050 27.050 60421 0 2605 27p050
10421 27.050 27.050 60422 1 2605 27p050
10422 27.050 27.050 60423 2 2605 27p050
10423 27.050 27.050 60424 3 2605 27p050
10424 27.060 27.060 60425 0 2606 27p060
10425 27.060 27.060 60426 1 2606 27p060
10426 27.060 27.060 60427 2 2606 27p060
10427 27.060 27.060 60428 3 2606 27p060
10428 27.070 27.070 60429 0 2607 27p070
10429 27.070 27.070 60430 1 2607 27p070
10430 27.070 27.070 60431 2 2607 27p070
10431 27.070 27.070 60432 3 2607 27p070
10432 27.080 27.080 60433 0 2608 27p080
10433 27.080 27.080 60434 1 2608 27p080
10434 27.080 27.080 60435 2 2608 27p080
10435 27.080 27.080 60436 3 2608 27p080
10436 27.090 27.090 60437 0 2609 27p090
10437 27.090 27.090 60438 1 2609 27p090
10438 27.090 27.090 60439 2 2609 27p090
10439 27.090 27.090 60440 3 2609 27p090
10440 27.100 27.100 60441 0 2610 27p100
10441 27.100 27.100 60442 1 2610 27p100
10442 27.100 27.100 60443 2 2610 27p100
10443 27.100 27.100 60444 3 2610 27p100
10444 27.110 27.110 60445 0 2611 27p110
10445 27.110 27.110 60446 1 2611 27p110
10446 27.110 27.110 60447 2 2611 27p110
10447 27.110 27.110 60448 3 2611 27p110
10448 27.120 27.120 60449 0 2612 27p120
10449 27.120 27.120 60450 1 2612 27p120
10450 27.120 27.120 60451 2 2612 27p120
10451 27.120 27.120 60452 3 2612 27p120
10452 27.130 27.130 60453 0 2613 27p130
10453 27.130 27.130 60454 1 2613 27p130
10454 27.130 27.130 60455 2 2613 27p130
10455 27.130 27.130 60456 3 2613 27p130
10456 27.140 27.140 60457 0 2614 27p140
10457 27.140 27.140 60458 1 2614 27p140
10458 27.140 27.140 60459 2 2614 27p140
10459 27.140 27.140 60460 3 2614 27p140
10460 27.150 27.150 60461 0 2615 27p150
10461 27.150 27.150 60462 1 2615 27p150
10462 27.150 27.150 60463 2 2615 27p150
10463 27.150 27.150 60464 3 2615 27p150
10464 27.160 27.160 60465 0 2616 27p160
10465 27.160 27.160 60466 1 2616 27p160
10466 27.160 27.160 60467 2 2616 27p160
10467 27.160 27.160 60468 3 2616 27p160
10468 27.170 27.170 60469 0 2617 27p170
10469 27.170 27.170 60470 1 2617 27p170
10470 27.170 27.170 60471 2 2617 27p170
10471 27.170 27.170 60472 3 2617 27p170
10472 27.180 27.180 60473 0 2618 27p180
10473 27.180 27.180 60474 1 2618 27p180
10474 27.180 27.180 60475 2 2618 27p180
10475 27.180 27.180 60476 3 2618 27p180
10476 27.190 27.190 60477 0 2619 27p190
10477 27.190 27.190 60478 1 2619 27p190
10478 27.190 27.190 60479 2 2619 27p190
10479 27.190 27.190 60480 3 2619 27p190
10480 27.200 27.200 60481 0 2620 27p200
10481 27.200 27.200 60482 1 2620 27p200
10482 27.200 27.200 60483 2 2620 27p200
10483 27.200 27.200 60484 3 2620 27p200
10484 27.210 27.210 60485 0 2621 27p210
10485 27.210 27.210 60486 1 2621 27p210
10486 27.210 27.210 60487 2 2621 27p210
10487 27.210 27.210 60488 3 2621 27p210
10488 27.220 27.220 60489 0 2622 27p220
10489 27.220 27.220 60490 1 2622 27p220
10490 27.220 27.220 60491 2 2622 27p220
10491 27.220 27.220 60492 3 2622 27p220
10492 27.230 27.230 60493 0 2623 27p230
10493 27.230 27.230 60494 1 2623 27p230
10494 27.230 27.230 60495 2 2623 27p230
10495 27.230 27.230 60496 3 2623 27p230
10496 27.240 27.240 60497 0 2624 27p240
10497 27.240 27.240 60498 1 2624 27p240
10498 27.240 27.240 60499 2 2624 27p240
10499 27.240 27.240 60500 3 2624 27p240
10500 27.250 27.250 60501 0 2625 27p250
10501 27.250 27.250 60502 1 2625 27p250
10502 27.250 27.250 60503 2 2625 27p250
10503 27.250 27.250 60504 3 2625 27p250
10504 27.260 27.260 60505 0 2626 27p260
10505 27.260 27.260 60506 1 2626 27p260
10506 27.260 27.260 60507 2 2626 27p260
10507 27.260 27.260 60508 3 2626 27p260
10508 27.270 27.270 60509 0 2627 27p270
10509 27.270 27.270 60510 1 2627 27p270
10510 27.270 27.270 60511 2 2627 27p270
10511 27.270 27.270 60512 3 2627 27p270
10512 27.280 27.280 60513 0 2628 27p280
10513 27.280 27.280 60514 1 2628 27p280
10514 27.280 27.280 60515 2 2628 27p280
10515 27.280 27.280 60516 3 2628 27p280
10516 27.290 27.290 60517 0 2629 27p290
10517 27.290 27.290 60518 1 2629 27p290
10518 27.290 27.290 60519 2 2629 27p290
10519 27.290 27.290 60520 3 2629 27p290
10520 27.300 27.300 60521 0 2630 27p300
10521 27.300 27.300 60522 1 2630 27p300
10522 27.300 27.300 60523 2 2630 27p300
10523 27.300 27.300 60524 3 2630 27p300
10524 27.310 27.310 60525 0 2631 27p310
10525 27.310 27.310 60526 1 2631 27p310
10526 27.310 27.310 60527 2 2631 27p310
10527 27.310 27.310 60528 3 2631 27p310
10528 27.320 27.320 60529 0 2632 27p320
10529 27.320 27.320 60530 1 2632 27p320
10530 27.320 27.320 60531 2 2632 27p320
10531 27.320 27.320 60532 3 2632 27p320
10532 27.330 27.330 60533 0 2633 27p330
10533 27.330 27.330 60534 1 2633 27p330
10534 27.330 27.330 60535 2 2633 27p330
10535 27.330 27.330 60536 3 2633 27p330
10536 27.340 27.340 60537 0 2634 27p340
10537 27.340 27.340 60538 1 2634 27p340
10538 27.340 27.340 60539 2 2634 27p340
10539 27.340 27.340 60540 3 2634 27p340
10540 27.350 27.350 60541 0 2635 27p350
10541 27.350 27.350 60542 1 2635 27p350
10542 27.350 27.350 60543 2 2635 27p350
10543 27.350 27.350 60544 3 2635 27p350
10544 27.360 27.360 60545 0 2636 27p360
10545 27.360 27.360 60546 1 2636 27p360
10546 27.360 27.360 60547 2 2636 27p360
10547 27.360 27.360 60548 3 2636 27p360
10548 27.370 27.370 60549 0 2637 27p370
10549 27.370 27.370 60550 1 2637 27p370
10550 27.370 27.370 60551 2 2637 27p370
10551 27.370 27.370 60552 3 2637 27p370
10552 27.380 27.380 60553 0 2638 27p380
10553 27.380 27.380 60554 1 2638 27p380
10554 27.380 27.380 60555 2 2638 27p380
10555 27.380 27.380 60556 3 2638 27p380
10556 27.390 27.390 60557 0 2639 27p390
10557 27.390 27.390 60558 1 2639 27p390
10558 27.390 27.390 60559 2 2639 27p390
10559 27.390 27.390 60560 3 2639 27p390
10560 27.400 27.400 60561 0 2640 27p400
10561 27.400 27.400 60562 1 2640 27p400
10562 27.400 27.400 60563 2 2640 27p400
10563 27.400 27.400 60564 3 2640 27p400
10564 27.410 27.410 60565 0 2641 27p410
10565 27.410 27.410 60566 1 2641 27p410
10566 27.410 27.410 60567 2 2641 27p410
10567 27.410 27.410 60568 3 2641 27p410
10568 27.420 27.420 60569 0 2642 27p420
10569 27.420 27.420 60570 1 2642 27p420
10570 27.420 27.420 60571 2 2642 27p420
10571 27.420 27.420 60572 3 2642 27p420
10572 27.430 27.430 60573 0 2643 27p430
10573 27.430 27.430 60574 1 2643 27p430
10574 27.430 27.430 60575 2 2643 27p430
10575 27.430 27.430 60576 3 2643 27p430
10576 27.440 27.440 60577 0 2644 27p440
10577 27.440 27.440 60578 1 2644 27p440
10578 27.440 27.440 60579 2 2644 27p440
10579 27.440 27.440 60580 3 2644 27p440
10580 27.450 27.450 60581 0 2645 27p450
10581 27.450 27.450 60582 1 2645 27p450
10582 27.450 27.450 60583 2 2645 27p450
10583 27.450 27.450 60584 3 2645 27p450
10584 27.460 27.460 60585 0 2646 27p460
10585 27.460 27.460 60586 1 2646 27p460
10586 27.460 27.460 60587 2 2646 27p460
10587 27.460 27.460 60588 3 2646 27p460
10588 27.470 27.470 60589 0 2647 27p470
10589 27.470 27.470 60590 1 2647 27p470
10590 27.470 27.470 60591 2 2647 27p470
10591 27.470 27.470 60592 3 2647 27p470
10592 27.480 27.480 60593 0 2648 27p480
10593 27.480 27.480 60594 1 2648 27p480
10594 27.480 27.480 60595 2 2648 27p480
10595 27.480 27.480 60596 3 2648 27p480
10596 27.490 27.490 60597 0 2649 27p490
10597 27.490 27.490 60598 1 2649 27p490
10598 27.490 27.490 60599 2 2649 27p490
10599 27.490 27.490 60600 3 2649 27p490
10600 27.500 27.500 60601 0 2650 27p500
10601 27.500 27.500 60602 1 2650 27p500
10602 27.500 27.500 60603 2 2650 27p500
10603 27.500 27.500 60604 3 2650 27p500
10604 27.510 27.510 60605 0 2651 27p510
10605 27.510 27.510 60606 1 2651 27p510
10606 27.510 27.510 60607 2 2651 27p510
10607 27.510 27.510 60608 3 2651 27p510
10608 27.520 27.520 60609 0 2652 27p520
10609 27.520 27.520 60610 1 2652 27p520
10610 27.520 27.520 60611 2 2652 27p520
10611 27.520 27.520 60612 3 2652 27p520
10612 27.530 27.530 60613 0 2653 27p530
10613 27.530 27.530 60614 1 2653 27p530
10614 27.530 27.530 60615 2 2653 27p530
10615 27.530 27.530 60616 3 2653 27p530
10616 27.540 27.540 60617 0 2654 27p540
10617 27.540 27.540 60618 1 2654 27p540
10618 27.540 27.540 60619 2 2654 27p540
10619 27.540 27.540 60620 3 2654 27p540
10620 27.550 27.550 60621 0 2655 27p550
10621 27.550 27.550 60622 1 2655 27p550
10622 27.550 27.550 60623 2 2655 27p550
10623 27.550 27.550 60624 3 2655 27p550
10624 27.560 27.560 60625 0 2656 27p560
10625 27.560 27.560 60626 1 2656 27p560
10626 27.560 27.560 60627 2 2656 27p560
10627 27.560 27.560 60628 3 2656 27p560
10628 27.570 27.570 60629 0 2657 27p570
10629 27.570 27.570 60630 1 2657 27p570
10630 27.570 27.570 60631 2 2657 27p570
10631 27.570 27.570 60632 3 2657 27p570
10632 27.580 27.580 60633 0 2658 27p580
10633 27.580 27.580 60634 1 2658 27p580
10634 27.580 27.580 60635 2 2658 27p580
10635 27.580 27.580 60636 3 2658 27p580
10636 27.590 27.590 60637 0 2659 27p590
10637 27.590 27.590 60638 1 2659 27p590
10638 27.590 27.590 60639 2 2659 27p590
10639 27.590 27.590 60640 3 2659 27p590
10640 27.600 27.600 60641 0 2660 27p600
10641 27.600 27.600 60642 1 2660 27p600
10642 27.600 27.600 60643 2 2660 27p600
10643 27.600 27.600 60644 3 2660 27p600
10644 27.610 27.610 60645 0 2661 27p610
10645 27.610 27.610 60646 1 2661 27p610
10646 27.610 27.610 60647 2 2661 27p610
10647 27.610 27.610 60648 3 2661 27p610
10648 27.620 27.620 60649 0 2662 27p620
10649 27.620 27.620 60650 1 2662 27p620
10650 27.620 27.620 60651 2 2662 27p620
10651 27.620 27.620 60652 3 2662 27p620
10652 27.630 27.630 60653 0 2663 27p630
10653 27.630 27.630 60654 1 2663 27p630
10654 27.630 27.630 60655 2 2663 27p630
10655 27.630 27.630 60656 3 2663 27p630
10656 27.640 27.640 60657 0 2664 27p640
10657 27.640 27.640 60658 1 2664 27p640
10658 27.640 27.640 60659 2 2664 27p640
10659 27.640 27.640 60660 3 2664 27p640
10660 27.650 27.650 60661 0 2665 27p650
10661 27.650 27.650 60662 1 2665 27p650
10662 27.650 27.650 60663 2 2665 27p650
10663 27.650 27.650 60664 3 2665 27p650
10664 27.660 27.660 60665 0 2666 27p660
10665 27.660 27.660 60666 1 2666 27p660
10666 27.660 27.660 60667 2 2666 27p660
10667 27.660 27.660 60668 3 2666 27p660
10668 27.670 27.670 60669 0 2667 27p670
10669 27.670 27.670 60670 1 2667 27p670
10670 27.670 27.670 60671 2 2667 27p670
10671 27.670 27.670 60672 3 2667 27p670
10672 27.680 27.680 60673 0 2668 27p680
10673 27.680 27.680 60674 1 2668 27p680
10674 27.680 27.680 60675 2 2668 27p680
10675 27.680 27.680 60676 3 2668 27p680
10676 27.690 27.690 60677 0 2669 27p690
10677 27.690 27.690 60678 1 2669 27p690
10678 27.690 27.690 60679 2 2669 27p690
10679 27.690 27.690 60680 3 2669 27p690
10680 27.700 27.700 60681 0 2670 27p700
10681 27.700 27.700 60682 1 2670 27p700
10682 27.700 27.700 60683 2 2670 27p700
10683 27.700 27.700 60684 3 2670 27p700
10684 27.710 27.710 60685 0 2671 27p710
10685 27.710 27.710 60686 1 2671 27p710
10686 27.710 27.710 60687 2 2671 27p710
10687 27.710 27.710 60688 3 2671 27p710
10688 27.720 27.720 60689 0 2672 27p720
10689 27.720 27.720 60690 1 2672 27p720
10690 27.720 27.720 60691 2 2672 27p720
10691 27.720 27.720 60692 3 2672 27p720
10692 27.730 27.730 60693 0 2673 27p730
10693 27.730 27.730 60694 1 2673 27p730
10694 27.730 27.730 60695 2 2673 27p730
10695 27.730 27.730 60696 3 2673 27p730
10696 27.740 27.740 60697 0 2674 27p740
10697 27.740 27.740 60698 1 2674 27p740
10698 27.740 27.740 60699 2 2674 27p740
10699 27.740 27.740 60700 3 2674 27p740
10700 27.750 27.750 60701 0 2675 27p750
10701 27.750 27.750 60702 1 2675 27p750
10702 27.750 27.750 60703 2 2675 27p750
10703 27.750 27.750 60704 3 2675 27p750
10704 27.760 27.760 60705 0 2676 27p760
10705 27.760 27.760 60706 1 2676 27p760
10706 27.760 27.760 60707 2 2676 27p760
10707 27.760 27.760 60708 3 2676 27p760
10708 27.770 27.770 60709 0 2677 27p770
10709 27.770 27.770 60710 1 2677 27p770
10710 27.770 27.770 60711 2 2677 27p770
10711 27.770 27.770 60712 3 2677 27p770
10712 27.780 27.780 60713 0 2678 27p780
10713 27.780 27.780 60714 1 2678 27p780
10714 27.780 27.780 60715 2 2678 27p780
10715 27.780 27.780 60716 3 2678 27p780
10716 27.790 27.790 60717 0 2679 27p790
10717 27.790 27.790 60718 1 2679 27p790
10718 27.790 27.790 60719 2 2679 27p790
10719 27.790 27.790 60720 3 2679 27p790
10720 27.800 27.800 60721 0 2680 27p800
10721 27.800 27.800 60722 1 2680 27p800
10722 27.800 27.800 60723 2 2680 27p800
10723 27.800 27.800 60724 3 2680 27p800
10724 27.810 27.810 60725 0 2681 27p810
10725 27.810 27.810 60726 1 2681 27p810
10726 27.810 27.810 60727 2 2681 27p810
10727 27.810 27.810 60728 3 2681 27p810
10728 27.820 27.820 60729 0 2682 27p820
10729 27.820 27.820 60730 1 2682 27p820
10730 27.820 27.820 60731 2 2682 27p820
10731 27.820 27.820 60732 3 2682 27p820
10732 27.830 27.830 60733 0 2683 27p830
10733 27.830 27.830 60734 1 2683 27p830
10734 27.830 27.830 60735 2 2683 27p830
10735 27.830 27.830 60736 3 2683 27p830
10736 27.840 27.840 60737 0 2684 27p840
10737 27.840 27.840 60738 1 2684 27p840
10738 27.840 27.840 60739 2 2684 27p840
10739 27.840 27.840 60740 3 2684 27p840
10740 27.850 27.850 60741 0 2685 27p850
10741 27.850 27.850 60742 1 2685 27p850
10742 27.850 27.850 60743 2 2685 27p850
10743 27.850 27.850 60744 3 2685 27p850
10744 27.860 27.860 60745 0 2686 27p860
10745 27.860 27.860 60746 1 2686 27p860
10746 27.860 27.860 60747 2 2686 27p860
10747 27.860 27.860 60748 3 2686 27p860
10748 27.870 27.870 60749 0 2687 27p870
10749 27.870 27.870 60750 1 2687 27p870
10750 27.870 27.870 60751 2 2687 27p870
10751 27.870 27.870 60752 3 2687 27p870
10752 27.880 27.880 60753 0 2688 27p880
10753 27.880 27.880 60754 1 2688 27p880
10754 27.880 27.880 60755 2 2688 27p880
10755 27.880 27.880 60756 3 2688 27p880
10756 27.890 27.890 60757 0 2689 27p890
10757 27.890 27.890 60758 1 2689 27p890
10758 27.890 27.890 60759 2 2689 27p890
10759 27.890 27.890 60760 3 2689 27p890
10760 27.900 27.900 60761 0 2690 27p900
10761 27.900 27.900 60762 1 2690 27p900
10762 27.900 27.900 60763 2 2690 27p900
10763 27.900 27.900 60764 3 2690 27p900
10764 27.910 27.910 60765 0 2691 27p910
10765 27.910 27.910 60766 1 2691 27p910
10766 27.910 27.910 60767 2 2691 27p910
10767 27.910 27.910 60768 3 2691 27p910
10768 27.920 27.920 60769 0 2692 27p920
10769 27.920 27.920 60770 1 2692 27p920
10770 27.920 27.920 60771 2 2692 27p920
10771 27.920 27.920 60772 3 2692 27p920
10772 27.930 27.930 60773 0 2693 27p930
10773 27.930 27.930 60774 1 2693 27p930
10774 27.930 27.930 60775 2 2693 27p930
10775 27.930 27.930 60776 3 2693 27p930
10776 27.940 27.940 60777 0 2694 27p940
10777 27.940 27.940 60778 1 2694 27p940
10778 27.940 27.940 60779 2 2694 27p940
10779 27.940 27.940 60780 3 2694 27p940
10780 27.950 27.950 60781 0 2695 27p950
10781 27.950 27.950 60782 1 2695 27p950
10782 27.950 27.950 60783 2 2695 27p950
10783 27.950 27.950 60784 3 2695 27p950
10784 27.960 27.960 60785 0 2696 27p960
10785 27.960 27.960 60786 1 2696 27p960
10786 27.960 27.960 60787 2 2696 27p960
10787 27.960 27.960 60788 3 2696 27p960
10788 27.970 27.970 60789 0 2697 27p970
10789 27.970 27.970 60790 1 2697 27p970
10790 27.970 27.970 60791 2 2697 27p970
10791 27.970 27.970 60792 3 2697 27p970
10792 27.980 27.980 60793 0 2698 27p980
10793 27.980 27.980 60794 1 2698 27p980
10794 27.980 27.980 60795 2 2698 27p980
10795 27.980 27.980 60796 3 2698 27p980
10796 27.990 27.990 60797 0 2699 27p990
10797 27.990 27.990 60798 1 2699 27p990
10798 27.990 27.990 60799 2 2699 27p990
10799 27.990 27.990 60800 3 2699 27p990
10800 28.000 28.000 60801 0 2700 28p000
10801 28.000 28.000 60802 1 2700 28p000
10802 28.000 28.000 60803 2 2700 28p000
10803 28.000 28.000 60804 3 2700 28p000
10804 28.010 28.010 60805 0 2701 28p010
10805 28.010 28.010 60806 1 2701 28p010
10806 28.010 28.010 60807 2 2701 28p010
10807 28.010 28.010 60808 3 2701 28p010
10808 28.020 28.020 60809 0 2702 28p020
10809 28.020 28.020 60810 1 2702 28p020
10810 28.020 28.020 60811 2 2702 28p020
10811 28.020 28.020 60812 3 2702 28p020
10812 28.030 28.030 60813 0 2703 28p030
10813 28.030 28.030 60814 1 2703 28p030
10814 28.030 28.030 60815 2 2703 28p030
10815 28.030 28.030 60816 3 2703 28p030
10816 28.040 28.040 60817 0 2704 28p040
10817 28.040 28.040 60818 1 2704 28p040
10818 28.040 28.040 60819 2 2704 28p040
10819 28.040 28.040 60820 3 2704 28p040
10820 28.050 28.050 60821 0 2705 28p050
10821 28.050 28.050 60822 1 2705 28p050
10822 28.050 28.050 60823 2 2705 28p050
10823 28.050 28.050 60824 3 2705 28p050
10824 28.060 28.060 60825 0 2706 28p060
10825 28.060 28.060 60826 1 2706 28p060
10826 28.060 28.060 60827 2 2706 28p060
10827 28.060 28.060 60828 3 2706 28p060
10828 28.070 28.070 60829 0 2707 28p070
10829 28.070 28.070 60830 1 2707 28p070
10830 28.070 28.070 60831 2 2707 28p070
10831 28.070 28.070 60832 3 2707 28p070
10832 28.080 28.080 60833 0 2708 28p080
10833 28.080 28.080 60834 1 2708 28p080
10834 28.080 28.080 60835 2 2708 28p080
10835 28.080 28.080 60836 3 2708 28p080
10836 28.090 28.090 60837 0 2709 28p090
10837 28.090 28.090 60838 1 2709 28p090
10838 28.090 28.090 60839 2 2709 28p090
10839 28.090 28.090 60840 3 2709 28p090
10840 28.100 28.100 60841 0 2710 28p100
10841 28.100 28.100 60842 1 2710 28p100
10842 28.100 28.100 60843 2 2710 28p100
10843 28.100 28.100 60844 3 2710 28p100
10844 28.110 28.110 60845 0 2711 28p110
10845 28.110 28.110 60846 1 2711 28p110
10846 28.110 28.110 60847 2 2711 28p110
10847 28.110 28.110 60848 3 2711 28p110
10848 28.120 28.120 60849 0 2712 28p120
10849 28.120 28.120 60850 1 2712 28p120
10850 28.120 28.120 60851 2 2712 28p120
10851 28.120 28.120 60852 3 2712 28p120
10852 28.130 28.130 60853 0 2713 28p130
10853 28.130 28.130 60854 1 2713 28p130
10854 28.130 28.130 60855 2 2713 28p130
10855 28.130 28.130 60856 3 2713 28p130
10856 28.140 28.140 60857 0 2714 28p140
10857 28.140 28.140 60858 1 2714 28p140
10858 28.140 28.140 60859 2 2714 28p140
10859 28.140 28.140 60860 3 2714 28p140
10860 28.150 28.150 60861 0 2715 28p150
10861 28.150 28.150 60862 1 2715 28p150
10862 28.150 28.150 60863 2 2715 28p150
10863 28.150 28.150 60864 3 2715 28p150
10864 28.160 28.160 60865 0 2716 28p160
10865 28.160 28.160 60866 1 2716 28p160
10866 28.160 28.160 60867 2 2716 28p160
10867 28.160 28.160 60868 3 2716 28p160
10868 28.170 28.170 60869 0 2717 28p170
10869 28.170 28.170 60870 1 2717 28p170
10870 28.170 28.170 60871 2 2717 28p170
10871 28.170 28.170 60872 3 2717 28p170
10872 28.180 28.180 60873 0 2718 28p180
10873 28.180 28.180 60874 1 2718 28p180
10874 28.180 28.180 60875 2 2718 28p180
10875 28.180 28.180 60876 3 2718 28p180
10876 28.190 28.190 60877 0 2719 28p190
10877 28.190 28.190 60878 1 2719 28p190
10878 28.190 28.190 60879 2 2719 28p190
10879 28.190 28.190 60880 3 2719 28p190
10880 28.200 28.200 60881 0 2720 28p200
10881 28.200 28.200 60882 1 2720 28p200
10882 28.200 28.200 60883 2 2720 28p200
10883 28.200 28.200 60884 3 2720 28p200
10884 28.210 28.210 60885 0 2721 28p210
10885 28.210 28.210 60886 1 2721 28p210
10886 28.210 28.210 60887 2 2721 28p210
10887 28.210 28.210 60888 3 2721 28p210
10888 28.220 28.220 60889 0 2722 28p220
10889 28.220 28.220 60890 1 2722 28p220
10890 28.220 28.220 60891 2 2722 28p220
10891 28.220 28.220 60892 3 2722 28p220
10892 28.230 28.230 60893 0 2723 28p230
10893 28.230 28.230 60894 1 2723 28p230
10894 28.230 28.230 60895 2 2723 28p230
10895 28.230 28.230 60896 3 2723 28p230
10896 28.240 28.240 60897 0 2724 28p240
10897 28.240 28.240 60898 1 2724 28p240
10898 28.240 28.240 60899 2 2724 28p240
10899 28.240 28.240 60900 3 2724 28p240
10900 28.250 28.250 60901 0 2725 28p250
10901 28.250 28.250 60902 1 2725 28p250
10902 28.250 28.250 60903 2 2725 28p250
10903 28.250 28.250 60904 3 2725 28p250
10904 28.260 28.260 60905 0 2726 28p260
10905 28.260 28.260 60906 1 2726 28p260
10906 28.260 28.260 60907 2 2726 28p260
10907 28.260 28.260 60908 3 2726 28p260
10908 28.270 28.270 60909 0 2727 28p270
10909 28.270 28.270 60910 1 2727 28p270
10910 28.270 28.270 60911 2 2727 28p270
10911 28.270 28.270 60912 3 2727 28p270
10912 28.280 28.280 60913 0 2728 28p280
10913 28.280 28.280 60914 1 2728 28p280
10914 28.280 28.280 60915 2 2728 28p280
10915 28.280 28.280 60916 3 2728 28p280
10916 28.290 28.290 60917 0 2729 28p290
10917 28.290 28.290 60918 1 2729 28p290
10918 28.290 28.290 60919 2 2729 28p290
10919 28.290 28.290 60920 3 2729 28p290
10920 28.300 28.300 60921 0 2730 28p300
10921 28.300 28.300 60922 1 2730 28p300
10922 28.300 28.300 60923 2 2730 28p300
10923 28.300 28.300 60924 3 2730 28p300
10924 28.310 28.310 60925 0 2731 28p310
10925 28.310 28.310 60926 1 2731 28p310
10926 28.310 28.310 60927 2 2731 28p310
10927 28.310 28.310 60928 3 2731 28p310
10928 28.320 28.320 60929 0 2732 28p320
10929 28.320 28.320 60930 1 2732 28p320
10930 28.320 28.320 60931 2 2732 28p320
10931 28.320 28.320 60932 3 2732 28p320
10932 28.330 28.330 60933 0 2733 28p330
10933 28.330 28.330 60934 1 2733 28p330
10934 28.330 28.330 60935 2 2733 28p330
10935 28.330 28.330 60936 3 2733 28p330
10936 28.340 28.340 60937 0 2734 28p340
10937 28.340 28.340 60938 1 2734 28p340
10938 28.340 28.340 60939 2 2734 28p340
10939 28.340 28.340 60940 3 2734 28p340
10940 28.350 28.350 60941 0 2735 28p350
10941 28.350 28.350 60942 1 2735 28p350
10942 28.350 28.350 60943 2 2735 28p350
10943 28.350 28.350 60944 3 2735 28p350
10944 28.360 28.360 60945 0 2736 28p360
10945 28.360 28.360 60946 1 2736 28p360
10946 28.360 28.360 60947 2 2736 28p360
10947 28.360 28.360 60948 3 2736 28p360
10948 28.370 28.370 60949 0 2737 28p370
10949 28.370 28.370 60950 1 2737 28p370
10950 28.370 28.370 60951 2 2737 28p370
10951 28.370 28.370 60952 3 2737 28p370
10952 28.380 28.380 60953 0 2738 28p380
10953 28.380 28.380 60954 1 2738 28p380
10954 28.380 28.380 60955 2 2738 28p380
10955 28.380 28.380 60956 3 2738 28p380
10956 28.390 28.390 60957 0 2739 28p390
10957 28.390 28.390 60958 1 2739 28p390
10958 28.390 28.390 60959 2 2739 28p390
10959 28.390 28.390 60960 3 2739 28p390
10960 28.400 28.400 60961 0 2740 28p400
10961 28.400 28.400 60962 1 2740 28p400
10962 28.400 28.400 60963 2 2740 28p400
10963 28.400 28.400 60964 3 2740 28p400
10964 28.410 28.410 60965 0 2741 28p410
10965 28.410 28.410 60966 1 2741 28p410
10966 28.410 28.410 60967 2 2741 28p410
10967 28.410 28.410 60968 3 2741 28p410
10968 28.420 28.420 60969 0 2742 28p420
10969 28.420 28.420 60970 1 2742 28p420
10970 28.420 28.420 60971 2 2742 28p420
10971 28.420 28.420 60972 3 2742 28p420
10972 28.430 28.430 60973 0 2743 28p430
10973 28.430 28.430 60974 1 2743 28p430
10974 28.430 28.430 60975 2 2743 28p430
10975 28.430 28.430 60976 3 2743 28p430
10976 28.440 28.440 60977 0 2744 28p440
10977 28.440 28.440 60978 1 2744 28p440
10978 28.440 28.440 60979 2 2744 28p440
10979 28.440 28.440 60980 3 2744 28p440
10980 28.450 28.450 60981 0 2745 28p450
10981 28.450 28.450 60982 1 2745 28p450
10982 28.450 28.450 60983 2 2745 28p450
10983 28.450 28.450 60984 3 2745 28p450
10984 28.460 28.460 60985 0 2746 28p460
10985 28.460 28.460 60986 1 2746 28p460
10986 28.460 28.460 60987 2 2746 28p460
10987 28.460 28.460 60988 3 2746 28p460
10988 28.470 28.470 60989 0 2747 28p470
10989 28.470 28.470 60990 1 2747 28p470
10990 28.470 28.470 60991 2 2747 28p470
10991 28.470 28.470 60992 3 2747 28p470
10992 28.480 28.480 60993 0 2748 28p480
10993 28.480 28.480 60994 1 2748 28p480
10994 28.480 28.480 60995 2 2748 28p480
10995 28.480 28.480 60996 3 2748 28p480
10996 28.490 28.490 60997 0 2749 28p490
10997 28.490 28.490 60998 1 2749 28p490
10998 28.490 28.490 60999 2 2749 28p490
10999 28.490 28.490 61000 3 2749 28p490
11000 28.500 28.500 61001 0 2750 28p500
11001 28.500 28.500 61002 1 2750 28p500
11002 28.500 28.500 61003 2 2750 28p500
11003 28.500 28.500 61004 3 2750 28p500
11004 28.510 28.510 61005 0 2751 28p510
11005 28.510 28.510 61006 1 2751 28p510
11006 28.510 28.510 61007 2 2751 28p510
11007 28.510 28.510 61008 3 2751 28p510
11008 28.520 28.520 61009 0 2752 28p520
11009 28.520 28.520 61010 1 2752 28p520
11010 28.520 28.520 61011 2 2752 28p520
11011 28.520 28.520 61012 3 2752 28p520
11012 28.530 28.530 61013 0 2753 28p530
11013 28.530 28.530 61014 1 2753 28p530
11014 28.530 28.530 61015 2 2753 28p530
11015 28.530 28.530 61016 3 2753 28p530
11016 28.540 28.540 61017 0 2754 28p540
11017 28.540 28.540 61018 1 2754 28p540
11018 28.540 28.540 61019 2 2754 28p540
11019 28.540 28.540 61020 3 2754 28p540
11020 28.550 28.550 61021 0 2755 28p550
11021 28.550 28.550 61022 1 2755 28p550
11022 28.550 28.550 61023 2 2755 28p550
11023 28.550 28.550 61024 3 2755 28p550
11024 28.560 28.560 61025 0 2756 28p560
11025 28.560 28.560 61026 1 2756 28p560
11026 28.560 28.560 61027 2 2756 28p560
11027 28.560 28.560 61028 3 2756 28p560
11028 28.570 28.570 61029 0 2757 28p570
11029 28.570 28.570 61030 1 2757 28p570
11030 28.570 28.570 61031 2 2757 28p570
11031 28.570 28.570 61032 3 2757 28p570
11032 28.580 28.580 61033 0 2758 28p580
11033 28.580 28.580 61034 1 2758 28p580
11034 28.580 28.580 61035 2 2758 28p580
11035 28.580 28.580 61036 3 2758 28p580
11036 28.590 28.590 61037 0 2759 28p590
11037 28.590 28.590 61038 1 2759 28p590
11038 28.590 28.590 61039 2 2759 28p590
11039 28.590 28.590 61040 3 2759 28p590
11040 28.600 28.600 61041 0 2760 28p600
11041 28.600 28.600 61042 1 2760 28p600
11042 28.600 28.600 61043 2 2760 28p600
11043 28.600 28.600 61044 3 2760 28p600
11044 28.610 28.610 61045 0 2761 28p610
11045 28.610 28.610 61046 1 2761 28p610
11046 28.610 28.610 61047 2 2761 28p610
11047 28.610 28.610 61048 3 2761 28p610
11048 28.620 28.620 61049 0 2762 28p620
11049 28.620 28.620 61050 1 2762 28p620
11050 28.620 28.620 61051 2 2762 28p620
11051 28.620 28.620 61052 3 2762 28p620
11052 28.630 28.630 61053 0 2763 28p630
11053 28.630 28.630 61054 1 2763 28p630
11054 28.630 28.630 61055 2 2763 28p630
11055 28.630 28.630 61056 3 2763 28p630
11056 28.640 28.640 61057 0 2764 28p640
11057 28.640 28.640 61058 1 2764 28p640
11058 28.640 28.640 61059 2 2764 28p640
11059 28.640 28.640 61060 3 2764 28p640
11060 28.650 28.650 61061 0 2765 28p650
11061 28.650 28.650 61062 1 2765 28p650
11062 28.650 28.650 61063 2 2765 28p650
11063 28.650 28.650 61064 3 2765 28p650
11064 28.660 28.660 61065 0 2766 28p660
11065 28.660 28.660 61066 1 2766 28p660
11066 28.660 28.660 61067 2 2766 28p660
11067 28.660 28.660 61068 3 2766 28p660
11068 28.670 28.670 61069 0 2767 28p670
11069 28.670 28.670 61070 1 2767 28p670
11070 28.670 28.670 61071 2 2767 28p670
11071 28.670 28.670 61072 3 2767 28p670
11072 28.680 28.680 61073 0 2768 28p680
11073 28.680 28.680 61074 1 2768 28p680
11074 28.680 28.680 61075 2 2768 28p680
11075 28.680 28.680 61076 3 2768 28p680
11076 28.690 28.690 61077 0 2769 28p690
11077 28.690 28.690 61078 1 2769 28p690
11078 28.690 28.690 61079 2 2769 28p690
11079 28.690 28.690 61080 3 2769 28p690
11080 28.700 28.700 61081 0 2770 28p700
11081 28.700 28.700 61082 1 2770 28p700
11082 28.700 28.700 61083 2 2770 28p700
11083 28.700 28.700 61084 3 2770 28p700
11084 28.710 28.710 61085 0 2771 28p710
11085 28.710 28.710 61086 1 2771 28p710
11086 28.710 28.710 61087 2 2771 28p710
11087 28.710 28.710 61088 3 2771 28p710
11088 28.720 28.720 61089 0 2772 28p720
11089 28.720 28.720 61090 1 2772 28p720
11090 28.720 28.720 61091 2 2772 28p720
11091 28.720 28.720 61092 3 2772 28p720
11092 28.730 28.730 61093 0 2773 28p730
11093 28.730 28.730 61094 1 2773 28p730
11094 28.730 28.730 61095 2 2773 28p730
11095 28.730 28.730 61096 3 2773 28p730
11096 28.740 28.740 61097 0 2774 28p740
11097 28.740 28.740 61098 1 2774 28p740
11098 28.740 28.740 61099 2 2774 28p740
11099 28.740 28.740 61100 3 2774 28p740
11100 28.750 28.750 61101 0 2775 28p750
11101 28.750 28.750 61102 1 2775 28p750
11102 28.750 28.750 61103 2 2775 28p750
11103 28.750 28.750 61104 3 2775 28p750
11104 28.760 28.760 61105 0 2776 28p760
11105 28.760 28.760 61106 1 2776 28p760
11106 28.760 28.760 61107 2 2776 28p760
11107 28.760 28.760 61108 3 2776 28p760
11108 28.770 28.770 61109 0 2777 28p770
11109 28.770 28.770 61110 1 2777 28p770
11110 28.770 28.770 61111 2 2777 28p770
11111 28.770 28.770 61112 3 2777 28p770
11112 28.780 28.780 61113 0 2778 28p780
11113 28.780 28.780 61114 1 2778 28p780
11114 28.780 28.780 61115 2 2778 28p780
11115 28.780 28.780 61116 3 2778 28p780
11116 28.790 28.790 61117 0 2779 28p790
11117 28.790 28.790 61118 1 2779 28p790
11118 28.790 28.790 61119 2 2779 28p790
11119 28.790 28.790 61120 3 2779 28p790
11120 28.800 28.800 61121 0 2780 28p800
11121 28.800 28.800 61122 1 2780 28p800
11122 28.800 28.800 61123 2 2780 28p800
11123 28.800 28.800 61124 3 2780 28p800
11124 28.810 28.810 61125 0 2781 28p810
11125 28.810 28.810 61126 1 2781 28p810
11126 28.810 28.810 61127 2 2781 28p810
11127 28.810 28.810 61128 3 2781 28p810
11128 28.820 28.820 61129 0 2782 28p820
11129 28.820 28.820 61130 1 2782 28p820
11130 28.820 28.820 61131 2 2782 28p820
11131 28.820 28.820 61132 3 2782 28p820
11132 28.830 28.830 61133 0 2783 28p830
11133 28.830 28.830 61134 1 2783 28p830
11134 28.830 28.830 61135 2 2783 28p830
11135 28.830 28.830 61136 3 2783 28p830
11136 28.840 28.840 61137 0 2784 28p840
11137 28.840 28.840 61138 1 2784 28p840
11138 28.840 28.840 61139 2 2784 28p840
11139 28.840 28.840 61140 3 2784 28p840
11140 28.850 28.850 61141 0 2785 28p850
11141 28.850 28.850 61142 1 2785 28p850
11142 28.850 28.850 61143 2 2785 28p850
11143 28.850 28.850 61144 3 2785 28p850
11144 28.860 28.860 61145 0 2786 28p860
11145 28.860 28.860 61146 1 2786 28p860
11146 28.860 28.860 61147 2 2786 28p860
11147 28.860 28.860 61148 3 2786 28p860
11148 28.870 28.870 61149 0 2787 28p870
11149 28.870 28.870 61150 1 2787 28p870
11150 28.870 28.870 61151 2 2787 28p870
11151 28.870 28.870 61152 3 2787 28p870
11152 28.880 28.880 61153 0 2788 28p880
11153 28.880 28.880 61154 1 2788 28p880
11154 28.880 28.880 61155 2 2788 28p880
11155 28.880 28.880 61156 3 2788 28p880
11156 28.890 28.890 61157 0 2789 28p890
11157 28.890 28.890 61158 1 2789 28p890
11158 28.890 28.890 61159 2 2789 28p890
11159 28.890 28.890 61160 3 2789 28p890
11160 28.900 28.900 61161 0 2790 28p900
11161 28.900 28.900 61162 1 2790 28p900
11162 28.900 28.900 61163 2 2790 28p900
11163 28.900 28.900 61164 3 2790 28p900
11164 28.910 28.910 61165 0 2791 28p910
11165 28.910 28.910 61166 1 2791 28p910
11166 28.910 28.910 61167 2 2791 28p910
11167 28.910 28.910 61168 3 2791 28p910
11168 28.920 28.920 61169 0 2792 28p920
11169 28.920 28.920 61170 1 2792 28p920
11170 28.920 28.920 61171 2 2792 28p920
11171 28.920 28.920 61172 3 2792 28p920
11172 28.930 28.930 61173 0 2793 28p930
11173 28.930 28.930 61174 1 2793 28p930
11174 28.930 28.930 61175 2 2793 28p930
11175 28.930 28.930 61176 3 2793 28p930
11176 28.940 28.940 61177 0 2794 28p940
11177 28.940 28.940 61178 1 2794 28p940
11178 28.940 28.940 61179 2 2794 28p940
11179 28.940 28.940 61180 3 2794 28p940
11180 28.950 28.950 61181 0 2795 28p950
11181 28.950 28.950 61182 1 2795 28p950
11182 28.950 28.950 61183 2 2795 28p950
11183 28.950 28.950 61184 3 2795 28p950
11184 28.960 28.960 61185 0 2796 28p960
11185 28.960 28.960 61186 1 2796 28p960
11186 28.960 28.960 61187 2 2796 28p960
11187 28.960 28.960 61188 3 2796 28p960
11188 28.970 28.970 61189 0 2797 28p970
11189 28.970 28.970 61190 1 2797 28p970
11190 28.970 28.970 61191 2 2797 28p970
11191 28.970 28.970 61192 3 2797 28p970
11192 28.980 28.980 61193 0 2798 28p980
11193 28.980 28.980 61194 1 2798 28p980
11194 28.980 28.980 61195 2 2798 28p980
11195 28.980 28.980 61196 3 2798 28p980
11196 28.990 28.990 61197 0 2799 28p990
11197 28.990 28.990 61198 1 2799 28p990
11198 28.990 28.990 61199 2 2799 28p990
11199 28.990 28.990 61200 3 2799 28p990
11200 29.000 29.000 61201 0 2800 29p000
11201 29.000 29.000 61202 1 2800 29p000
11202 29.000 29.000 61203 2 2800 29p000
11203 29.000 29.000 61204 3 2800 29p000
11204 29.010 29.010 61205 0 2801 29p010
11205 29.010 29.010 61206 1 2801 29p010
11206 29.010 29.010 61207 2 2801 29p010
11207 29.010 29.010 61208 3 2801 29p010
11208 29.020 29.020 61209 0 2802 29p020
11209 29.020 29.020 61210 1 2802 29p020
11210 29.020 29.020 61211 2 2802 29p020
11211 29.020 29.020 61212 3 2802 29p020
11212 29.030 29.030 61213 0 2803 29p030
11213 29.030 29.030 61214 1 2803 29p030
11214 29.030 29.030 61215 2 2803 29p030
11215 29.030 29.030 61216 3 2803 29p030
11216 29.040 29.040 61217 0 2804 29p040
11217 29.040 29.040 61218 1 2804 29p040
11218 29.040 29.040 61219 2 2804 29p040
11219 29.040 29.040 61220 3 2804 29p040
11220 29.050 29.050 61221 0 2805 29p050
11221 29.050 29.050 61222 1 2805 29p050
11222 29.050 29.050 61223 2 2805 29p050
11223 29.050 29.050 61224 3 2805 29p050
11224 29.060 29.060 61225 0 2806 29p060
11225 29.060 29.060 61226 1 2806 29p060
11226 29.060 29.060 61227 2 2806 29p060
11227 29.060 29.060 61228 3 2806 29p060
11228 29.070 29.070 61229 0 2807 29p070
11229 29.070 29.070 61230 1 2807 29p070
11230 29.070 29.070 61231 2 2807 29p070
11231 29.070 29.070 61232 3 2807 29p070
11232 29.080 29.080 61233 0 2808 29p080
11233 29.080 29.080 61234 1 2808 29p080
11234 29.080 29.080 61235 2 2808 29p080
11235 29.080 29.080 61236 3 2808 29p080
11236 29.090 29.090 61237 0 2809 29p090
11237 29.090 29.090 61238 1 2809 29p090
11238 29.090 29.090 61239 2 2809 29p090
11239 29.090 29.090 61240 3 2809 29p090
11240 29.100 29.100 61241 0 2810 29p100
11241 29.100 29.100 61242 1 2810 29p100
11242 29.100 29.100 61243 2 2810 29p100
11243 29.100 29.100 61244 3 2810 29p100
11244 29.110 29.110 61245 0 2811 29p110
11245 29.110 29.110 61246 1 2811 29p110
11246 29.110 29.110 61247 2 2811 29p110
11247 29.110 29.110 61248 3 2811 29p110
11248 29.120 29.120 61249 0 2812 29p120
11249 29.120 29.120 61250 1 2812 29p120
11250 29.120 29.120 61251 2 2812 29p120
11251 29.120 29.120 61252 3 2812 29p120
11252 29.130 29.130 61253 0 2813 29p130
11253 29.130 29.130 61254 1 2813 29p130
11254 29.130 29.130 61255 2 2813 29p130
11255 29.130 29.130 61256 3 2813 29p130
11256 29.140 29.140 61257 0 2814 29p140
11257 29.140 29.140 61258 1 2814 29p140
11258 29.140 29.140 61259 2 2814 29p140
11259 29.140 29.140 61260 3 2814 29p140
11260 29.150 29.150 61261 0 2815 29p150
11261 29.150 29.150 61262 1 2815 29p150
11262 29.150 29.150 61263 2 2815 29p150
11263 29.150 29.150 61264 3 2815 29p150
11264 29.160 29.160 61265 0 2816 29p160
11265 29.160 29.160 61266 1 2816 29p160
11266 29.160 29.160 61267 2 2816 29p160
11267 29.160 29.160 61268 3 2816 29p160
11268 29.170 29.170 61269 0 2817 29p170
11269 29.170 29.170 61270 1 2817 29p170
11270 29.170 29.170 61271 2 2817 29p170
11271 29.170 29.170 61272 3 2817 29p170
11272 29.180 29.180 61273 0 2818 29p180
11273 29.180 29.180 61274 1 2818 29p180
11274 29.180 29.180 61275 2 2818 29p180
11275 29.180 29.180 61276 3 2818 29p180
11276 29.190 29.190 61277 0 2819 29p190
11277 29.190 29.190 61278 1 2819 29p190
11278 29.190 29.190 61279 2 2819 29p190
11279 29.190 29.190 61280 3 2819 29p190
11280 29.200 29.200 61281 0 2820 29p200
11281 29.200 29.200 61282 1 2820 29p200
11282 29.200 29.200 61283 2 2820 29p200
11283 29.200 29.200 61284 3 2820 29p200
11284 29.210 29.210 61285 0 2821 29p210
11285 29.210 29.210 61286 1 2821 29p210
11286 29.210 29.210 61287 2 2821 29p210
11287 29.210 29.210 61288 3 2821 29p210
11288 29.220 29.220 61289 0 2822 29p220
11289 29.220 29.220 61290 1 2822 29p220
11290 29.220 29.220 61291 2 2822 29p220
11291 29.220 29.220 61292 3 2822 29p220
11292 29.230 29.230 61293 0 2823 29p230
11293 29.230 29.230 61294 1 2823 29p230
11294 29.230 29.230 61295 2 2823 29p230
11295 29.230 29.230 61296 3 2823 29p230
11296 29.240 29.240 61297 0 2824 29p240
11297 29.240 29.240 61298 1 2824 29p240
11298 29.240 29.240 61299 2 2824 29p240
11299 29.240 29.240 61300 3 2824 29p240
11300 29.250 29.250 61301 0 2825 29p250
11301 29.250 29.250 61302 1 2825 29p250
11302 29.250 29.250 61303 2 2825 29p250
11303 29.250 29.250 61304 3 2825 29p250
11304 29.260 29.260 61305 0 2826 29p260
11305 29.260 29.260 61306 1 2826 29p260
11306 29.260 29.260 61307 2 2826 29p260
11307 29.260 29.260 61308 3 2826 29p260
11308 29.270 29.270 61309 0 2827 29p270
11309 29.270 29.270 61310 1 2827 29p270
11310 29.270 29.270 61311 2 2827 29p270
11311 29.270 29.270 61312 3 2827 29p270
11312 29.280 29.280 61313 0 2828 29p280
11313 29.280 29.280 61314 1 2828 29p280
11314 29.280 29.280 61315 2 2828 29p280
11315 29.280 29.280 61316 3 2828 29p280
11316 29.290 29.290 61317 0 2829 29p290
11317 29.290 29.290 61318 1 2829 29p290
11318 29.290 29.290 61319 2 2829 29p290
11319 29.290 29.290 61320 3 2829 29p290
11320 29.300 29.300 61321 0 2830 29p300
11321 29.300 29.300 61322 1 2830 29p300
11322 29.300 29.300 61323 2 2830 29p300
11323 29.300 29.300 61324 3 2830 29p300
11324 29.310 29.310 61325 0 2831 29p310
11325 29.310 29.310 61326 1 2831 29p310
11326 29.310 29.310 61327 2 2831 29p310
11327 29.310 29.310 61328 3 2831 29p310
11328 29.320 29.320 61329 0 2832 29p320
11329 29.320 29.320 61330 1 2832 29p320
11330 29.320 29.320 61331 2 2832 29p320
11331 29.320 29.320 61332 3 2832 29p320
11332 29.330 29.330 61333 0 2833 29p330
11333 29.330 29.330 61334 1 2833 29p330
11334 29.330 29.330 61335 2 2833 29p330
11335 29.330 29.330 61336 3 2833 29p330
11336 29.340 29.340 61337 0 2834 29p340
11337 29.340 29.340 61338 1 2834 29p340
11338 29.340 29.340 61339 2 2834 29p340
11339 29.340 29.340 61340 3 2834 29p340
11340 29.350 29.350 61341 0 2835 29p350
11341 29.350 29.350 61342 1 2835 29p350
11342 29.350 29.350 61343 2 2835 29p350
11343 29.350 29.350 61344 3 2835 29p350
11344 29.360 29.360 61345 0 2836 29p360
11345 29.360 29.360 61346 1 2836 29p360
11346 29.360 29.360 61347 2 2836 29p360
11347 29.360 29.360 61348 3 2836 29p360
11348 29.370 29.370 61349 0 2837 29p370
11349 29.370 29.370 61350 1 2837 29p370
11350 29.370 29.370 61351 2 2837 29p370
11351 29.370 29.370 61352 3 2837 29p370
11352 29.380 29.380 61353 0 2838 29p380
11353 29.380 29.380 61354 1 2838 29p380
11354 29.380 29.380 61355 2 2838 29p380
11355 29.380 29.380 61356 3 2838 29p380
11356 29.390 29.390 61357 0 2839 29p390
11357 29.390 29.390 61358 1 2839 29p390
11358 29.390 29.390 61359 2 2839 29p390
11359 29.390 29.390 61360 3 2839 29p390
11360 29.400 29.400 61361 0 2840 29p400
11361 29.400 29.400 61362 1 2840 29p400
11362 29.400 29.400 61363 2 2840 29p400
11363 29.400 29.400 61364 3 2840 29p400
11364 29.410 29.410 61365 0 2841 29p410
11365 29.410 29.410 61366 1 2841 29p410
11366 29.410 29.410 61367 2 2841 29p410
11367 29.410 29.410 61368 3 2841 29p410
11368 29.420 29.420 61369 0 2842 29p420
11369 29.420 29.420 61370 1 2842 29p420
11370 29.420 29.420 61371 2 2842 29p420
11371 29.420 29.420 61372 3 2842 29p420
11372 29.430 29.430 61373 0 2843 29p430
11373 29.430 29.430 61374 1 2843 29p430
11374 29.430 29.430 61375 2 2843 29p430
11375 29.430 29.430 61376 3 2843 29p430
11376 29.440 29.440 61377 0 2844 29p440
11377 29.440 29.440 61378 1 2844 29p440
11378 29.440 29.440 61379 2 2844 29p440
11379 29.440 29.440 61380 3 2844 29p440
11380 29.450 29.450 61381 0 2845 29p450
11381 29.450 29.450 61382 1 2845 29p450
11382 29.450 29.450 61383 2 2845 29p450
11383 29.450 29.450 61384 3 2845 29p450
11384 29.460 29.460 61385 0 2846 29p460
11385 29.460 29.460 61386 1 2846 29p460
11386 29.460 29.460 61387 2 2846 29p460
11387 29.460 29.460 61388 3 2846 29p460
11388 29.470 29.470 61389 0 2847 29p470
11389 29.470 29.470 61390 1 2847 29p470
11390 29.470 29.470 61391 2 2847 29p470
11391 29.470 29.470 61392 3 2847 29p470
11392 29.480 29.480 61393 0 2848 29p480
11393 29.480 29.480 61394 1 2848 29p480
11394 29.480 29.480 61395 2 2848 29p480
11395 29.480 29.480 61396 3 2848 29p480
11396 29.490 29.490 61397 0 2849 29p490
11397 29.490 29.490 61398 1 2849 29p490
11398 29.490 29.490 61399 2 2849 29p490
11399 29.490 29.490 61400 3 2849 29p490
11400 29.500 29.500 61401 0 2850 29p500
11401 29.500 29.500 61402 1 2850 29p500
11402 29.500 29.500 61403 2 2850 29p500
11403 29.500 29.500 61404 3 2850 29p500
11404 29.510 29.510 61405 0 2851 29p510
11405 29.510 29.510 61406 1 2851 29p510
11406 29.510 29.510 61407 2 2851 29p510
11407 29.510 29.510 61408 3 2851 29p510
11408 29.520 29.520 61409 0 2852 29p520
11409 29.520 29.520 61410 1 2852 29p520
11410 29.520 29.520 61411 2 2852 29p520
11411 29.520 29.520 61412 3 2852 29p520
11412 29.530 29.530 61413 0 2853 29p530
11413 29.530 29.530 61414 1 2853 29p530
11414 29.530 29.530 61415 2 2853 29p530
11415 29.530 29.530 61416 3 2853 29p530
11416 29.540 29.540 61417 0 2854 29p540
11417 29.540 29.540 61418 1 2854 29p540
11418 29.540 29.540 61419 2 2854 29p540
11419 29.540 29.540 61420 3 2854 29p540
11420 29.550 29.550 61421 0 2855 29p550
11421 29.550 29.550 61422 1 2855 29p550
11422 29.550 29.550 61423 2 2855 29p550
11423 29.550 29.550 61424 3 2855 29p550
11424 29.560 29.560 61425 0 2856 29p560
11425 29.560 29.560 61426 1 2856 29p560
11426 29.560 29.560 61427 2 2856 29p560
11427 29.560 29.560 61428 3 2856 29p560
11428 29.570 29.570 61429 0 2857 29p570
11429 29.570 29.570 61430 1 2857 29p570
11430 29.570 29.570 61431 2 2857 29p570
11431 29.570 29.570 61432 3 2857 29p570
11432 29.580 29.580 61433 0 2858 29p580
11433 29.580 29.580 61434 1 2858 29p580
11434 29.580 29.580 61435 2 2858 29p580
11435 29.580 29.580 61436 3 2858 29p580
11436 29.590 29.590 61437 0 2859 29p590
11437 29.590 29.590 61438 1 2859 29p590
11438 29.590 29.590 61439 2 2859 29p590
11439 29.590 29.590 61440 3 2859 29p590
11440 29.600 29.600 61441 0 2860 29p600
11441 29.600 29.600 61442 1 2860 29p600
11442 29.600 29.600 61443 2 2860 29p600
11443 29.600 29.600 61444 3 2860 29p600
11444 29.610 29.610 61445 0 2861 29p610
11445 29.610 29.610 61446 1 2861 29p610
11446 29.610 29.610 61447 2 2861 29p610
11447 29.610 29.610 61448 3 2861 29p610
11448 29.620 29.620 61449 0 2862 29p620
11449 29.620 29.620 61450 1 2862 29p620
11450 29.620 29.620 61451 2 2862 29p620
11451 29.620 29.620 61452 3 2862 29p620
11452 29.630 29.630 61453 0 2863 29p630
11453 29.630 29.630 61454 1 2863 29p630
11454 29.630 29.630 61455 2 2863 29p630
11455 29.630 29.630 61456 3 2863 29p630
11456 29.640 29.640 61457 0 2864 29p640
11457 29.640 29.640 61458 1 2864 29p640
11458 29.640 29.640 61459 2 2864 29p640
11459 29.640 29.640 61460 3 2864 29p640
11460 29.650 29.650 61461 0 2865 29p650
11461 29.650 29.650 61462 1 2865 29p650
11462 29.650 29.650 61463 2 2865 29p650
11463 29.650 29.650 61464 3 2865 29p650
11464 29.660 29.660 61465 0 2866 29p660
11465 29.660 29.660 61466 1 2866 29p660
11466 29.660 29.660 61467 2 2866 29p660
11467 29.660 29.660 61468 3 2866 29p660
11468 29.670 29.670 61469 0 2867 29p670
11469 29.670 29.670 61470 1 2867 29p670
11470 29.670 29.670 61471 2 2867 29p670
11471 29.670 29.670 61472 3 2867 29p670
11472 29.680 29.680 61473 0 2868 29p680
11473 29.680 29.680 61474 1 2868 29p680
11474 29.680 29.680 61475 2 2868 29p680
11475 29.680 29.680 61476 3 2868 29p680
11476 29.690 29.690 61477 0 2869 29p690
11477 29.690 29.690 61478 1 2869 29p690
11478 29.690 29.690 61479 2 2869 29p690
11479 29.690 29.690 61480 3 2869 29p690
11480 29.700 29.700 61481 0 2870 29p700
11481 29.700 29.700 61482 1 2870 29p700
11482 29.700 29.700 61483 2 2870 29p700
11483 29.700 29.700 61484 3 2870 29p700
11484 29.710 29.710 61485 0 2871 29p710
11485 29.710 29.710 61486 1 2871 29p710
11486 29.710 29.710 61487 2 2871 29p710
11487 29.710 29.710 61488 3 2871 29p710
11488 29.720 29.720 61489 0 2872 29p720
11489 29.720 29.720 61490 1 2872 29p720
11490 29.720 29.720 61491 2 2872 29p720
11491 29.720 29.720 61492 3 2872 29p720
11492 29.730 29.730 61493 0 2873 29p730
11493 29.730 29.730 61494 1 2873 29p730
11494 29.730 29.730 61495 2 2873 29p730
11495 29.730 29.730 61496 3 2873 29p730
11496 29.740 29.740 61497 0 2874 29p740
11497 29.740 29.740 61498 1 2874 29p740
11498 29.740 29.740 61499 2 2874 29p740
11499 29.740 29.740 61500 3 2874 29p740
11500 29.750 29.750 61501 0 2875 29p750
11501 29.750 29.750 61502 1 2875 29p750
11502 29.750 29.750 61503 2 2875 29p750
11503 29.750 29.750 61504 3 2875 29p750
11504 29.760 29.760 61505 0 2876 29p760
11505 29.760 29.760 61506 1 2876 29p760
11506 29.760 29.760 61507 2 2876 29p760
11507 29.760 29.760 61508 3 2876 29p760
11508 29.770 29.770 61509 0 2877 29p770
11509 29.770 29.770 61510 1 2877 29p770
11510 29.770 29.770 61511 2 2877 29p770
11511 29.770 29.770 61512 3 2877 29p770
11512 29.780 29.780 61513 0 2878 29p780
11513 29.780 29.780 61514 1 2878 29p780
11514 29.780 29.780 61515 2 2878 29p780
11515 29.780 29.780 61516 3 2878 29p780
11516 29.790 29.790 61517 0 2879 29p790
11517 29.790 29.790 61518 1 2879 29p790
11518 29.790 29.790 61519 2 2879 29p790
11519 29.790 29.790 61520 3 2879 29p790
11520 29.800 29.800 61521 0 2880 29p800
11521 29.800 29.800 61522 1 2880 29p800
11522 29.800 29.800 61523 2 2880 29p800
11523 29.800 29.800 61524 3 2880 29p800
11524 29.810 29.810 61525 0 2881 29p810
11525 29.810 29.810 61526 1 2881 29p810
11526 29.810 29.810 61527 2 2881 29p810
11527 29.810 29.810 61528 3 2881 29p810
11528 29.820 29.820 61529 0 2882 29p820
11529 29.820 29.820 61530 1 2882 29p820
11530 29.820 29.820 61531 2 2882 29p820
11531 29.820 29.820 61532 3 2882 29p820
11532 29.830 29.830 61533 0 2883 29p830
11533 29.830 29.830 61534 1 2883 29p830
11534 29.830 29.830 61535 2 2883 29p830
11535 29.830 29.830 61536 3 2883 29p830
11536 29.840 29.840 61537 0 2884 29p840
11537 29.840 29.840 61538 1 2884 29p840
11538 29.840 29.840 61539 2 2884 29p840
11539 29.840 29.840 61540 3 2884 29p840
11540 29.850 29.850 61541 0 2885 29p850
11541 29.850 29.850 61542 1 2885 29p850
11542 29.850 29.850 61543 2 2885 29p850
11543 29.850 29.850 61544 3 2885 29p850
11544 29.860 29.860 61545 0 2886 29p860
11545 29.860 29.860 61546 1 2886 29p860
11546 29.860 29.860 61547 2 2886 29p860
11547 29.860 29.860 61548 3 2886 29p860
11548 29.870 29.870 61549 0 2887 29p870
11549 29.870 29.870 61550 1 2887 29p870
11550 29.870 29.870 61551 2 2887 29p870
11551 29.870 29.870 61552 3 2887 29p870
11552 29.880 29.880 61553 0 2888 29p880
11553 29.880 29.880 61554 1 2888 29p880
11554 29.880 29.880 61555 2 2888 29p880
11555 29.880 29.880 61556 3 2888 29p880
11556 29.890 29.890 61557 0 2889 29p890
11557 29.890 29.890 61558 1 2889 29p890
11558 29.890 29.890 61559 2 2889 29p890
11559 29.890 29.890 61560 3 2889 29p890
11560 29.900 29.900 61561 0 2890 29p900
11561 29.900 29.900 61562 1 2890 29p900
11562 29.900 29.900 61563 2 2890 29p900
11563 29.900 29.900 61564 3 2890 29p900
11564 29.910 29.910 61565 0 2891 29p910
11565 29.910 29.910 61566 1 2891 29p910
11566 29.910 29.910 61567 2 2891 29p910
11567 29.910 29.910 61568 3 2891 29p910
11568 29.920 29.920 61569 0 2892 29p920
11569 29.920 29.920 61570 1 2892 29p920
11570 29.920 29.920 61571 2 2892 29p920
11571 29.920 29.920 61572 3 2892 29p920
11572 29.930 29.930 61573 0 2893 29p930
11573 29.930 29.930 61574 1 2893 29p930
11574 29.930 29.930 61575 2 2893 29p930
11575 29.930 29.930 61576 3 2893 29p930
11576 29.940 29.940 61577 0 2894 29p940
11577 29.940 29.940 61578 1 2894 29p940
11578 29.940 29.940 61579 2 2894 29p940
11579 29.940 29.940 61580 3 2894 29p940
11580 29.950 29.950 61581 0 2895 29p950
11581 29.950 29.950 61582 1 2895 29p950
11582 29.950 29.950 61583 2 2895 29p950
11583 29.950 29.950 61584 3 2895 29p950
11584 29.960 29.960 61585 0 2896 29p960
11585 29.960 29.960 61586 1 2896 29p960
11586 29.960 29.960 61587 2 2896 29p960
11587 29.960 29.960 61588 3 2896 29p960
11588 29.970 29.970 61589 0 2897 29p970
11589 29.970 29.970 61590 1 2897 29p970
11590 29.970 29.970 61591 2 2897 29p970
11591 29.970 29.970 61592 3 2897 29p970
11592 29.980 29.980 61593 0 2898 29p980
11593 29.980 29.980 61594 1 2898 29p980
11594 29.980 29.980 61595 2 2898 29p980
11595 29.980 29.980 61596 3 2898 29p980
11596 29.990 29.990 61597 0 2899 29p990
11597 29.990 29.990 61598 1 2899 29p990
11598 29.990 29.990 61599 2 2899 29p990
11599 29.990 29.990 61600 3 2899 29p990
11600 30.000 30.000 61601 0 2900 30p000
11601 30.000 30.000 61602 1 2900 30p000
11602 30.000 30.000 61603 2 2900 30p000
11603 30.000 30.000 61604 3 2900 30p000
11604 30.010 30.010 61605 0 2901 30p010
11605 30.010 30.010 61606 1 2901 30p010
11606 30.010 30.010 61607 2 2901 30p010
11607 30.010 30.010 61608 3 2901 30p010
11608 30.020 30.020 61609 0 2902 30p020
11609 30.020 30.020 61610 1 2902 30p020
11610 30.020 30.020 61611 2 2902 30p020
11611 30.020 30.020 61612 3 2902 30p020
11612 30.030 30.030 61613 0 2903 30p030
11613 30.030 30.030 61614 1 2903 30p030
11614 30.030 30.030 61615 2 2903 30p030
11615 30.030 30.030 61616 3 2903 30p030
11616 30.040 30.040 61617 0 2904 30p040
11617 30.040 30.040 61618 1 2904 30p040
11618 30.040 30.040 61619 2 2904 30p040
11619 30.040 30.040 61620 3 2904 30p040
11620 30.050 30.050 61621 0 2905 30p050
11621 30.050 30.050 61622 1 2905 30p050
11622 30.050 30.050 61623 2 2905 30p050
11623 30.050 30.050 61624 3 2905 30p050
11624 30.060 30.060 61625 0 2906 30p060
11625 30.060 30.060 61626 1 2906 30p060
11626 30.060 30.060 61627 2 2906 30p060
11627 30.060 30.060 61628 3 2906 30p060
11628 30.070 30.070 61629 0 2907 30p070
11629 30.070 30.070 61630 1 2907 30p070
11630 30.070 30.070 61631 2 2907 30p070
11631 30.070 30.070 61632 3 2907 30p070
11632 30.080 30.080 61633 0 2908 30p080
11633 30.080 30.080 61634 1 2908 30p080
11634 30.080 30.080 61635 2 2908 30p080
11635 30.080 30.080 61636 3 2908 30p080
11636 30.090 30.090 61637 0 2909 30p090
11637 30.090 30.090 61638 1 2909 30p090
11638 30.090 30.090 61639 2 2909 30p090
11639 30.090 30.090 61640 3 2909 30p090
11640 30.100 30.100 61641 0 2910 30p100
11641 30.100 30.100 61642 1 2910 30p100
11642 30.100 30.100 61643 2 2910 30p100
11643 30.100 30.100 61644 3 2910 30p100
11644 30.110 30.110 61645 0 2911 30p110
11645 30.110 30.110 61646 1 2911 30p110
11646 30.110 30.110 61647 2 2911 30p110
11647 30.110 30.110 61648 3 2911 30p110
11648 30.120 30.120 61649 0 2912 30p120
11649 30.120 30.120 61650 1 2912 30p120
11650 30.120 30.120 61651 2 2912 30p120
11651 30.120 30.120 61652 3 2912 30p120
11652 30.130 30.130 61653 0 2913 30p130
11653 30.130 30.130 61654 1 2913 30p130
11654 30.130 30.130 61655 2 2913 30p130
11655 30.130 30.130 61656 3 2913 30p130
11656 30.140 30.140 61657 0 2914 30p140
11657 30.140 30.140 61658 1 2914 30p140
11658 30.140 30.140 61659 2 2914 30p140
11659 30.140 30.140 61660 3 2914 30p140
11660 30.150 30.150 61661 0 2915 30p150
11661 30.150 30.150 61662 1 2915 30p150
11662 30.150 30.150 61663 2 2915 30p150
11663 30.150 30.150 61664 3 2915 30p150
11664 30.160 30.160 61665 0 2916 30p160
11665 30.160 30.160 61666 1 2916 30p160
11666 30.160 30.160 61667 2 2916 30p160
11667 30.160 30.160 61668 3 2916 30p160
11668 30.170 30.170 61669 0 2917 30p170
11669 30.170 30.170 61670 1 2917 30p170
11670 30.170 30.170 61671 2 2917 30p170
11671 30.170 30.170 61672 3 2917 30p170
11672 30.180 30.180 61673 0 2918 30p180
11673 30.180 30.180 61674 1 2918 30p180
11674 30.180 30.180 61675 2 2918 30p180
11675 30.180 30.180 61676 3 2918 30p180
11676 30.190 30.190 61677 0 2919 30p190
11677 30.190 30.190 61678 1 2919 30p190
11678 30.190 30.190 61679 2 2919 30p190
11679 30.190 30.190 61680 3 2919 30p190
11680 30.200 30.200 61681 0 2920 30p200
11681 30.200 30.200 61682 1 2920 30p200
11682 30.200 30.200 61683 2 2920 30p200
11683 30.200 30.200 61684 3 2920 30p200
11684 30.210 30.210 61685 0 2921 30p210
11685 30.210 30.210 61686 1 2921 30p210
11686 30.210 30.210 61687 2 2921 30p210
11687 30.210 30.210 61688 3 2921 30p210
11688 30.220 30.220 61689 0 2922 30p220
11689 30.220 30.220 61690 1 2922 30p220
11690 30.220 30.220 61691 2 2922 30p220
11691 30.220 30.220 61692 3 2922 30p220
11692 30.230 30.230 61693 0 2923 30p230
11693 30.230 30.230 61694 1 2923 30p230
11694 30.230 30.230 61695 2 2923 30p230
11695 30.230 30.230 61696 3 2923 30p230
11696 30.240 30.240 61697 0 2924 30p240
11697 30.240 30.240 61698 1 2924 30p240
11698 30.240 30.240 61699 2 2924 30p240
11699 30.240 30.240 61700 3 2924 30p240
11700 30.250 30.250 61701 0 2925 30p250
11701 30.250 30.250 61702 1 2925 30p250
11702 30.250 30.250 61703 2 2925 30p250
11703 30.250 30.250 61704 3 2925 30p250
11704 30.260 30.260 61705 0 2926 30p260
11705 30.260 30.260 61706 1 2926 30p260
11706 30.260 30.260 61707 2 2926 30p260
11707 30.260 30.260 61708 3 2926 30p260
11708 30.270 30.270 61709 0 2927 30p270
11709 30.270 30.270 61710 1 2927 30p270
11710 30.270 30.270 61711 2 2927 30p270
11711 30.270 30.270 61712 3 2927 30p270
11712 30.280 30.280 61713 0 2928 30p280
11713 30.280 30.280 61714 1 2928 30p280
11714 30.280 30.280 61715 2 2928 30p280
11715 30.280 30.280 61716 3 2928 30p280
11716 30.290 30.290 61717 0 2929 30p290
11717 30.290 30.290 61718 1 2929 30p290
11718 30.290 30.290 61719 2 2929 30p290
11719 30.290 30.290 61720 3 2929 30p290
11720 30.300 30.300 61721 0 2930 30p300
11721 30.300 30.300 61722 1 2930 30p300
11722 30.300 30.300 61723 2 2930 30p300
11723 30.300 30.300 61724 3 2930 30p300
11724 30.310 30.310 61725 0 2931 30p310
11725 30.310 30.310 61726 1 2931 30p310
11726 30.310 30.310 61727 2 2931 30p310
11727 30.310 30.310 61728 3 2931 30p310
11728 30.320 30.320 61729 0 2932 30p320
11729 30.320 30.320 61730 1 2932 30p320
11730 30.320 30.320 61731 2 2932 30p320
11731 30.320 30.320 61732 3 2932 30p320
11732 30.330 30.330 61733 0 2933 30p330
11733 30.330 30.330 61734 1 2933 30p330
11734 30.330 30.330 61735 2 2933 30p330
11735 30.330 30.330 61736 3 2933 30p330
11736 30.340 30.340 61737 0 2934 30p340
11737 30.340 30.340 61738 1 2934 30p340
11738 30.340 30.340 61739 2 2934 30p340
11739 30.340 30.340 61740 3 2934 30p340
11740 30.350 30.350 61741 0 2935 30p350
11741 30.350 30.350 61742 1 2935 30p350
11742 30.350 30.350 61743 2 2935 30p350
11743 30.350 30.350 61744 3 2935 30p350
11744 30.360 30.360 61745 0 2936 30p360
11745 30.360 30.360 61746 1 2936 30p360
11746 30.360 30.360 61747 2 2936 30p360
11747 30.360 30.360 61748 3 2936 30p360
11748 30.370 30.370 61749 0 2937 30p370
11749 30.370 30.370 61750 1 2937 30p370
11750 30.370 30.370 61751 2 2937 30p370
11751 30.370 30.370 61752 3 2937 30p370
11752 30.380 30.380 61753 0 2938 30p380
11753 30.380 30.380 61754 1 2938 30p380
11754 30.380 30.380 61755 2 2938 30p380
11755 30.380 30.380 61756 3 2938 30p380
11756 30.390 30.390 61757 0 2939 30p390
11757 30.390 30.390 61758 1 2939 30p390
11758 30.390 30.390 61759 2 2939 30p390
11759 30.390 30.390 61760 3 2939 30p390
11760 30.400 30.400 61761 0 2940 30p400
11761 30.400 30.400 61762 1 2940 30p400
11762 30.400 30.400 61763 2 2940 30p400
11763 30.400 30.400 61764 3 2940 30p400
11764 30.410 30.410 61765 0 2941 30p410
11765 30.410 30.410 61766 1 2941 30p410
11766 30.410 30.410 61767 2 2941 30p410
11767 30.410 30.410 61768 3 2941 30p410
11768 30.420 30.420 61769 0 2942 30p420
11769 30.420 30.420 61770 1 2942 30p420
11770 30.420 30.420 61771 2 2942 30p420
11771 30.420 30.420 61772 3 2942 30p420
11772 30.430 30.430 61773 0 2943 30p430
11773 30.430 30.430 61774 1 2943 30p430
11774 30.430 30.430 61775 2 2943 30p430
11775 30.430 30.430 61776 3 2943 30p430
11776 30.440 30.440 61777 0 2944 30p440
11777 30.440 30.440 61778 1 2944 30p440
11778 30.440 30.440 61779 2 2944 30p440
11779 30.440 30.440 61780 3 2944 30p440
11780 30.450 30.450 61781 0 2945 30p450
11781 30.450 30.450 61782 1 2945 30p450
11782 30.450 30.450 61783 2 2945 30p450
11783 30.450 30.450 61784 3 2945 30p450
11784 30.460 30.460 61785 0 2946 30p460
11785 30.460 30.460 61786 1 2946 30p460
11786 30.460 30.460 61787 2 2946 30p460
11787 30.460 30.460 61788 3 2946 30p460
11788 30.470 30.470 61789 0 2947 30p470
11789 30.470 30.470 61790 1 2947 30p470
11790 30.470 30.470 61791 2 2947 30p470
11791 30.470 30.470 61792 3 2947 30p470
11792 30.480 30.480 61793 0 2948 30p480
11793 30.480 30.480 61794 1 2948 30p480
11794 30.480 30.480 61795 2 2948 30p480
11795 30.480 30.480 61796 3 2948 30p480
11796 30.490 30.490 61797 0 2949 30p490
11797 30.490 30.490 61798 1 2949 30p490
11798 30.490 30.490 61799 2 2949 30p490
11799 30.490 30.490 61800 3 2949 30p490
11800 30.500 30.500 61801 0 2950 30p500
11801 30.500 30.500 61802 1 2950 30p500
11802 30.500 30.500 61803 2 2950 30p500
11803 30.500 30.500 61804 3 2950 30p500
11804 30.510 30.510 61805 0 2951 30p510
11805 30.510 30.510 61806 1 2951 30p510
11806 30.510 30.510 61807 2 2951 30p510
11807 30.510 30.510 61808 3 2951 30p510
11808 30.520 30.520 61809 0 2952 30p520
11809 30.520 30.520 61810 1 2952 30p520
11810 30.520 30.520 61811 2 2952 30p520
11811 30.520 30.520 61812 3 2952 30p520
11812 30.530 30.530 61813 0 2953 30p530
11813 30.530 30.530 61814 1 2953 30p530
11814 30.530 30.530 61815 2 2953 30p530
11815 30.530 30.530 61816 3 2953 30p530
11816 30.540 30.540 61817 0 2954 30p540
11817 30.540 30.540 61818 1 2954 30p540
11818 30.540 30.540 61819 2 2954 30p540
11819 30.540 30.540 61820 3 2954 30p540
11820 30.550 30.550 61821 0 2955 30p550
11821 30.550 30.550 61822 1 2955 30p550
11822 30.550 30.550 61823 2 2955 30p550
11823 30.550 30.550 61824 3 2955 30p550
11824 30.560 30.560 61825 0 2956 30p560
11825 30.560 30.560 61826 1 2956 30p560
11826 30.560 30.560 61827 2 2956 30p560
11827 30.560 30.560 61828 3 2956 30p560
11828 30.570 30.570 61829 0 2957 30p570
11829 30.570 30.570 61830 1 2957 30p570
11830 30.570 30.570 61831 2 2957 30p570
11831 30.570 30.570 61832 3 2957 30p570
11832 30.580 30.580 61833 0 2958 30p580
11833 30.580 30.580 61834 1 2958 30p580
11834 30.580 30.580 61835 2 2958 30p580
11835 30.580 30.580 61836 3 2958 30p580
11836 30.590 30.590 61837 0 2959 30p590
11837 30.590 30.590 61838 1 2959 30p590
11838 30.590 30.590 61839 2 2959 30p590
11839 30.590 30.590 61840 3 2959 30p590
11840 30.600 30.600 61841 0 2960 30p600
11841 30.600 30.600 61842 1 2960 30p600
11842 30.600 30.600 61843 2 2960 30p600
11843 30.600 30.600 61844 3 2960 30p600
11844 30.610 30.610 61845 0 2961 30p610
11845 30.610 30.610 61846 1 2961 30p610
11846 30.610 30.610 61847 2 2961 30p610
11847 30.610 30.610 61848 3 2961 30p610
11848 30.620 30.620 61849 0 2962 30p620
11849 30.620 30.620 61850 1 2962 30p620
11850 30.620 30.620 61851 2 2962 30p620
11851 30.620 30.620 61852 3 2962 30p620
11852 30.630 30.630 61853 0 2963 30p630
11853 30.630 30.630 61854 1 2963 30p630
11854 30.630 30.630 61855 2 2963 30p630
11855 30.630 30.630 61856 3 2963 30p630
11856 30.640 30.640 61857 0 2964 30p640
11857 30.640 30.640 61858 1 2964 30p640
11858 30.640 30.640 61859 2 2964 30p640
11859 30.640 30.640 61860 3 2964 30p640
11860 30.650 30.650 61861 0 2965 30p650
11861 30.650 30.650 61862 1 2965 30p650
11862 30.650 30.650 61863 2 2965 30p650
11863 30.650 30.650 61864 3 2965 30p650
11864 30.660 30.660 61865 0 2966 30p660
11865 30.660 30.660 61866 1 2966 30p660
11866 30.660 30.660 61867 2 2966 30p660
11867 30.660 30.660 61868 3 2966 30p660
11868 30.670 30.670 61869 0 2967 30p670
11869 30.670 30.670 61870 1 2967 30p670
11870 30.670 30.670 61871 2 2967 30p670
11871 30.670 30.670 61872 3 2967 30p670
11872 30.680 30.680 61873 0 2968 30p680
11873 30.680 30.680 61874 1 2968 30p680
11874 30.680 30.680 61875 2 2968 30p680
11875 30.680 30.680 61876 3 2968 30p680
11876 30.690 30.690 61877 0 2969 30p690
11877 30.690 30.690 61878 1 2969 30p690
11878 30.690 30.690 61879 2 2969 30p690
11879 30.690 30.690 61880 3 2969 30p690
11880 30.700 30.700 61881 0 2970 30p700
11881 30.700 30.700 61882 1 2970 30p700
11882 30.700 30.700 61883 2 2970 30p700
11883 30.700 30.700 61884 3 2970 30p700
11884 30.710 30.710 61885 0 2971 30p710
11885 30.710 30.710 61886 1 2971 30p710
11886 30.710 30.710 61887 2 2971 30p710
11887 30.710 30.710 61888 3 2971 30p710
11888 30.720 30.720 61889 0 2972 30p720
11889 30.720 30.720 61890 1 2972 30p720
11890 30.720 30.720 61891 2 2972 30p720
11891 30.720 30.720 61892 3 2972 30p720
11892 30.730 30.730 61893 0 2973 30p730
11893 30.730 30.730 61894 1 2973 30p730
11894 30.730 30.730 61895 2 2973 30p730
11895 30.730 30.730 61896 3 2973 30p730
11896 30.740 30.740 61897 0 2974 30p740
11897 30.740 30.740 61898 1 2974 30p740
11898 30.740 30.740 61899 2 2974 30p740
11899 30.740 30.740 61900 3 2974 30p740
11900 30.750 30.750 61901 0 2975 30p750
11901 30.750 30.750 61902 1 2975 30p750
11902 30.750 30.750 61903 2 2975 30p750
11903 30.750 30.750 61904 3 2975 30p750
11904 30.760 30.760 61905 0 2976 30p760
11905 30.760 30.760 61906 1 2976 30p760
11906 30.760 30.760 61907 2 2976 30p760
11907 30.760 30.760 61908 3 2976 30p760
11908 30.770 30.770 61909 0 2977 30p770
11909 30.770 30.770 61910 1 2977 30p770
11910 30.770 30.770 61911 2 2977 30p770
11911 30.770 30.770 61912 3 2977 30p770
11912 30.780 30.780 61913 0 2978 30p780
11913 30.780 30.780 61914 1 2978 30p780
11914 30.780 30.780 61915 2 2978 30p780
11915 30.780 30.780 61916 3 2978 30p780
11916 30.790 30.790 61917 0 2979 30p790
11917 30.790 30.790 61918 1 2979 30p790
11918 30.790 30.790 61919 2 2979 30p790
11919 30.790 30.790 61920 3 2979 30p790
11920 30.800 30.800 61921 0 2980 30p800
11921 30.800 30.800 61922 1 2980 30p800
11922 30.800 30.800 61923 2 2980 30p800
11923 30.800 30.800 61924 3 2980 30p800
11924 30.810 30.810 61925 0 2981 30p810
11925 30.810 30.810 61926 1 2981 30p810
11926 30.810 30.810 61927 2 2981 30p810
11927 30.810 30.810 61928 3 2981 30p810
11928 30.820 30.820 61929 0 2982 30p820
11929 30.820 30.820 61930 1 2982 30p820
11930 30.820 30.820 61931 2 2982 30p820
11931 30.820 30.820 61932 3 2982 30p820
11932 30.830 30.830 61933 0 2983 30p830
11933 30.830 30.830 61934 1 2983 30p830
11934 30.830 30.830 61935 2 2983 30p830
11935 30.830 30.830 61936 3 2983 30p830
11936 30.840 30.840 61937 0 2984 30p840
11937 30.840 30.840 61938 1 2984 30p840
11938 30.840 30.840 61939 2 2984 30p840
11939 30.840 30.840 61940 3 2984 30p840
11940 30.850 30.850 61941 0 2985 30p850
11941 30.850 30.850 61942 1 2985 30p850
11942 30.850 30.850 61943 2 2985 30p850
11943 30.850 30.850 61944 3 2985 30p850
11944 30.860 30.860 61945 0 2986 30p860
11945 30.860 30.860 61946 1 2986 30p860
11946 30.860 30.860 61947 2 2986 30p860
11947 30.860 30.860 61948 3 2986 30p860
11948 30.870 30.870 61949 0 2987 30p870
11949 30.870 30.870 61950 1 2987 30p870
11950 30.870 30.870 61951 2 2987 30p870
11951 30.870 30.870 61952 3 2987 30p870
11952 30.880 30.880 61953 0 2988 30p880
11953 30.880 30.880 61954 1 2988 30p880
11954 30.880 30.880 61955 2 2988 30p880
11955 30.880 30.880 61956 3 2988 30p880
11956 30.890 30.890 61957 0 2989 30p890
11957 30.890 30.890 61958 1 2989 30p890
11958 30.890 30.890 61959 2 2989 30p890
11959 30.890 30.890 61960 3 2989 30p890
11960 30.900 30.900 61961 0 2990 30p900
11961 30.900 30.900 61962 1 2990 30p900
11962 30.900 30.900 61963 2 2990 30p900
11963 30.900 30.900 61964 3 2990 30p900
11964 30.910 30.910 61965 0 2991 30p910
11965 30.910 30.910 61966 1 2991 30p910
11966 30.910 30.910 61967 2 2991 30p910
11967 30.910 30.910 61968 3 2991 30p910
11968 30.920 30.920 61969 0 2992 30p920
11969 30.920 30.920 61970 1 2992 30p920
11970 30.920 30.920 61971 2 2992 30p920
11971 30.920 30.920 61972 3 2992 30p920
11972 30.930 30.930 61973 0 2993 30p930
11973 30.930 30.930 61974 1 2993 30p930
11974 30.930 30.930 61975 2 2993 30p930
11975 30.930 30.930 61976 3 2993 30p930
11976 30.940 30.940 61977 0 2994 30p940
11977 30.940 30.940 61978 1 2994 30p940
11978 30.940 30.940 61979 2 2994 30p940
11979 30.940 30.940 61980 3 2994 30p940
11980 30.950 30.950 61981 0 2995 30p950
11981 30.950 30.950 61982 1 2995 30p950
11982 30.950 30.950 61983 2 2995 30p950
11983 30.950 30.950 61984 3 2995 30p950
11984 30.960 30.960 61985 0 2996 30p960
11985 30.960 30.960 61986 1 2996 30p960
11986 30.960 30.960 61987 2 2996 30p960
11987 30.960 30.960 61988 3 2996 30p960
11988 30.970 30.970 61989 0 2997 30p970
11989 30.970 30.970 61990 1 2997 30p970
11990 30.970 30.970 61991 2 2997 30p970
11991 30.970 30.970 61992 3 2997 30p970
11992 30.980 30.980 61993 0 2998 30p980
11993 30.980 30.980 61994 1 2998 30p980
11994 30.980 30.980 61995 2 2998 30p980
11995 30.980 30.980 61996 3 2998 30p980
11996 30.990 30.990 61997 0 2999 30p990
11997 30.990 30.990 61998 1 2999 30p990
11998 30.990 30.990 61999 2 2999 30p990
11999 30.990 30.990 62000 3 2999 30p990
12000 31.000 31.000 62001 0 3000 31p000
12001 31.000 31.000 62002 1 3000 31p000
12002 31.000 31.000 62003 2 3000 31p000
12003 31.000 31.000 62004 3 3000 31p000
12004 31.010 31.010 62005 0 3001 31p010
12005 31.010 31.010 62006 1 3001 31p010
12006 31.010 31.010 62007 2 3001 31p010
12007 31.010 31.010 62008 3 3001 31p010
12008 31.020 31.020 62009 0 3002 31p020
12009 31.020 31.020 62010 1 3002 31p020
12010 31.020 31.020 62011 2 3002 31p020
12011 31.020 31.020 62012 3 3002 31p020
12012 31.030 31.030 62013 0 3003 31p030
12013 31.030 31.030 62014 1 3003 31p030
12014 31.030 31.030 62015 2 3003 31p030
12015 31.030 31.030 62016 3 3003 31p030
12016 31.040 31.040 62017 0 3004 31p040
12017 31.040 31.040 62018 1 3004 31p040
12018 31.040 31.040 62019 2 3004 31p040
12019 31.040 31.040 62020 3 3004 31p040
12020 31.050 31.050 62021 0 3005 31p050
12021 31.050 31.050 62022 1 3005 31p050
12022 31.050 31.050 62023 2 3005 31p050
12023 31.050 31.050 62024 3 3005 31p050
12024 31.060 31.060 62025 0 3006 31p060
12025 31.060 31.060 62026 1 3006 31p060
12026 31.060 31.060 62027 2 3006 31p060
12027 31.060 31.060 62028 3 3006 31p060
12028 31.070 31.070 62029 0 3007 31p070
12029 31.070 31.070 62030 1 3007 31p070
12030 31.070 31.070 62031 2 3007 31p070
12031 31.070 31.070 62032 3 3007 31p070
12032 31.080 31.080 62033 0 3008 31p080
12033 31.080 31.080 62034 1 3008 31p080
12034 31.080 31.080 62035 2 3008 31p080
12035 31.080 31.080 62036 3 3008 31p080
12036 31.090 31.090 62037 0 3009 31p090
12037 31.090 31.090 62038 1 3009 31p090
12038 31.090 31.090 62039 2 3009 31p090
12039 31.090 31.090 62040 3 3009 31p090
12040 31.100 31.100 62041 0 3010 31p100
12041 31.100 31.100 62042 1 3010 31p100
12042 31.100 31.100 62043 2 3010 31p100
12043 31.100 31.100 62044 3 3010 31p100
12044 31.110 31.110 62045 0 3011 31p110
12045 31.110 31.110 62046 1 3011 31p110
12046 31.110 31.110 62047 2 3011 31p110
12047 31.110 31.110 62048 3 3011 31p110
12048 31.120 31.120 62049 0 3012 31p120
12049 31.120 31.120 62050 1 3012 31p120
12050 31.120 31.120 62051 2 3012 31p120
12051 31.120 31.120 62052 3 3012 31p120
12052 31.130 31.130 62053 0 3013 31p130
12053 31.130 31.130 62054 1 3013 31p130
12054 31.130 31.130 62055 2 3013 31p130
12055 31.130 31.130 62056 3 3013 31p130
12056 31.140 31.140 62057 0 3014 31p140
12057 31.140 31.140 62058 1 3014 31p140
12058 31.140 31.140 62059 2 3014 31p140
12059 31.140 31.140 62060 3 3014 31p140
12060 31.150 31.150 62061 0 3015 31p150
12061 31.150 31.150 62062 1 3015 31p150
12062 31.150 31.150 62063 2 3015 31p150
12063 31.150 31.150 62064 3 3015 31p150
12064 31.160 31.160 62065 0 3016 31p160
12065 31.160 31.160 62066 1 3016 31p160
12066 31.160 31.160 62067 2 3016 31p160
12067 31.160 31.160 62068 3 3016 31p160
12068 31.170 31.170 62069 0 3017 31p170
12069 31.170 31.170 62070 1 3017 31p170
12070 31.170 31.170 62071 2 3017 31p170
12071 31.170 31.170 62072 3 3017 31p170
12072 31.180 31.180 62073 0 3018 31p180
12073 31.180 31.180 62074 1 3018 31p180
12074 31.180 31.180 62075 2 3018 31p180
12075 31.180 31.180 62076 3 3018 31p180
12076 31.190 31.190 62077 0 3019 31p190
12077 31.190 31.190 62078 1 3019 31p190
12078 31.190 31.190 62079 2 3019 31p190
12079 31.190 31.190 62080 3 3019 31p190
12080 31.200 31.200 62081 0 3020 31p200
12081 31.200 31.200 62082 1 3020 31p200
12082 31.200 31.200 62083 2 3020 31p200
12083 31.200 31.200 62084 3 3020 31p200
12084 31.210 31.210 62085 0 3021 31p210
12085 31.210 31.210 62086 1 3021 31p210
12086 31.210 31.210 62087 2 3021 31p210
12087 31.210 31.210 62088 3 3021 31p210
12088 31.220 31.220 62089 0 3022 31p220
12089 31.220 31.220 62090 1 3022 31p220
12090 31.220 31.220 62091 2 3022 31p220
12091 31.220 31.220 62092 3 3022 31p220
12092 31.230 31.230 62093 0 3023 31p230
12093 31.230 31.230 62094 1 3023 31p230
12094 31.230 31.230 62095 2 3023 31p230
12095 31.230 31.230 62096 3 3023 31p230
12096 31.240 31.240 62097 0 3024 31p240
12097 31.240 31.240 62098 1 3024 31p240
12098 31.240 31.240 62099 2 3024 31p240
12099 31.240 31.240 62100 3 3024 31p240
12100 31.250 31.250 62101 0 3025 31p250
12101 31.250 31.250 62102 1 3025 31p250
12102 31.250 31.250 62103 2 3025 31p250
12103 31.250 31.250 62104 3 3025 31p250
12104 31.260 31.260 62105 0 3026 31p260
12105 31.260 31.260 62106 1 3026 31p260
12106 31.260 31.260 62107 2 3026 31p260
12107 31.260 31.260 62108 3 3026 31p260
12108 31.270 31.270 62109 0 3027 31p270
12109 31.270 31.270 62110 1 3027 31p270
12110 31.270 31.270 62111 2 3027 31p270
12111 31.270 31.270 62112 3 3027 31p270
12112 31.280 31.280 62113 0 3028 31p280
12113 31.280 31.280 62114 1 3028 31p280
12114 31.280 31.280 62115 2 3028 31p280
12115 31.280 31.280 62116 3 3028 31p280
12116 31.290 31.290 62117 0 3029 31p290
12117 31.290 31.290 62118 1 3029 31p290
12118 31.290 31.290 62119 2 3029 31p290
12119 31.290 31.290 62120 3 3029 31p290
12120 31.300 31.300 62121 0 3030 31p300
12121 31.300 31.300 62122 1 3030 31p300
12122 31.300 31.300 62123 2 3030 31p300
12123 31.300 31.300 62124 3 3030 31p300
12124 31.310 31.310 62125 0 3031 31p310
12125 31.310 31.310 62126 1 3031 31p310
12126 31.310 31.310 62127 2 3031 31p310
12127 31.310 31.310 62128 3 3031 31p310
12128 31.320 31.320 62129 0 3032 31p320
12129 31.320 31.320 62130 1 3032 31p320
12130 31.320 31.320 62131 2 3032 31p320
12131 31.320 31.320 62132 3 3032 31p320
12132 31.330 31.330 62133 0 3033 31p330
12133 31.330 31.330 62134 1 3033 31p330
12134 31.330 31.330 62135 2 3033 31p330
12135 31.330 31.330 62136 3 3033 31p330
12136 31.340 31.340 62137 0 3034 31p340
12137 31.340 31.340 62138 1 3034 31p340
12138 31.340 31.340 62139 2 3034 31p340
12139 31.340 31.340 62140 3 3034 31p340
12140 31.350 31.350 62141 0 3035 31p350
12141 31.350 31.350 62142 1 3035 31p350
12142 31.350 31.350 62143 2 3035 31p350
12143 31.350 31.350 62144 3 3035 31p350
12144 31.360 31.360 62145 0 3036 31p360
12145 31.360 31.360 62146 1 3036 31p360
12146 31.360 31.360 62147 2 3036 31p360
12147 31.360 31.360 62148 3 3036 31p360
12148 31.370 31.370 62149 0 3037 31p370
12149 31.370 31.370 62150 1 3037 31p370
12150 31.370 31.370 62151 2 3037 31p370
12151 31.370 31.370 62152 3 3037 31p370
12152 31.380 31.380 62153 0 3038 31p380
12153 31.380 31.380 62154 1 3038 31p380
12154 31.380 31.380 62155 2 3038 31p380
12155 31.380 31.380 62156 3 3038 31p380
12156 31.390 31.390 62157 0 3039 31p390
12157 31.390 31.390 62158 1 3039 31p390
12158 31.390 31.390 62159 2 3039 31p390
12159 31.390 31.390 62160 3 3039 31p390
12160 31.400 31.400 62161 0 3040 31p400
12161 31.400 31.400 62162 1 3040 31p400
12162 31.400 31.400 62163 2 3040 31p400
12163 31.400 31.400 62164 3 3040 31p400
12164 31.410 31.410 62165 0 3041 31p410
12165 31.410 31.410 62166 1 3041 31p410
12166 31.410 31.410 62167 2 3041 31p410
12167 31.410 31.410 62168 3 3041 31p410
12168 31.420 31.420 62169 0 3042 31p420
12169 31.420 31.420 62170 1 3042 31p420
12170 31.420 31.420 62171 2 3042 31p420
12171 31.420 31.420 62172 3 3042 31p420
12172 31.430 31.430 62173 0 3043 31p430
12173 31.430 31.430 62174 1 3043 31p430
12174 31.430 31.430 62175 2 3043 31p430
12175 31.430 31.430 62176 3 3043 31p430
12176 31.440 31.440 62177 0 3044 31p440
12177 31.440 31.440 62178 1 3044 31p440
12178 31.440 31.440 62179 2 3044 31p440
12179 31.440 31.440 62180 3 3044 31p440
12180 31.450 31.450 62181 0 3045 31p450
12181 31.450 31.450 62182 1 3045 31p450
12182 31.450 31.450 62183 2 3045 31p450
12183 31.450 31.450 62184 3 3045 31p450
12184 31.460 31.460 62185 0 3046 31p460
12185 31.460 31.460 62186 1 3046 31p460
12186 31.460 31.460 62187 2 3046 31p460
12187 31.460 31.460 62188 3 3046 31p460
12188 31.470 31.470 62189 0 3047 31p470
12189 31.470 31.470 62190 1 3047 31p470
12190 31.470 31.470 62191 2 3047 31p470
12191 31.470 31.470 62192 3 3047 31p470
12192 31.480 31.480 62193 0 3048 31p480
12193 31.480 31.480 62194 1 3048 31p480
12194 31.480 31.480 62195 2 3048 31p480
12195 31.480 31.480 62196 3 3048 31p480
12196 31.490 31.490 62197 0 3049 31p490
12197 31.490 31.490 62198 1 3049 31p490
12198 31.490 31.490 62199 2 3049 31p490
12199 31.490 31.490 62200 3 3049 31p490
12200 31.500 31.500 62201 0 3050 31p500
12201 31.500 31.500 62202 1 3050 31p500
12202 31.500 31.500 62203 2 3050 31p500
12203 31.500 31.500 62204 3 3050 31p500
12204 31.510 31.510 62205 0 3051 31p510
12205 31.510 31.510 62206 1 3051 31p510
12206 31.510 31.510 62207 2 3051 31p510
12207 31.510 31.510 62208 3 3051 31p510
12208 31.520 31.520 62209 0 3052 31p520
12209 31.520 31.520 62210 1 3052 31p520
12210 31.520 31.520 62211 2 3052 31p520
12211 31.520 31.520 62212 3 3052 31p520
12212 31.530 31.530 62213 0 3053 31p530
12213 31.530 31.530 62214 1 3053 31p530
12214 31.530 31.530 62215 2 3053 31p530
12215 31.530 31.530 62216 3 3053 31p530
12216 31.540 31.540 62217 0 3054 31p540
12217 31.540 31.540 62218 1 3054 31p540
12218 31.540 31.540 62219 2 3054 31p540
12219 31.540 31.540 62220 3 3054 31p540
12220 31.550 31.550 62221 0 3055 31p550
12221 31.550 31.550 62222 1 3055 31p550
12222 31.550 31.550 62223 2 3055 31p550
12223 31.550 31.550 62224 3 3055 31p550
12224 31.560 31.560 62225 0 3056 31p560
12225 31.560 31.560 62226 1 3056 31p560
12226 31.560 31.560 62227 2 3056 31p560
12227 31.560 31.560 62228 3 3056 31p560
12228 31.570 31.570 62229 0 3057 31p570
12229 31.570 31.570 62230 1 3057 31p570
12230 31.570 31.570 62231 2 3057 31p570
12231 31.570 31.570 62232 3 3057 31p570
12232 31.580 31.580 62233 0 3058 31p580
12233 31.580 31.580 62234 1 3058 31p580
12234 31.580 31.580 62235 2 3058 31p580
12235 31.580 31.580 62236 3 3058 31p580
12236 31.590 31.590 62237 0 3059 31p590
12237 31.590 31.590 62238 1 3059 31p590
12238 31.590 31.590 62239 2 3059 31p590
12239 31.590 31.590 62240 3 3059 31p590
12240 31.600 31.600 62241 0 3060 31p600
12241 31.600 31.600 62242 1 3060 31p600
12242 31.600 31.600 62243 2 3060 31p600
12243 31.600 31.600 62244 3 3060 31p600
12244 31.610 31.610 62245 0 3061 31p610
12245 31.610 31.610 62246 1 3061 31p610
12246 31.610 31.610 62247 2 3061 31p610
12247 31.610 31.610 62248 3 3061 31p610
12248 31.620 31.620 62249 0 3062 31p620
12249 31.620 31.620 62250 1 3062 31p620
12250 31.620 31.620 62251 2 3062 31p620
12251 31.620 31.620 62252 3 3062 31p620
12252 31.630 31.630 62253 0 3063 31p630
12253 31.630 31.630 62254 1 3063 31p630
12254 31.630 31.630 62255 2 3063 31p630
12255 31.630 31.630 62256 3 3063 31p630
12256 31.640 31.640 62257 0 3064 31p640
12257 31.640 31.640 62258 1 3064 31p640
12258 31.640 31.640 62259 2 3064 31p640
12259 31.640 31.640 62260 3 3064 31p640
12260 31.650 31.650 62261 0 3065 31p650
12261 31.650 31.650 62262 1 3065 31p650
12262 31.650 31.650 62263 2 3065 31p650
12263 31.650 31.650 62264 3 3065 31p650
12264 31.660 31.660 62265 0 3066 31p660
12265 31.660 31.660 62266 1 3066 31p660
12266 31.660 31.660 62267 2 3066 31p660
12267 31.660 31.660 62268 3 3066 31p660
12268 31.670 31.670 62269 0 3067 31p670
12269 31.670 31.670 62270 1 3067 31p670
12270 31.670 31.670 62271 2 3067 31p670
12271 31.670 31.670 62272 3 3067 31p670
12272 31.680 31.680 62273 0 3068 31p680
12273 31.680 31.680 62274 1 3068 31p680
12274 31.680 31.680 62275 2 3068 31p680
12275 31.680 31.680 62276 3 3068 31p680
12276 31.690 31.690 62277 0 3069 31p690
12277 31.690 31.690 62278 1 3069 31p690
12278 31.690 31.690 62279 2 3069 31p690
12279 31.690 31.690 62280 3 3069 31p690
12280 31.700 31.700 62281 0 3070 31p700
12281 31.700 31.700 62282 1 3070 31p700
12282 31.700 31.700 62283 2 3070 31p700
12283 31.700 31.700 62284 3 3070 31p700
12284 31.710 31.710 62285 0 3071 31p710
12285 31.710 31.710 62286 1 3071 31p710
12286 31.710 31.710 62287 2 3071 31p710
12287 31.710 31.710 62288 3 3071 31p710
12288 31.720 31.720 62289 0 3072 31p720
12289 31.720 31.720 62290 1 3072 31p720
12290 31.720 31.720 62291 2 3072 31p720
12291 31.720 31.720 62292 3 3072 31p720
12292 31.730 31.730 62293 0 3073 31p730
12293 31.730 31.730 62294 1 3073 31p730
12294 31.730 31.730 62295 2 3073 31p730
12295 31.730 31.730 62296 3 3073 31p730
12296 31.740 31.740 62297 0 3074 31p740
12297 31.740 31.740 62298 1 3074 31p740
12298 31.740 31.740 62299 2 3074 31p740
12299 31.740 31.740 62300 3 3074 31p740
12300 31.750 31.750 62301 0 3075 31p750
12301 31.750 31.750 62302 1 3075 31p750
12302 31.750 31.750 62303 2 3075 31p750
12303 31.750 31.750 62304 3 3075 31p750
12304 31.760 31.760 62305 0 3076 31p760
12305 31.760 31.760 62306 1 3076 31p760
12306 31.760 31.760 62307 2 3076 31p760
12307 31.760 31.760 62308 3 3076 31p760
12308 31.770 31.770 62309 0 3077 31p770
12309 31.770 31.770 62310 1 3077 31p770
12310 31.770 31.770 62311 2 3077 31p770
12311 31.770 31.770 62312 3 3077 31p770
12312 31.780 31.780 62313 0 3078 31p780
12313 31.780 31.780 62314 1 3078 31p780
12314 31.780 31.780 62315 2 3078 31p780
12315 31.780 31.780 62316 3 3078 31p780
12316 31.790 31.790 62317 0 3079 31p790
12317 31.790 31.790 62318 1 3079 31p790
12318 31.790 31.790 62319 2 3079 31p790
12319 31.790 31.790 62320 3 3079 31p790
12320 31.800 31.800 62321 0 3080 31p800
12321 31.800 31.800 62322 1 3080 31p800
12322 31.800 31.800 62323 2 3080 31p800
12323 31.800 31.800 62324 3 3080 31p800
12324 31.810 31.810 62325 0 3081 31p810
12325 31.810 31.810 62326 1 3081 31p810
12326 31.810 31.810 62327 2 3081 31p810
12327 31.810 31.810 62328 3 3081 31p810
12328 31.820 31.820 62329 0 3082 31p820
12329 31.820 31.820 62330 1 3082 31p820
12330 31.820 31.820 62331 2 3082 31p820
12331 31.820 31.820 62332 3 3082 31p820
12332 31.830 31.830 62333 0 3083 31p830
12333 31.830 31.830 62334 1 3083 31p830
12334 31.830 31.830 62335 2 3083 31p830
12335 31.830 31.830 62336 3 3083 31p830
12336 31.840 31.840 62337 0 3084 31p840
12337 31.840 31.840 62338 1 3084 31p840
12338 31.840 31.840 62339 2 3084 31p840
12339 31.840 31.840 62340 3 3084 31p840
12340 31.850 31.850 62341 0 3085 31p850
12341 31.850 31.850 62342 1 3085 31p850
12342 31.850 31.850 62343 2 3085 31p850
12343 31.850 31.850 62344 3 3085 31p850
12344 31.860 31.860 62345 0 3086 31p860
12345 31.860 31.860 62346 1 3086 31p860
12346 31.860 31.860 62347 2 3086 31p860
12347 31.860 31.860 62348 3 3086 31p860
12348 31.870 31.870 62349 0 3087 31p870
12349 31.870 31.870 62350 1 3087 31p870
12350 31.870 31.870 62351 2 3087 31p870
12351 31.870 31.870 62352 3 3087 31p870
12352 31.880 31.880 62353 0 3088 31p880
12353 31.880 31.880 62354 1 3088 31p880
12354 31.880 31.880 62355 2 3088 31p880
12355 31.880 31.880 62356 3 3088 31p880
12356 31.890 31.890 62357 0 3089 31p890
12357 31.890 31.890 62358 1 3089 31p890
12358 31.890 31.890 62359 2 3089 31p890
12359 31.890 31.890 62360 3 3089 31p890
12360 31.900 31.900 62361 0 3090 31p900
12361 31.900 31.900 62362 1 3090 31p900
12362 31.900 31.900 62363 2 3090 31p900
12363 31.900 31.900 62364 3 3090 31p900
12364 31.910 31.910 62365 0 3091 31p910
12365 31.910 31.910 62366 1 3091 31p910
12366 31.910 31.910 62367 2 3091 31p910
12367 31.910 31.910 62368 3 3091 31p910
12368 31.920 31.920 62369 0 3092 31p920
12369 31.920 31.920 62370 1 3092 31p920
12370 31.920 31.920 62371 2 3092 31p920
12371 31.920 31.920 62372 3 3092 31p920
12372 31.930 31.930 62373 0 3093 31p930
12373 31.930 31.930 62374 1 3093 31p930
12374 31.930 31.930 62375 2 3093 31p930
12375 31.930 31.930 62376 3 3093 31p930
12376 31.940 31.940 62377 0 3094 31p940
12377 31.940 31.940 62378 1 3094 31p940
12378 31.940 31.940 62379 2 3094 31p940
12379 31.940 31.940 62380 3 3094 31p940
12380 31.950 31.950 62381 0 3095 31p950
12381 31.950 31.950 62382 1 3095 31p950
12382 31.950 31.950 62383 2 3095 31p950
12383 31.950 31.950 62384 3 3095 31p950
12384 31.960 31.960 62385 0 3096 31p960
12385 31.960 31.960 62386 1 3096 31p960
12386 31.960 31.960 62387 2 3096 31p960
12387 31.960 31.960 62388 3 3096 31p960
12388 31.970 31.970 62389 0 3097 31p970
12389 31.970 31.970 62390 1 3097 31p970
12390 31.970 31.970 62391 2 3097 31p970
12391 31.970 31.970 62392 3 3097 31p970
12392 31.980 31.980 62393 0 3098 31p980
12393 31.980 31.980 62394 1 3098 31p980
12394 31.980 31.980 62395 2 3098 31p980
12395 31.980 31.980 62396 3 3098 31p980
12396 31.990 31.990 62397 0 3099 31p990
12397 31.990 31.990 62398 1 3099 31p990
12398 31.990 31.990 62399 2 3099 31p990
12399 31.990 31.990 62400 3 3099 31p990
12400 32.000 32.000 62401 0 3100 32p000
12401 32.000 32.000 62402 1 3100 32p000
12402 32.000 32.000 62403 2 3100 32p000
12403 32.000 32.000 62404 3 3100 32p000
12404 32.010 32.010 62405 0 3101 32p010
12405 32.010 32.010 62406 1 3101 32p010
12406 32.010 32.010 62407 2 3101 32p010
12407 32.010 32.010 62408 3 3101 32p010
12408 32.020 32.020 62409 0 3102 32p020
12409 32.020 32.020 62410 1 3102 32p020
12410 32.020 32.020 62411 2 3102 32p020
12411 32.020 32.020 62412 3 3102 32p020
12412 32.030 32.030 62413 0 3103 32p030
12413 32.030 32.030 62414 1 3103 32p030
12414 32.030 32.030 62415 2 3103 32p030
12415 32.030 32.030 62416 3 3103 32p030
12416 32.040 32.040 62417 0 3104 32p040
12417 32.040 32.040 62418 1 3104 32p040
12418 32.040 32.040 62419 2 3104 32p040
12419 32.040 32.040 62420 3 3104 32p040
12420 32.050 32.050 62421 0 3105 32p050
12421 32.050 32.050 62422 1 3105 32p050
12422 32.050 32.050 62423 2 3105 32p050
12423 32.050 32.050 62424 3 3105 32p050
12424 32.060 32.060 62425 0 3106 32p060
12425 32.060 32.060 62426 1 3106 32p060
12426 32.060 32.060 62427 2 3106 32p060
12427 32.060 32.060 62428 3 3106 32p060
12428 32.070 32.070 62429 0 3107 32p070
12429 32.070 32.070 62430 1 3107 32p070
12430 32.070 32.070 62431 2 3107 32p070
12431 32.070 32.070 62432 3 3107 32p070
12432 32.080 32.080 62433 0 3108 32p080
12433 32.080 32.080 62434 1 3108 32p080
12434 32.080 32.080 62435 2 3108 32p080
12435 32.080 32.080 62436 3 3108 32p080
12436 32.090 32.090 62437 0 3109 32p090
12437 32.090 32.090 62438 1 3109 32p090
12438 32.090 32.090 62439 2 3109 32p090
12439 32.090 32.090 62440 3 3109 32p090
12440 32.100 32.100 62441 0 3110 32p100
12441 32.100 32.100 62442 1 3110 32p100
12442 32.100 32.100 62443 2 3110 32p100
12443 32.100 32.100 62444 3 3110 32p100
12444 32.110 32.110 62445 0 3111 32p110
12445 32.110 32.110 62446 1 3111 32p110
12446 32.110 32.110 62447 2 3111 32p110
12447 32.110 32.110 62448 3 3111 32p110
12448 32.120 32.120 62449 0 3112 32p120
12449 32.120 32.120 62450 1 3112 32p120
12450 32.120 32.120 62451 2 3112 32p120
12451 32.120 32.120 62452 3 3112 32p120
12452 32.130 32.130 62453 0 3113 32p130
12453 32.130 32.130 62454 1 3113 32p130
12454 32.130 32.130 62455 2 3113 32p130
12455 32.130 32.130 62456 3 3113 32p130
12456 32.140 32.140 62457 0 3114 32p140
12457 32.140 32.140 62458 1 3114 32p140
12458 32.140 32.140 62459 2 3114 32p140
12459 32.140 32.140 62460 3 3114 32p140
12460 32.150 32.150 62461 0 3115 32p150
12461 32.150 32.150 62462 1 3115 32p150
12462 32.150 32.150 62463 2 3115 32p150
12463 32.150 32.150 62464 3 3115 32p150
12464 32.160 32.160 62465 0 3116 32p160
12465 32.160 32.160 62466 1 3116 32p160
12466 32.160 32.160 62467 2 3116 32p160
12467 32.160 32.160 62468 3 3116 32p160
12468 32.170 32.170 62469 0 3117 32p170
12469 32.170 32.170 62470 1 3117 32p170
12470 32.170 32.170 62471 2 3117 32p170
12471 32.170 32.170 62472 3 3117 32p170
12472 32.180 32.180 62473 0 3118 32p180
12473 32.180 32.180 62474 1 3118 32p180
12474 32.180 32.180 62475 2 3118 32p180
12475 32.180 32.180 62476 3 3118 32p180
12476 32.190 32.190 62477 0 3119 32p190
12477 32.190 32.190 62478 1 3119 32p190
12478 32.190 32.190 62479 2 3119 32p190
12479 32.190 32.190 62480 3 3119 32p190
12480 32.200 32.200 62481 0 3120 32p200
12481 32.200 32.200 62482 1 3120 32p200
12482 32.200 32.200 62483 2 3120 32p200
12483 32.200 32.200 62484 3 3120 32p200
12484 32.210 32.210 62485 0 3121 32p210
12485 32.210 32.210 62486 1 3121 32p210
12486 32.210 32.210 62487 2 3121 32p210
12487 32.210 32.210 62488 3 3121 32p210
12488 32.220 32.220 62489 0 3122 32p220
12489 32.220 32.220 62490 1 3122 32p220
12490 32.220 32.220 62491 2 3122 32p220
12491 32.220 32.220 62492 3 3122 32p220
12492 32.230 32.230 62493 0 3123 32p230
12493 32.230 32.230 62494 1 3123 32p230
12494 32.230 32.230 62495 2 3123 32p230
12495 32.230 32.230 62496 3 3123 32p230
12496 32.240 32.240 62497 0 3124 32p240
12497 32.240 32.240 62498 1 3124 32p240
12498 32.240 32.240 62499 2 3124 32p240
12499 32.240 32.240 62500 3 3124 32p240
12500 32.250 32.250 62501 0 3125 32p250
12501 32.250 32.250 62502 1 3125 32p250
12502 32.250 32.250 62503 2 3125 32p250
12503 32.250 32.250 62504 3 3125 32p250
12504 32.260 32.260 62505 0 3126 32p260
12505 32.260 32.260 62506 1 3126 32p260
12506 32.260 32.260 62507 2 3126 32p260
12507 32.260 32.260 62508 3 3126 32p260
12508 32.270 32.270 62509 0 3127 32p270
12509 32.270 32.270 62510 1 3127 32p270
12510 32.270 32.270 62511 2 3127 32p270
12511 32.270 32.270 62512 3 3127 32p270
12512 32.280 32.280 62513 0 3128 32p280
12513 32.280 32.280 62514 1 3128 32p280
12514 32.280 32.280 62515 2 3128 32p280
12515 32.280 32.280 62516 3 3128 32p280
12516 32.290 32.290 62517 0 3129 32p290
12517 32.290 32.290 62518 1 3129 32p290
12518 32.290 32.290 62519 2 3129 32p290
12519 32.290 32.290 62520 3 3129 32p290
12520 32.300 32.300 62521 0 3130 32p300
12521 32.300 32.300 62522 1 3130 32p300
12522 32.300 32.300 62523 2 3130 32p300
12523 32.300 32.300 62524 3 3130 32p300
12524 32.310 32.310 62525 0 3131 32p310
12525 32.310 32.310 62526 1 3131 32p310
12526 32.310 32.310 62527 2 3131 32p310
12527 32.310 32.310 62528 3 3131 32p310
12528 32.320 32.320 62529 0 3132 32p320
12529 32.320 32.320 62530 1 3132 32p320
12530 32.320 32.320 62531 2 3132 32p320
12531 32.320 32.320 62532 3 3132 32p320
12532 32.330 32.330 62533 0 3133 32p330
12533 32.330 32.330 62534 1 3133 32p330
12534 32.330 32.330 62535 2 3133 32p330
12535 32.330 32.330 62536 3 3133 32p330
12536 32.340 32.340 62537 0 3134 32p340
12537 32.340 32.340 62538 1 3134 32p340
12538 32.340 32.340 62539 2 3134 32p340
12539 32.340 32.340 62540 3 3134 32p340
12540 32.350 32.350 62541 0 3135 32p350
12541 32.350 32.350 62542 1 3135 32p350
12542 32.350 32.350 62543 2 3135 32p350
12543 32.350 32.350 62544 3 3135 32p350
12544 32.360 32.360 62545 0 3136 32p360
12545 32.360 32.360 62546 1 3136 32p360
12546 32.360 32.360 62547 2 3136 32p360
12547 32.360 32.360 62548 3 3136 32p360
12548 32.370 32.370 62549 0 3137 32p370
12549 32.370 32.370 62550 1 3137 32p370
12550 32.370 32.370 62551 2 3137 32p370
12551 32.370 32.370 62552 3 3137 32p370
12552 32.380 32.380 62553 0 3138 32p380
12553 32.380 32.380 62554 1 3138 32p380
12554 32.380 32.380 62555 2 3138 32p380
12555 32.380 32.380 62556 3 3138 32p380
12556 32.390 32.390 62557 0 3139 32p390
12557 32.390 32.390 62558 1 3139 32p390
12558 32.390 32.390 62559 2 3139 32p390
12559 32.390 32.390 62560 3 3139 32p390
12560 32.400 32.400 62561 0 3140 32p400
12561 32.400 32.400 62562 1 3140 32p400
12562 32.400 32.400 62563 2 3140 32p400
12563 32.400 32.400 62564 3 3140 32p400
12564 32.410 32.410 62565 0 3141 32p410
12565 32.410 32.410 62566 1 3141 32p410
12566 32.410 32.410 62567 2 3141 32p410
12567 32.410 32.410 62568 3 3141 32p410
12568 32.420 32.420 62569 0 3142 32p420
12569 32.420 32.420 62570 1 3142 32p420
12570 32.420 32.420 62571 2 3142 32p420
12571 32.420 32.420 62572 3 3142 32p420
12572 32.430 32.430 62573 0 3143 32p430
12573 32.430 32.430 62574 1 3143 32p430
12574 32.430 32.430 62575 2 3143 32p430
12575 32.430 32.430 62576 3 3143 32p430
12576 32.440 32.440 62577 0 3144 32p440
12577 32.440 32.440 62578 1 3144 32p440
12578 32.440 32.440 62579 2 3144 32p440
12579 32.440 32.440 62580 3 3144 32p440
12580 32.450 32.450 62581 0 3145 32p450
12581 32.450 32.450 62582 1 3145 32p450
12582 32.450 32.450 62583 2 3145 32p450
12583 32.450 32.450 62584 3 3145 32p450
12584 32.460 32.460 62585 0 3146 32p460
12585 32.460 32.460 62586 1 3146 32p460
12586 32.460 32.460 62587 2 3146 32p460
12587 32.460 32.460 62588 3 3146 32p460
12588 32.470 32.470 62589 0 3147 32p470
12589 32.470 32.470 62590 1 3147 32p470
12590 32.470 32.470 62591 2 3147 32p470
12591 32.470 32.470 62592 3 3147 32p470
12592 32.480 32.480 62593 0 3148 32p480
12593 32.480 32.480 62594 1 3148 32p480
12594 32.480 32.480 62595 2 3148 32p480
12595 32.480 32.480 62596 3 3148 32p480
12596 32.490 32.490 62597 0 3149 32p490
12597 32.490 32.490 62598 1 3149 32p490
12598 32.490 32.490 62599 2 3149 32p490
12599 32.490 32.490 62600 3 3149 32p490
12600 32.500 32.500 62601 0 3150 32p500
12601 32.500 32.500 62602 1 3150 32p500
12602 32.500 32.500 62603 2 3150 32p500
12603 32.500 32.500 62604 3 3150 32p500
12604 32.510 32.510 62605 0 3151 32p510
12605 32.510 32.510 62606 1 3151 32p510
12606 32.510 32.510 62607 2 3151 32p510
12607 32.510 32.510 62608 3 3151 32p510
12608 32.520 32.520 62609 0 3152 32p520
12609 32.520 32.520 62610 1 3152 32p520
12610 32.520 32.520 62611 2 3152 32p520
12611 32.520 32.520 62612 3 3152 32p520
12612 32.530 32.530 62613 0 3153 32p530
12613 32.530 32.530 62614 1 3153 32p530
12614 32.530 32.530 62615 2 3153 32p530
12615 32.530 32.530 62616 3 3153 32p530
12616 32.540 32.540 62617 0 3154 32p540
12617 32.540 32.540 62618 1 3154 32p540
12618 32.540 32.540 62619 2 3154 32p540
12619 32.540 32.540 62620 3 3154 32p540
12620 32.550 32.550 62621 0 3155 32p550
12621 32.550 32.550 62622 1 3155 32p550
12622 32.550 32.550 62623 2 3155 32p550
12623 32.550 32.550 62624 3 3155 32p550
12624 32.560 32.560 62625 0 3156 32p560
12625 32.560 32.560 62626 1 3156 32p560
12626 32.560 32.560 62627 2 3156 32p560
12627 32.560 32.560 62628 3 3156 32p560
12628 32.570 32.570 62629 0 3157 32p570
12629 32.570 32.570 62630 1 3157 32p570
12630 32.570 32.570 62631 2 3157 32p570
12631 32.570 32.570 62632 3 3157 32p570
12632 32.580 32.580 62633 0 3158 32p580
12633 32.580 32.580 62634 1 3158 32p580
12634 32.580 32.580 62635 2 3158 32p580
12635 32.580 32.580 62636 3 3158 32p580
12636 32.590 32.590 62637 0 3159 32p590
12637 32.590 32.590 62638 1 3159 32p590
12638 32.590 32.590 62639 2 3159 32p590
12639 32.590 32.590 62640 3 3159 32p590
12640 32.600 32.600 62641 0 3160 32p600
12641 32.600 32.600 62642 1 3160 32p600
12642 32.600 32.600 62643 2 3160 32p600
12643 32.600 32.600 62644 3 3160 32p600
12644 32.610 32.610 62645 0 3161 32p610
12645 32.610 32.610 62646 1 3161 32p610
12646 32.610 32.610 62647 2 3161 32p610
12647 32.610 32.610 62648 3 3161 32p610
12648 32.620 32.620 62649 0 3162 32p620
12649 32.620 32.620 62650 1 3162 32p620
12650 32.620 32.620 62651 2 3162 32p620
12651 32.620 32.620 62652 3 3162 32p620
12652 32.630 32.630 62653 0 3163 32p630
12653 32.630 32.630 62654 1 3163 32p630
12654 32.630 32.630 62655 2 3163 32p630
12655 32.630 32.630 62656 3 3163 32p630
12656 32.640 32.640 62657 0 3164 32p640
12657 32.640 32.640 62658 1 3164 32p640
12658 32.640 32.640 62659 2 3164 32p640
12659 32.640 32.640 62660 3 3164 32p640
12660 32.650 32.650 62661 0 3165 32p650
12661 32.650 32.650 62662 1 3165 32p650
12662 32.650 32.650 62663 2 3165 32p650
12663 32.650 32.650 62664 3 3165 32p650
12664 32.660 32.660 62665 0 3166 32p660
12665 32.660 32.660 62666 1 3166 32p660
12666 32.660 32.660 62667 2 3166 32p660
12667 32.660 32.660 62668 3 3166 32p660
12668 32.670 32.670 62669 0 3167 32p670
12669 32.670 32.670 62670 1 3167 32p670
12670 32.670 32.670 62671 2 3167 32p670
12671 32.670 32.670 62672 3 3167 32p670
12672 32.680 32.680 62673 0 3168 32p680
12673 32.680 32.680 62674 1 3168 32p680
12674 32.680 32.680 62675 2 3168 32p680
12675 32.680 32.680 62676 3 3168 32p680
12676 32.690 32.690 62677 0 3169 32p690
12677 32.690 32.690 62678 1 3169 32p690
12678 32.690 32.690 62679 2 3169 32p690
12679 32.690 32.690 62680 3 3169 32p690
12680 32.700 32.700 62681 0 3170 32p700
12681 32.700 32.700 62682 1 3170 32p700
12682 32.700 32.700 62683 2 3170 32p700
12683 32.700 32.700 62684 3 3170 32p700
12684 32.710 32.710 62685 0 3171 32p710
12685 32.710 32.710 62686 1 3171 32p710
12686 32.710 32.710 62687 2 3171 32p710
12687 32.710 32.710 62688 3 3171 32p710
12688 32.720 32.720 62689 0 3172 32p720
12689 32.720 32.720 62690 1 3172 32p720
12690 32.720 32.720 62691 2 3172 32p720
12691 32.720 32.720 62692 3 3172 32p720
12692 32.730 32.730 62693 0 3173 32p730
12693 32.730 32.730 62694 1 3173 32p730
12694 32.730 32.730 62695 2 3173 32p730
12695 32.730 32.730 62696 3 3173 32p730
12696 32.740 32.740 62697 0 3174 32p740
12697 32.740 32.740 62698 1 3174 32p740
12698 32.740 32.740 62699 2 3174 32p740
12699 32.740 32.740 62700 3 3174 32p740
12700 32.750 32.750 62701 0 3175 32p750
12701 32.750 32.750 62702 1 3175 32p750
12702 32.750 32.750 62703 2 3175 32p750
12703 32.750 32.750 62704 3 3175 32p750
12704 32.760 32.760 62705 0 3176 32p760
12705 32.760 32.760 62706 1 3176 32p760
12706 32.760 32.760 62707 2 3176 32p760
12707 32.760 32.760 62708 3 3176 32p760
12708 32.770 32.770 62709 0 3177 32p770
12709 32.770 32.770 62710 1 3177 32p770
12710 32.770 32.770 62711 2 3177 32p770
12711 32.770 32.770 62712 3 3177 32p770
12712 32.780 32.780 62713 0 3178 32p780
12713 32.780 32.780 62714 1 3178 32p780
12714 32.780 32.780 62715 2 3178 32p780
12715 32.780 32.780 62716 3 3178 32p780
12716 32.790 32.790 62717 0 3179 32p790
12717 32.790 32.790 62718 1 3179 32p790
12718 32.790 32.790 62719 2 3179 32p790
12719 32.790 32.790 62720 3 3179 32p790
12720 32.800 32.800 62721 0 3180 32p800
12721 32.800 32.800 62722 1 3180 32p800
12722 32.800 32.800 62723 2 3180 32p800
12723 32.800 32.800 62724 3 3180 32p800
12724 32.810 32.810 62725 0 3181 32p810
12725 32.810 32.810 62726 1 3181 32p810
12726 32.810 32.810 62727 2 3181 32p810
12727 32.810 32.810 62728 3 3181 32p810
12728 32.820 32.820 62729 0 3182 32p820
12729 32.820 32.820 62730 1 3182 32p820
12730 32.820 32.820 62731 2 3182 32p820
12731 32.820 32.820 62732 3 3182 32p820
12732 32.830 32.830 62733 0 3183 32p830
12733 32.830 32.830 62734 1 3183 32p830
12734 32.830 32.830 62735 2 3183 32p830
12735 32.830 32.830 62736 3 3183 32p830
12736 32.840 32.840 62737 0 3184 32p840
12737 32.840 32.840 62738 1 3184 32p840
12738 32.840 32.840 62739 2 3184 32p840
12739 32.840 32.840 62740 3 3184 32p840
12740 32.850 32.850 62741 0 3185 32p850
12741 32.850 32.850 62742 1 3185 32p850
12742 32.850 32.850 62743 2 3185 32p850
12743 32.850 32.850 62744 3 3185 32p850
12744 32.860 32.860 62745 0 3186 32p860
12745 32.860 32.860 62746 1 3186 32p860
12746 32.860 32.860 62747 2 3186 32p860
12747 32.860 32.860 62748 3 3186 32p860
12748 32.870 32.870 62749 0 3187 32p870
12749 32.870 32.870 62750 1 3187 32p870
12750 32.870 32.870 62751 2 3187 32p870
12751 32.870 32.870 62752 3 3187 32p870
12752 32.880 32.880 62753 0 3188 32p880
12753 32.880 32.880 62754 1 3188 32p880
12754 32.880 32.880 62755 2 3188 32p880
12755 32.880 32.880 62756 3 3188 32p880
12756 32.890 32.890 62757 0 3189 32p890
12757 32.890 32.890 62758 1 3189 32p890
12758 32.890 32.890 62759 2 3189 32p890
12759 32.890 32.890 62760 3 3189 32p890
12760 32.900 32.900 62761 0 3190 32p900
12761 32.900 32.900 62762 1 3190 32p900
12762 32.900 32.900 62763 2 3190 32p900
12763 32.900 32.900 62764 3 3190 32p900
12764 32.910 32.910 62765 0 3191 32p910
12765 32.910 32.910 62766 1 3191 32p910
12766 32.910 32.910 62767 2 3191 32p910
12767 32.910 32.910 62768 3 3191 32p910
12768 32.920 32.920 62769 0 3192 32p920
12769 32.920 32.920 62770 1 3192 32p920
12770 32.920 32.920 62771 2 3192 32p920
12771 32.920 32.920 62772 3 3192 32p920
12772 32.930 32.930 62773 0 3193 32p930
12773 32.930 32.930 62774 1 3193 32p930
12774 32.930 32.930 62775 2 3193 32p930
12775 32.930 32.930 62776 3 3193 32p930
12776 32.940 32.940 62777 0 3194 32p940
12777 32.940 32.940 62778 1 3194 32p940
12778 32.940 32.940 62779 2 3194 32p940
12779 32.940 32.940 62780 3 3194 32p940
12780 32.950 32.950 62781 0 3195 32p950
12781 32.950 32.950 62782 1 3195 32p950
12782 32.950 32.950 62783 2 3195 32p950
12783 32.950 32.950 62784 3 3195 32p950
12784 32.960 32.960 62785 0 3196 32p960
12785 32.960 32.960 62786 1 3196 32p960
12786 32.960 32.960 62787 2 3196 32p960
12787 32.960 32.960 62788 3 3196 32p960
12788 32.970 32.970 62789 0 3197 32p970
12789 32.970 32.970 62790 1 3197 32p970
12790 32.970 32.970 62791 2 3197 32p970
12791 32.970 32.970 62792 3 3197 32p970
12792 32.980 32.980 62793 0 3198 32p980
12793 32.980 32.980 62794 1 3198 32p980
12794 32.980 32.980 62795 2 3198 32p980
12795 32.980 32.980 62796 3 3198 32p980
12796 32.990 32.990 62797 0 3199 32p990
12797 32.990 32.990 62798 1 3199 32p990
12798 32.990 32.990 62799 2 3199 32p990
12799 32.990 32.990 62800 3 3199 32p990
12800 33.000 33.000 62801 0 3200 33p000
12801 33.000 33.000 62802 1 3200 33p000
12802 33.000 33.000 62803 2 3200 33p000
12803 33.000 33.000 62804 3 3200 33p000
12804 33.010 33.010 62805 0 3201 33p010
12805 33.010 33.010 62806 1 3201 33p010
12806 33.010 33.010 62807 2 3201 33p010
12807 33.010 33.010 62808 3 3201 33p010
12808 33.020 33.020 62809 0 3202 33p020
12809 33.020 33.020 62810 1 3202 33p020
12810 33.020 33.020 62811 2 3202 33p020
12811 33.020 33.020 62812 3 3202 33p020
12812 33.030 33.030 62813 0 3203 33p030
12813 33.030 33.030 62814 1 3203 33p030
12814 33.030 33.030 62815 2 3203 33p030
12815 33.030 33.030 62816 3 3203 33p030
12816 33.040 33.040 62817 0 3204 33p040
12817 33.040 33.040 62818 1 3204 33p040
12818 33.040 33.040 62819 2 3204 33p040
12819 33.040 33.040 62820 3 3204 33p040
12820 33.050 33.050 62821 0 3205 33p050
12821 33.050 33.050 62822 1 3205 33p050
12822 33.050 33.050 62823 2 3205 33p050
12823 33.050 33.050 62824 3 3205 33p050
12824 33.060 33.060 62825 0 3206 33p060
12825 33.060 33.060 62826 1 3206 33p060
12826 33.060 33.060 62827 2 3206 33p060
12827 33.060 33.060 62828 3 3206 33p060
12828 33.070 33.070 62829 0 3207 33p070
12829 33.070 33.070 62830 1 3207 33p070
12830 33.070 33.070 62831 2 3207 33p070
12831 33.070 33.070 62832 3 3207 33p070
12832 33.080 33.080 62833 0 3208 33p080
12833 33.080 33.080 62834 1 3208 33p080
12834 33.080 33.080 62835 2 3208 33p080
12835 33.080 33.080 62836 3 3208 33p080
12836 33.090 33.090 62837 0 3209 33p090
12837 33.090 33.090 62838 1 3209 33p090
12838 33.090 33.090 62839 2 3209 33p090
12839 33.090 33.090 62840 3 3209 33p090
12840 33.100 33.100 62841 0 3210 33p100
12841 33.100 33.100 62842 1 3210 33p100
12842 33.100 33.100 62843 2 3210 33p100
12843 33.100 33.100 62844 3 3210 33p100
12844 33.110 33.110 62845 0 3211 33p110
12845 33.110 33.110 62846 1 3211 33p110
12846 33.110 33.110 62847 2 3211 33p110
12847 33.110 33.110 62848 3 3211 33p110
12848 33.120 33.120 62849 0 3212 33p120
12849 33.120 33.120 62850 1 3212 33p120
12850 33.120 33.120 62851 2 3212 33p120
12851 33.120 33.120 62852 3 3212 33p120
12852 33.130 33.130 62853 0 3213 33p130
12853 33.130 33.130 62854 1 3213 33p130
12854 33.130 33.130 62855 2 3213 33p130
12855 33.130 33.130 62856 3 3213 33p130
12856 33.140 33.140 62857 0 3214 33p140
12857 33.140 33.140 62858 1 3214 33p140
12858 33.140 33.140 62859 2 3214 33p140
12859 33.140 33.140 62860 3 3214 33p140
12860 33.150 33.150 62861 0 3215 33p150
12861 33.150 33.150 62862 1 3215 33p150
12862 33.150 33.150 62863 2 3215 33p150
12863 33.150 33.150 62864 3 3215 33p150
12864 33.160 33.160 62865 0 3216 33p160
12865 33.160 33.160 62866 1 3216 33p160
12866 33.160 33.160 62867 2 3216 33p160
12867 33.160 33.160 62868 3 3216 33p160
12868 33.170 33.170 62869 0 3217 33p170
12869 33.170 33.170 62870 1 3217 33p170
12870 33.170 33.170 62871 2 3217 33p170
12871 33.170 33.170 62872 3 3217 33p170
12872 33.180 33.180 62873 0 3218 33p180
12873 33.180 33.180 62874 1 3218 33p180
12874 33.180 33.180 62875 2 3218 33p180
12875 33.180 33.180 62876 3 3218 33p180
12876 33.190 33.190 62877 0 3219 33p190
12877 33.190 33.190 62878 1 3219 33p190
12878 33.190 33.190 62879 2 3219 33p190
12879 33.190 33.190 62880 3 3219 33p190
12880 33.200 33.200 62881 0 3220 33p200
12881 33.200 33.200 62882 1 3220 33p200
12882 33.200 33.200 62883 2 3220 33p200
12883 33.200 33.200 62884 3 3220 33p200
12884 33.210 33.210 62885 0 3221 33p210
12885 33.210 33.210 62886 1 3221 33p210
12886 33.210 33.210 62887 2 3221 33p210
12887 33.210 33.210 62888 3 3221 33p210
12888 33.220 33.220 62889 0 3222 33p220
12889 33.220 33.220 62890 1 3222 33p220
12890 33.220 33.220 62891 2 3222 33p220
12891 33.220 33.220 62892 3 3222 33p220
12892 33.230 33.230 62893 0 3223 33p230
12893 33.230 33.230 62894 1 3223 33p230
12894 33.230 33.230 62895 2 3223 33p230
12895 33.230 33.230 62896 3 3223 33p230
12896 33.240 33.240 62897 0 3224 33p240
12897 33.240 33.240 62898 1 3224 33p240
12898 33.240 33.240 62899 2 3224 33p240
12899 33.240 33.240 62900 3 3224 33p240
12900 33.250 33.250 62901 0 3225 33p250
12901 33.250 33.250 62902 1 3225 33p250
12902 33.250 33.250 62903 2 3225 33p250
12903 33.250 33.250 62904 3 3225 33p250
12904 33.260 33.260 62905 0 3226 33p260
12905 33.260 33.260 62906 1 3226 33p260
12906 33.260 33.260 62907 2 3226 33p260
12907 33.260 33.260 62908 3 3226 33p260
12908 33.270 33.270 62909 0 3227 33p270
12909 33.270 33.270 62910 1 3227 33p270
12910 33.270 33.270 62911 2 3227 33p270
12911 33.270 33.270 62912 3 3227 33p270
12912 33.280 33.280 62913 0 3228 33p280
12913 33.280 33.280 62914 1 3228 33p280
12914 33.280 33.280 62915 2 3228 33p280
12915 33.280 33.280 62916 3 3228 33p280
12916 33.290 33.290 62917 0 3229 33p290
12917 33.290 33.290 62918 1 3229 33p290
12918 33.290 33.290 62919 2 3229 33p290
12919 33.290 33.290 62920 3 3229 33p290
12920 33.300 33.300 62921 0 3230 33p300
12921 33.300 33.300 62922 1 3230 33p300
12922 33.300 33.300 62923 2 3230 33p300
12923 33.300 33.300 62924 3 3230 33p300
12924 33.310 33.310 62925 0 3231 33p310
12925 33.310 33.310 62926 1 3231 33p310
12926 33.310 33.310 62927 2 3231 33p310
12927 33.310 33.310 62928 3 3231 33p310
12928 33.320 33.320 62929 0 3232 33p320
12929 33.320 33.320 62930 1 3232 33p320
12930 33.320 33.320 62931 2 3232 33p320
12931 33.320 33.320 62932 3 3232 33p320
12932 33.330 33.330 62933 0 3233 33p330
12933 33.330 33.330 62934 1 3233 33p330
12934 33.330 33.330 62935 2 3233 33p330
12935 33.330 33.330 62936 3 3233 33p330
12936 33.340 33.340 62937 0 3234 33p340
12937 33.340 33.340 62938 1 3234 33p340
12938 33.340 33.340 62939 2 3234 33p340
12939 33.340 33.340 62940 3 3234 33p340
12940 33.350 33.350 62941 0 3235 33p350
12941 33.350 33.350 62942 1 3235 33p350
12942 33.350 33.350 62943 2 3235 33p350
12943 33.350 33.350 62944 3 3235 33p350
12944 33.360 33.360 62945 0 3236 33p360
12945 33.360 33.360 62946 1 3236 33p360
12946 33.360 33.360 62947 2 3236 33p360
12947 33.360 33.360 62948 3 3236 33p360
12948 33.370 33.370 62949 0 3237 33p370
12949 33.370 33.370 62950 1 3237 33p370
12950 33.370 33.370 62951 2 3237 33p370
12951 33.370 33.370 62952 3 3237 33p370
12952 33.380 33.380 62953 0 3238 33p380
12953 33.380 33.380 62954 1 3238 33p380
12954 33.380 33.380 62955 2 3238 33p380
12955 33.380 33.380 62956 3 3238 33p380
12956 33.390 33.390 62957 0 3239 33p390
12957 33.390 33.390 62958 1 3239 33p390
12958 33.390 33.390 62959 2 3239 33p390
12959 33.390 33.390 62960 3 3239 33p390
12960 33.400 33.400 62961 0 3240 33p400
12961 33.400 33.400 62962 1 3240 33p400
12962 33.400 33.400 62963 2 3240 33p400
12963 33.400 33.400 62964 3 3240 33p400
12964 33.410 33.410 62965 0 3241 33p410
12965 33.410 33.410 62966 1 3241 33p410
12966 33.410 33.410 62967 2 3241 33p410
12967 33.410 33.410 62968 3 3241 33p410
12968 33.420 33.420 62969 0 3242 33p420
12969 33.420 33.420 62970 1 3242 33p420
12970 33.420 33.420 62971 2 3242 33p420
12971 33.420 33.420 62972 3 3242 33p420
12972 33.430 33.430 62973 0 3243 33p430
12973 33.430 33.430 62974 1 3243 33p430
12974 33.430 33.430 62975 2 3243 33p430
12975 33.430 33.430 62976 3 3243 33p430
12976 33.440 33.440 62977 0 3244 33p440
12977 33.440 33.440 62978 1 3244 33p440
12978 33.440 33.440 62979 2 3244 33p440
12979 33.440 33.440 62980 3 3244 33p440
12980 33.450 33.450 62981 0 3245 33p450
12981 33.450 33.450 62982 1 3245 33p450
12982 33.450 33.450 62983 2 3245 33p450
12983 33.450 33.450 62984 3 3245 33p450
12984 33.460 33.460 62985 0 3246 33p460
12985 33.460 33.460 62986 1 3246 33p460
12986 33.460 33.460 62987 2 3246 33p460
12987 33.460 33.460 62988 3 3246 33p460
12988 33.470 33.470 62989 0 3247 33p470
12989 33.470 33.470 62990 1 3247 33p470
12990 33.470 33.470 62991 2 3247 33p470
12991 33.470 33.470 62992 3 3247 33p470
12992 33.480 33.480 62993 0 3248 33p480
12993 33.480 33.480 62994 1 3248 33p480
12994 33.480 33.480 62995 2 3248 33p480
12995 33.480 33.480 62996 3 3248 33p480
12996 33.490 33.490 62997 0 3249 33p490
12997 33.490 33.490 62998 1 3249 33p490
12998 33.490 33.490 62999 2 3249 33p490
12999 33.490 33.490 63000 3 3249 33p490
13000 33.500 33.500 63001 0 3250 33p500
13001 33.500 33.500 63002 1 3250 33p500
13002 33.500 33.500 63003 2 3250 33p500
13003 33.500 33.500 63004 3 3250 33p500
13004 33.510 33.510 63005 0 3251 33p510
13005 33.510 33.510 63006 1 3251 33p510
13006 33.510 33.510 63007 2 3251 33p510
13007 33.510 33.510 63008 3 3251 33p510
13008 33.520 33.520 63009 0 3252 33p520
13009 33.520 33.520 63010 1 3252 33p520
13010 33.520 33.520 63011 2 3252 33p520
13011 33.520 33.520 63012 3 3252 33p520
13012 33.530 33.530 63013 0 3253 33p530
13013 33.530 33.530 63014 1 3253 33p530
13014 33.530 33.530 63015 2 3253 33p530
13015 33.530 33.530 63016 3 3253 33p530
13016 33.540 33.540 63017 0 3254 33p540
13017 33.540 33.540 63018 1 3254 33p540
13018 33.540 33.540 63019 2 3254 33p540
13019 33.540 33.540 63020 3 3254 33p540
13020 33.550 33.550 63021 0 3255 33p550
13021 33.550 33.550 63022 1 3255 33p550
13022 33.550 33.550 63023 2 3255 33p550
13023 33.550 33.550 63024 3 3255 33p550
13024 33.560 33.560 63025 0 3256 33p560
13025 33.560 33.560 63026 1 3256 33p560
13026 33.560 33.560 63027 2 3256 33p560
13027 33.560 33.560 63028 3 3256 33p560
13028 33.570 33.570 63029 0 3257 33p570
13029 33.570 33.570 63030 1 3257 33p570
13030 33.570 33.570 63031 2 3257 33p570
13031 33.570 33.570 63032 3 3257 33p570
13032 33.580 33.580 63033 0 3258 33p580
13033 33.580 33.580 63034 1 3258 33p580
13034 33.580 33.580 63035 2 3258 33p580
13035 33.580 33.580 63036 3 3258 33p580
13036 33.590 33.590 63037 0 3259 33p590
13037 33.590 33.590 63038 1 3259 33p590
13038 33.590 33.590 63039 2 3259 33p590
13039 33.590 33.590 63040 3 3259 33p590
13040 33.600 33.600 63041 0 3260 33p600
13041 33.600 33.600 63042 1 3260 33p600
13042 33.600 33.600 63043 2 3260 33p600
13043 33.600 33.600 63044 3 3260 33p600
13044 33.610 33.610 63045 0 3261 33p610
13045 33.610 33.610 63046 1 3261 33p610
13046 33.610 33.610 63047 2 3261 33p610
13047 33.610 33.610 63048 3 3261 33p610
13048 33.620 33.620 63049 0 3262 33p620
13049 33.620 33.620 63050 1 3262 33p620
13050 33.620 33.620 63051 2 3262 33p620
13051 33.620 33.620 63052 3 3262 33p620
13052 33.630 33.630 63053 0 3263 33p630
13053 33.630 33.630 63054 1 3263 33p630
13054 33.630 33.630 63055 2 3263 33p630
13055 33.630 33.630 63056 3 3263 33p630
13056 33.640 33.640 63057 0 3264 33p640
13057 33.640 33.640 63058 1 3264 33p640
13058 33.640 33.640 63059 2 3264 33p640
13059 33.640 33.640 63060 3 3264 33p640
13060 33.650 33.650 63061 0 3265 33p650
13061 33.650 33.650 63062 1 3265 33p650
13062 33.650 33.650 63063 2 3265 33p650
13063 33.650 33.650 63064 3 3265 33p650
13064 33.660 33.660 63065 0 3266 33p660
13065 33.660 33.660 63066 1 3266 33p660
13066 33.660 33.660 63067 2 3266 33p660
13067 33.660 33.660 63068 3 3266 33p660
13068 33.670 33.670 63069 0 3267 33p670
13069 33.670 33.670 63070 1 3267 33p670
13070 33.670 33.670 63071 2 3267 33p670
13071 33.670 33.670 63072 3 3267 33p670
13072 33.680 33.680 63073 0 3268 33p680
13073 33.680 33.680 63074 1 3268 33p680
13074 33.680 33.680 63075 2 3268 33p680
13075 33.680 33.680 63076 3 3268 33p680
13076 33.690 33.690 63077 0 3269 33p690
13077 33.690 33.690 63078 1 3269 33p690
13078 33.690 33.690 63079 2 3269 33p690
13079 33.690 33.690 63080 3 3269 33p690
13080 33.700 33.700 63081 0 3270 33p700
13081 33.700 33.700 63082 1 3270 33p700
13082 33.700 33.700 63083 2 3270 33p700
13083 33.700 33.700 63084 3 3270 33p700
13084 33.710 33.710 63085 0 3271 33p710
13085 33.710 33.710 63086 1 3271 33p710
13086 33.710 33.710 63087 2 3271 33p710
13087 33.710 33.710 63088 3 3271 33p710
13088 33.720 33.720 63089 0 3272 33p720
13089 33.720 33.720 63090 1 3272 33p720
13090 33.720 33.720 63091 2 3272 33p720
13091 33.720 33.720 63092 3 3272 33p720
13092 33.730 33.730 63093 0 3273 33p730
13093 33.730 33.730 63094 1 3273 33p730
13094 33.730 33.730 63095 2 3273 33p730
13095 33.730 33.730 63096 3 3273 33p730
13096 33.740 33.740 63097 0 3274 33p740
13097 33.740 33.740 63098 1 3274 33p740
13098 33.740 33.740 63099 2 3274 33p740
13099 33.740 33.740 63100 3 3274 33p740
13100 33.750 33.750 63101 0 3275 33p750
13101 33.750 33.750 63102 1 3275 33p750
13102 33.750 33.750 63103 2 3275 33p750
13103 33.750 33.750 63104 3 3275 33p750
13104 33.760 33.760 63105 0 3276 33p760
13105 33.760 33.760 63106 1 3276 33p760
13106 33.760 33.760 63107 2 3276 33p760
13107 33.760 33.760 63108 3 3276 33p760
13108 33.770 33.770 63109 0 3277 33p770
13109 33.770 33.770 63110 1 3277 33p770
13110 33.770 33.770 63111 2 3277 33p770
13111 33.770 33.770 63112 3 3277 33p770
13112 33.780 33.780 63113 0 3278 33p780
13113 33.780 33.780 63114 1 3278 33p780
13114 33.780 33.780 63115 2 3278 33p780
13115 33.780 33.780 63116 3 3278 33p780
13116 33.790 33.790 63117 0 3279 33p790
13117 33.790 33.790 63118 1 3279 33p790
13118 33.790 33.790 63119 2 3279 33p790
13119 33.790 33.790 63120 3 3279 33p790
13120 33.800 33.800 63121 0 3280 33p800
13121 33.800 33.800 63122 1 3280 33p800
13122 33.800 33.800 63123 2 3280 33p800
13123 33.800 33.800 63124 3 3280 33p800
13124 33.810 33.810 63125 0 3281 33p810
13125 33.810 33.810 63126 1 3281 33p810
13126 33.810 33.810 63127 2 3281 33p810
13127 33.810 33.810 63128 3 3281 33p810
13128 33.820 33.820 63129 0 3282 33p820
13129 33.820 33.820 63130 1 3282 33p820
13130 33.820 33.820 63131 2 3282 33p820
13131 33.820 33.820 63132 3 3282 33p820
13132 33.830 33.830 63133 0 3283 33p830
13133 33.830 33.830 63134 1 3283 33p830
13134 33.830 33.830 63135 2 3283 33p830
13135 33.830 33.830 63136 3 3283 33p830
13136 33.840 33.840 63137 0 3284 33p840
13137 33.840 33.840 63138 1 3284 33p840
13138 33.840 33.840 63139 2 3284 33p840
13139 33.840 33.840 63140 3 3284 33p840
13140 33.850 33.850 63141 0 3285 33p850
13141 33.850 33.850 63142 1 3285 33p850
13142 33.850 33.850 63143 2 3285 33p850
13143 33.850 33.850 63144 3 3285 33p850
13144 33.860 33.860 63145 0 3286 33p860
13145 33.860 33.860 63146 1 3286 33p860
13146 33.860 33.860 63147 2 3286 33p860
13147 33.860 33.860 63148 3 3286 33p860
13148 33.870 33.870 63149 0 3287 33p870
13149 33.870 33.870 63150 1 3287 33p870
13150 33.870 33.870 63151 2 3287 33p870
13151 33.870 33.870 63152 3 3287 33p870
13152 33.880 33.880 63153 0 3288 33p880
13153 33.880 33.880 63154 1 3288 33p880
13154 33.880 33.880 63155 2 3288 33p880
13155 33.880 33.880 63156 3 3288 33p880
13156 33.890 33.890 63157 0 3289 33p890
13157 33.890 33.890 63158 1 3289 33p890
13158 33.890 33.890 63159 2 3289 33p890
13159 33.890 33.890 63160 3 3289 33p890
13160 33.900 33.900 63161 0 3290 33p900
13161 33.900 33.900 63162 1 3290 33p900
13162 33.900 33.900 63163 2 3290 33p900
13163 33.900 33.900 63164 3 3290 33p900
13164 33.910 33.910 63165 0 3291 33p910
13165 33.910 33.910 63166 1 3291 33p910
13166 33.910 33.910 63167 2 3291 33p910
13167 33.910 33.910 63168 3 3291 33p910
13168 33.920 33.920 63169 0 3292 33p920
13169 33.920 33.920 63170 1 3292 33p920
13170 33.920 33.920 63171 2 3292 33p920
13171 33.920 33.920 63172 3 3292 33p920
13172 33.930 33.930 63173 0 3293 33p930
13173 33.930 33.930 63174 1 3293 33p930
13174 33.930 33.930 63175 2 3293 33p930
13175 33.930 33.930 63176 3 3293 33p930
13176 33.940 33.940 63177 0 3294 33p940
13177 33.940 33.940 63178 1 3294 33p940
13178 33.940 33.940 63179 2 3294 33p940
13179 33.940 33.940 63180 3 3294 33p940
13180 33.950 33.950 63181 0 3295 33p950
13181 33.950 33.950 63182 1 3295 33p950
13182 33.950 33.950 63183 2 3295 33p950
13183 33.950 33.950 63184 3 3295 33p950
13184 33.960 33.960 63185 0 3296 33p960
13185 33.960 33.960 63186 1 3296 33p960
13186 33.960 33.960 63187 2 3296 33p960
13187 33.960 33.960 63188 3 3296 33p960
13188 33.970 33.970 63189 0 3297 33p970
13189 33.970 33.970 63190 1 3297 33p970
13190 33.970 33.970 63191 2 3297 33p970
13191 33.970 33.970 63192 3 3297 33p970
13192 33.980 33.980 63193 0 3298 33p980
13193 33.980 33.980 63194 1 3298 33p980
13194 33.980 33.980 63195 2 3298 33p980
13195 33.980 33.980 63196 3 3298 33p980
13196 33.990 33.990 63197 0 3299 33p990
13197 33.990 33.990 63198 1 3299 33p990
13198 33.990 33.990 63199 2 3299 33p990
13199 33.990 33.990 63200 3 3299 33p990
13200 34.000 34.000 63201 0 3300 34p000
13201 34.000 34.000 63202 1 3300 34p000
13202 34.000 34.000 63203 2 3300 34p000
13203 34.000 34.000 63204 3 3300 34p000
13204 34.010 34.010 63205 0 3301 34p010
13205 34.010 34.010 63206 1 3301 34p010
13206 34.010 34.010 63207 2 3301 34p010
13207 34.010 34.010 63208 3 3301 34p010
13208 34.020 34.020 63209 0 3302 34p020
13209 34.020 34.020 63210 1 3302 34p020
13210 34.020 34.020 63211 2 3302 34p020
13211 34.020 34.020 63212 3 3302 34p020
13212 34.030 34.030 63213 0 3303 34p030
13213 34.030 34.030 63214 1 3303 34p030
13214 34.030 34.030 63215 2 3303 34p030
13215 34.030 34.030 63216 3 3303 34p030
13216 34.040 34.040 63217 0 3304 34p040
13217 34.040 34.040 63218 1 3304 34p040
13218 34.040 34.040 63219 2 3304 34p040
13219 34.040 34.040 63220 3 3304 34p040
13220 34.050 34.050 63221 0 3305 34p050
13221 34.050 34.050 63222 1 3305 34p050
13222 34.050 34.050 63223 2 3305 34p050
13223 34.050 34.050 63224 3 3305 34p050
13224 34.060 34.060 63225 0 3306 34p060
13225 34.060 34.060 63226 1 3306 34p060
13226 34.060 34.060 63227 2 3306 34p060
13227 34.060 34.060 63228 3 3306 34p060
13228 34.070 34.070 63229 0 3307 34p070
13229 34.070 34.070 63230 1 3307 34p070
13230 34.070 34.070 63231 2 3307 34p070
13231 34.070 34.070 63232 3 3307 34p070
13232 34.080 34.080 63233 0 3308 34p080
13233 34.080 34.080 63234 1 3308 34p080
13234 34.080 34.080 63235 2 3308 34p080
13235 34.080 34.080 63236 3 3308 34p080
13236 34.090 34.090 63237 0 3309 34p090
13237 34.090 34.090 63238 1 3309 34p090
13238 34.090 34.090 63239 2 3309 34p090
13239 34.090 34.090 63240 3 3309 34p090
13240 34.100 34.100 63241 0 3310 34p100
13241 34.100 34.100 63242 1 3310 34p100
13242 34.100 34.100 63243 2 3310 34p100
13243 34.100 34.100 63244 3 3310 34p100
13244 34.110 34.110 63245 0 3311 34p110
13245 34.110 34.110 63246 1 3311 34p110
13246 34.110 34.110 63247 2 3311 34p110
13247 34.110 34.110 63248 3 3311 34p110
13248 34.120 34.120 63249 0 3312 34p120
13249 34.120 34.120 63250 1 3312 34p120
13250 34.120 34.120 63251 2 3312 34p120
13251 34.120 34.120 63252 3 3312 34p120
13252 34.130 34.130 63253 0 3313 34p130
13253 34.130 34.130 63254 1 3313 34p130
13254 34.130 34.130 63255 2 3313 34p130
13255 34.130 34.130 63256 3 3313 34p130
13256 34.140 34.140 63257 0 3314 34p140
13257 34.140 34.140 63258 1 3314 34p140
13258 34.140 34.140 63259 2 3314 34p140
13259 34.140 34.140 63260 3 3314 34p140
13260 34.150 34.150 63261 0 3315 34p150
13261 34.150 34.150 63262 1 3315 34p150
13262 34.150 34.150 63263 2 3315 34p150
13263 34.150 34.150 63264 3 3315 34p150
13264 34.160 34.160 63265 0 3316 34p160
13265 34.160 34.160 63266 1 3316 34p160
13266 34.160 34.160 63267 2 3316 34p160
13267 34.160 34.160 63268 3 3316 34p160
13268 34.170 34.170 63269 0 3317 34p170
13269 34.170 34.170 63270 1 3317 34p170
13270 34.170 34.170 63271 2 3317 34p170
13271 34.170 34.170 63272 3 3317 34p170
13272 34.180 34.180 63273 0 3318 34p180
13273 34.180 34.180 63274 1 3318 34p180
13274 34.180 34.180 63275 2 3318 34p180
13275 34.180 34.180 63276 3 3318 34p180
13276 34.190 34.190 63277 0 3319 34p190
13277 34.190 34.190 63278 1 3319 34p190
13278 34.190 34.190 63279 2 3319 34p190
13279 34.190 34.190 63280 3 3319 34p190
13280 34.200 34.200 63281 0 3320 34p200
13281 34.200 34.200 63282 1 3320 34p200
13282 34.200 34.200 63283 2 3320 34p200
13283 34.200 34.200 63284 3 3320 34p200
13284 34.210 34.210 63285 0 3321 34p210
13285 34.210 34.210 63286 1 3321 34p210
13286 34.210 34.210 63287 2 3321 34p210
13287 34.210 34.210 63288 3 3321 34p210
13288 34.220 34.220 63289 0 3322 34p220
13289 34.220 34.220 63290 1 3322 34p220
13290 34.220 34.220 63291 2 3322 34p220
13291 34.220 34.220 63292 3 3322 34p220
13292 34.230 34.230 63293 0 3323 34p230
13293 34.230 34.230 63294 1 3323 34p230
13294 34.230 34.230 63295 2 3323 34p230
13295 34.230 34.230 63296 3 3323 34p230
13296 34.240 34.240 63297 0 3324 34p240
13297 34.240 34.240 63298 1 3324 34p240
13298 34.240 34.240 63299 2 3324 34p240
13299 34.240 34.240 63300 3 3324 34p240
13300 34.250 34.250 63301 0 3325 34p250
13301 34.250 34.250 63302 1 3325 34p250
13302 34.250 34.250 63303 2 3325 34p250
13303 34.250 34.250 63304 3 3325 34p250
13304 34.260 34.260 63305 0 3326 34p260
13305 34.260 34.260 63306 1 3326 34p260
13306 34.260 34.260 63307 2 3326 34p260
13307 34.260 34.260 63308 3 3326 34p260
13308 34.270 34.270 63309 0 3327 34p270
13309 34.270 34.270 63310 1 3327 34p270
13310 34.270 34.270 63311 2 3327 34p270
13311 34.270 34.270 63312 3 3327 34p270
13312 34.280 34.280 63313 0 3328 34p280
13313 34.280 34.280 63314 1 3328 34p280
13314 34.280 34.280 63315 2 3328 34p280
13315 34.280 34.280 63316 3 3328 34p280
13316 34.290 34.290 63317 0 3329 34p290
13317 34.290 34.290 63318 1 3329 34p290
13318 34.290 34.290 63319 2 3329 34p290
13319 34.290 34.290 63320 3 3329 34p290
13320 34.300 34.300 63321 0 3330 34p300
13321 34.300 34.300 63322 1 3330 34p300
13322 34.300 34.300 63323 2 3330 34p300
13323 34.300 34.300 63324 3 3330 34p300
13324 34.310 34.310 63325 0 3331 34p310
13325 34.310 34.310 63326 1 3331 34p310
13326 34.310 34.310 63327 2 3331 34p310
13327 34.310 34.310 63328 3 3331 34p310
13328 34.320 34.320 63329 0 3332 34p320
13329 34.320 34.320 63330 1 3332 34p320
13330 34.320 34.320 63331 2 3332 34p320
13331 34.320 34.320 63332 3 3332 34p320
13332 34.330 34.330 63333 0 3333 34p330
13333 34.330 34.330 63334 1 3333 34p330
13334 34.330 34.330 63335 2 3333 34p330
13335 34.330 34.330 63336 3 3333 34p330
13336 34.340 34.340 63337 0 3334 34p340
13337 34.340 34.340 63338 1 3334 34p340
13338 34.340 34.340 63339 2 3334 34p340
13339 34.340 34.340 63340 3 3334 34p340
13340 34.350 34.350 63341 0 3335 34p350
13341 34.350 34.350 63342 1 3335 34p350
13342 34.350 34.350 63343 2 3335 34p350
13343 34.350 34.350 63344 3 3335 34p350
13344 34.360 34.360 63345 0 3336 34p360
13345 34.360 34.360 63346 1 3336 34p360
13346 34.360 34.360 63347 2 3336 34p360
13347 34.360 34.360 63348 3 3336 34p360
13348 34.370 34.370 63349 0 3337 34p370
13349 34.370 34.370 63350 1 3337 34p370
13350 34.370 34.370 63351 2 3337 34p370
13351 34.370 34.370 63352 3 3337 34p370
13352 34.380 34.380 63353 0 3338 34p380
13353 34.380 34.380 63354 1 3338 34p380
13354 34.380 34.380 63355 2 3338 34p380
13355 34.380 34.380 63356 3 3338 34p380
13356 34.390 34.390 63357 0 3339 34p390
13357 34.390 34.390 63358 1 3339 34p390
13358 34.390 34.390 63359 2 3339 34p390
13359 34.390 34.390 63360 3 3339 34p390
13360 34.400 34.400 63361 0 3340 34p400
13361 34.400 34.400 63362 1 3340 34p400
13362 34.400 34.400 63363 2 3340 34p400
13363 34.400 34.400 63364 3 3340 34p400
13364 34.410 34.410 63365 0 3341 34p410
13365 34.410 34.410 63366 1 3341 34p410
13366 34.410 34.410 63367 2 3341 34p410
13367 34.410 34.410 63368 3 3341 34p410
13368 34.420 34.420 63369 0 3342 34p420
13369 34.420 34.420 63370 1 3342 34p420
13370 34.420 34.420 63371 2 3342 34p420
13371 34.420 34.420 63372 3 3342 34p420
13372 34.430 34.430 63373 0 3343 34p430
13373 34.430 34.430 63374 1 3343 34p430
13374 34.430 34.430 63375 2 3343 34p430
13375 34.430 34.430 63376 3 3343 34p430
13376 34.440 34.440 63377 0 3344 34p440
13377 34.440 34.440 63378 1 3344 34p440
13378 34.440 34.440 63379 2 3344 34p440
13379 34.440 34.440 63380 3 3344 34p440
13380 34.450 34.450 63381 0 3345 34p450
13381 34.450 34.450 63382 1 3345 34p450
13382 34.450 34.450 63383 2 3345 34p450
13383 34.450 34.450 63384 3 3345 34p450
13384 34.460 34.460 63385 0 3346 34p460
13385 34.460 34.460 63386 1 3346 34p460
13386 34.460 34.460 63387 2 3346 34p460
13387 34.460 34.460 63388 3 3346 34p460
13388 34.470 34.470 63389 0 3347 34p470
13389 34.470 34.470 63390 1 3347 34p470
13390 34.470 34.470 63391 2 3347 34p470
13391 34.470 34.470 63392 3 3347 34p470
13392 34.480 34.480 63393 0 3348 34p480
13393 34.480 34.480 63394 1 3348 34p480
13394 34.480 34.480 63395 2 3348 34p480
13395 34.480 34.480 63396 3 3348 34p480
13396 34.490 34.490 63397 0 3349 34p490
13397 34.490 34.490 63398 1 3349 34p490
13398 34.490 34.490 63399 2 3349 34p490
13399 34.490 34.490 63400 3 3349 34p490
13400 34.500 34.500 63401 0 3350 34p500
13401 34.500 34.500 63402 1 3350 34p500
13402 34.500 34.500 63403 2 3350 34p500
13403 34.500 34.500 63404 3 3350 34p500
13404 34.510 34.510 63405 0 3351 34p510
13405 34.510 34.510 63406 1 3351 34p510
13406 34.510 34.510 63407 2 3351 34p510
13407 34.510 34.510 63408 3 3351 34p510
13408 34.520 34.520 63409 0 3352 34p520
13409 34.520 34.520 63410 1 3352 34p520
13410 34.520 34.520 63411 2 3352 34p520
13411 34.520 34.520 63412 3 3352 34p520
13412 34.530 34.530 63413 0 3353 34p530
13413 34.530 34.530 63414 1 3353 34p530
13414 34.530 34.530 63415 2 3353 34p530
13415 34.530 34.530 63416 3 3353 34p530
13416 34.540 34.540 63417 0 3354 34p540
13417 34.540 34.540 63418 1 3354 34p540
13418 34.540 34.540 63419 2 3354 34p540
13419 34.540 34.540 63420 3 3354 34p540
13420 34.550 34.550 63421 0 3355 34p550
13421 34.550 34.550 63422 1 3355 34p550
13422 34.550 34.550 63423 2 3355 34p550
13423 34.550 34.550 63424 3 3355 34p550
13424 34.560 34.560 63425 0 3356 34p560
13425 34.560 34.560 63426 1 3356 34p560
13426 34.560 34.560 63427 2 3356 34p560
13427 34.560 34.560 63428 3 3356 34p560
13428 34.570 34.570 63429 0 3357 34p570
13429 34.570 34.570 63430 1 3357 34p570
13430 34.570 34.570 63431 2 3357 34p570
13431 34.570 34.570 63432 3 3357 34p570
13432 34.580 34.580 63433 0 3358 34p580
13433 34.580 34.580 63434 1 3358 34p580
13434 34.580 34.580 63435 2 3358 34p580
13435 34.580 34.580 63436 3 3358 34p580
13436 34.590 34.590 63437 0 3359 34p590
13437 34.590 34.590 63438 1 3359 34p590
13438 34.590 34.590 63439 2 3359 34p590
13439 34.590 34.590 63440 3 3359 34p590
13440 34.600 34.600 63441 0 3360 34p600
13441 34.600 34.600 63442 1 3360 34p600
13442 34.600 34.600 63443 2 3360 34p600
13443 34.600 34.600 63444 3 3360 34p600
13444 34.610 34.610 63445 0 3361 34p610
13445 34.610 34.610 63446 1 3361 34p610
13446 34.610 34.610 63447 2 3361 34p610
13447 34.610 34.610 63448 3 3361 34p610
13448 34.620 34.620 63449 0 3362 34p620
13449 34.620 34.620 63450 1 3362 34p620
13450 34.620 34.620 63451 2 3362 34p620
13451 34.620 34.620 63452 3 3362 34p620
13452 34.630 34.630 63453 0 3363 34p630
13453 34.630 34.630 63454 1 3363 34p630
13454 34.630 34.630 63455 2 3363 34p630
13455 34.630 34.630 63456 3 3363 34p630
13456 34.640 34.640 63457 0 3364 34p640
13457 34.640 34.640 63458 1 3364 34p640
13458 34.640 34.640 63459 2 3364 34p640
13459 34.640 34.640 63460 3 3364 34p640
13460 34.650 34.650 63461 0 3365 34p650
13461 34.650 34.650 63462 1 3365 34p650
13462 34.650 34.650 63463 2 3365 34p650
13463 34.650 34.650 63464 3 3365 34p650
13464 34.660 34.660 63465 0 3366 34p660
13465 34.660 34.660 63466 1 3366 34p660
13466 34.660 34.660 63467 2 3366 34p660
13467 34.660 34.660 63468 3 3366 34p660
13468 34.670 34.670 63469 0 3367 34p670
13469 34.670 34.670 63470 1 3367 34p670
13470 34.670 34.670 63471 2 3367 34p670
13471 34.670 34.670 63472 3 3367 34p670
13472 34.680 34.680 63473 0 3368 34p680
13473 34.680 34.680 63474 1 3368 34p680
13474 34.680 34.680 63475 2 3368 34p680
13475 34.680 34.680 63476 3 3368 34p680
13476 34.690 34.690 63477 0 3369 34p690
13477 34.690 34.690 63478 1 3369 34p690
13478 34.690 34.690 63479 2 3369 34p690
13479 34.690 34.690 63480 3 3369 34p690
13480 34.700 34.700 63481 0 3370 34p700
13481 34.700 34.700 63482 1 3370 34p700
13482 34.700 34.700 63483 2 3370 34p700
13483 34.700 34.700 63484 3 3370 34p700
13484 34.710 34.710 63485 0 3371 34p710
13485 34.710 34.710 63486 1 3371 34p710
13486 34.710 34.710 63487 2 3371 34p710
13487 34.710 34.710 63488 3 3371 34p710
13488 34.720 34.720 63489 0 3372 34p720
13489 34.720 34.720 63490 1 3372 34p720
13490 34.720 34.720 63491 2 3372 34p720
13491 34.720 34.720 63492 3 3372 34p720
13492 34.730 34.730 63493 0 3373 34p730
13493 34.730 34.730 63494 1 3373 34p730
13494 34.730 34.730 63495 2 3373 34p730
13495 34.730 34.730 63496 3 3373 34p730
13496 34.740 34.740 63497 0 3374 34p740
13497 34.740 34.740 63498 1 3374 34p740
13498 34.740 34.740 63499 2 3374 34p740
13499 34.740 34.740 63500 3 3374 34p740
13500 34.750 34.750 63501 0 3375 34p750
13501 34.750 34.750 63502 1 3375 34p750
13502 34.750 34.750 63503 2 3375 34p750
13503 34.750 34.750 63504 3 3375 34p750
13504 34.760 34.760 63505 0 3376 34p760
13505 34.760 34.760 63506 1 3376 34p760
13506 34.760 34.760 63507 2 3376 34p760
13507 34.760 34.760 63508 3 3376 34p760
13508 34.770 34.770 63509 0 3377 34p770
13509 34.770 34.770 63510 1 3377 34p770
13510 34.770 34.770 63511 2 3377 34p770
13511 34.770 34.770 63512 3 3377 34p770
13512 34.780 34.780 63513 0 3378 34p780
13513 34.780 34.780 63514 1 3378 34p780
13514 34.780 34.780 63515 2 3378 34p780
13515 34.780 34.780 63516 3 3378 34p780
13516 34.790 34.790 63517 0 3379 34p790
13517 34.790 34.790 63518 1 3379 34p790
13518 34.790 34.790 63519 2 3379 34p790
13519 34.790 34.790 63520 3 3379 34p790
13520 34.800 34.800 63521 0 3380 34p800
13521 34.800 34.800 63522 1 3380 34p800
13522 34.800 34.800 63523 2 3380 34p800
13523 34.800 34.800 63524 3 3380 34p800
13524 34.810 34.810 63525 0 3381 34p810
13525 34.810 34.810 63526 1 3381 34p810
13526 34.810 34.810 63527 2 3381 34p810
13527 34.810 34.810 63528 3 3381 34p810
13528 34.820 34.820 63529 0 3382 34p820
13529 34.820 34.820 63530 1 3382 34p820
13530 34.820 34.820 63531 2 3382 34p820
13531 34.820 34.820 63532 3 3382 34p820
13532 34.830 34.830 63533 0 3383 34p830
13533 34.830 34.830 63534 1 3383 34p830
13534 34.830 34.830 63535 2 3383 34p830
13535 34.830 34.830 63536 3 3383 34p830
13536 34.840 34.840 63537 0 3384 34p840
13537 34.840 34.840 63538 1 3384 34p840
13538 34.840 34.840 63539 2 3384 34p840
13539 34.840 34.840 63540 3 3384 34p840
13540 34.850 34.850 63541 0 3385 34p850
13541 34.850 34.850 63542 1 3385 34p850
13542 34.850 34.850 63543 2 3385 34p850
13543 34.850 34.850 63544 3 3385 34p850
13544 34.860 34.860 63545 0 3386 34p860
13545 34.860 34.860 63546 1 3386 34p860
13546 34.860 34.860 63547 2 3386 34p860
13547 34.860 34.860 63548 3 3386 34p860
13548 34.870 34.870 63549 0 3387 34p870
13549 34.870 34.870 63550 1 3387 34p870
13550 34.870 34.870 63551 2 3387 34p870
13551 34.870 34.870 63552 3 3387 34p870
13552 34.880 34.880 63553 0 3388 34p880
13553 34.880 34.880 63554 1 3388 34p880
13554 34.880 34.880 63555 2 3388 34p880
13555 34.880 34.880 63556 3 3388 34p880
13556 34.890 34.890 63557 0 3389 34p890
13557 34.890 34.890 63558 1 3389 34p890
13558 34.890 34.890 63559 2 3389 34p890
13559 34.890 34.890 63560 3 3389 34p890
13560 34.900 34.900 63561 0 3390 34p900
13561 34.900 34.900 63562 1 3390 34p900
13562 34.900 34.900 63563 2 3390 34p900
13563 34.900 34.900 63564 3 3390 34p900
13564 34.910 34.910 63565 0 3391 34p910
13565 34.910 34.910 63566 1 3391 34p910
13566 34.910 34.910 63567 2 3391 34p910
13567 34.910 34.910 63568 3 3391 34p910
13568 34.920 34.920 63569 0 3392 34p920
13569 34.920 34.920 63570 1 3392 34p920
13570 34.920 34.920 63571 2 3392 34p920
13571 34.920 34.920 63572 3 3392 34p920
13572 34.930 34.930 63573 0 3393 34p930
13573 34.930 34.930 63574 1 3393 34p930
13574 34.930 34.930 63575 2 3393 34p930
13575 34.930 34.930 63576 3 3393 34p930
13576 34.940 34.940 63577 0 3394 34p940
13577 34.940 34.940 63578 1 3394 34p940
13578 34.940 34.940 63579 2 3394 34p940
13579 34.940 34.940 63580 3 3394 34p940
13580 34.950 34.950 63581 0 3395 34p950
13581 34.950 34.950 63582 1 3395 34p950
13582 34.950 34.950 63583 2 3395 34p950
13583 34.950 34.950 63584 3 3395 34p950
13584 34.960 34.960 63585 0 3396 34p960
13585 34.960 34.960 63586 1 3396 34p960
13586 34.960 34.960 63587 2 3396 34p960
13587 34.960 34.960 63588 3 3396 34p960
13588 34.970 34.970 63589 0 3397 34p970
13589 34.970 34.970 63590 1 3397 34p970
13590 34.970 34.970 63591 2 3397 34p970
13591 34.970 34.970 63592 3 3397 34p970
13592 34.980 34.980 63593 0 3398 34p980
13593 34.980 34.980 63594 1 3398 34p980
13594 34.980 34.980 63595 2 3398 34p980
13595 34.980 34.980 63596 3 3398 34p980
13596 34.990 34.990 63597 0 3399 34p990
13597 34.990 34.990 63598 1 3399 34p990
13598 34.990 34.990 63599 2 3399 34p990
13599 34.990 34.990 63600 3 3399 34p990
13600 35.000 35.000 63601 0 3400 35p000
13601 35.000 35.000 63602 1 3400 35p000
13602 35.000 35.000 63603 2 3400 35p000
13603 35.000 35.000 63604 3 3400 35p000
13604 35.010 35.010 63605 0 3401 35p010
13605 35.010 35.010 63606 1 3401 35p010
13606 35.010 35.010 63607 2 3401 35p010
13607 35.010 35.010 63608 3 3401 35p010
13608 35.020 35.020 63609 0 3402 35p020
13609 35.020 35.020 63610 1 3402 35p020
13610 35.020 35.020 63611 2 3402 35p020
13611 35.020 35.020 63612 3 3402 35p020
13612 35.030 35.030 63613 0 3403 35p030
13613 35.030 35.030 63614 1 3403 35p030
13614 35.030 35.030 63615 2 3403 35p030
13615 35.030 35.030 63616 3 3403 35p030
13616 35.040 35.040 63617 0 3404 35p040
13617 35.040 35.040 63618 1 3404 35p040
13618 35.040 35.040 63619 2 3404 35p040
13619 35.040 35.040 63620 3 3404 35p040
13620 35.050 35.050 63621 0 3405 35p050
13621 35.050 35.050 63622 1 3405 35p050
13622 35.050 35.050 63623 2 3405 35p050
13623 35.050 35.050 63624 3 3405 35p050
13624 35.060 35.060 63625 0 3406 35p060
13625 35.060 35.060 63626 1 3406 35p060
13626 35.060 35.060 63627 2 3406 35p060
13627 35.060 35.060 63628 3 3406 35p060
13628 35.070 35.070 63629 0 3407 35p070
13629 35.070 35.070 63630 1 3407 35p070
13630 35.070 35.070 63631 2 3407 35p070
13631 35.070 35.070 63632 3 3407 35p070
13632 35.080 35.080 63633 0 3408 35p080
13633 35.080 35.080 63634 1 3408 35p080
13634 35.080 35.080 63635 2 3408 35p080
13635 35.080 35.080 63636 3 3408 35p080
13636 35.090 35.090 63637 0 3409 35p090
13637 35.090 35.090 63638 1 3409 35p090
13638 35.090 35.090 63639 2 3409 35p090
13639 35.090 35.090 63640 3 3409 35p090
13640 35.100 35.100 63641 0 3410 35p100
13641 35.100 35.100 63642 1 3410 35p100
13642 35.100 35.100 63643 2 3410 35p100
13643 35.100 35.100 63644 3 3410 35p100
13644 35.110 35.110 63645 0 3411 35p110
13645 35.110 35.110 63646 1 3411 35p110
13646 35.110 35.110 63647 2 3411 35p110
13647 35.110 35.110 63648 3 3411 35p110
13648 35.120 35.120 63649 0 3412 35p120
13649 35.120 35.120 63650 1 3412 35p120
13650 35.120 35.120 63651 2 3412 35p120
13651 35.120 35.120 63652 3 3412 35p120
13652 35.130 35.130 63653 0 3413 35p130
13653 35.130 35.130 63654 1 3413 35p130
13654 35.130 35.130 63655 2 3413 35p130
13655 35.130 35.130 63656 3 3413 35p130
13656 35.140 35.140 63657 0 3414 35p140
13657 35.140 35.140 63658 1 3414 35p140
13658 35.140 35.140 63659 2 3414 35p140
13659 35.140 35.140 63660 3 3414 35p140
13660 35.150 35.150 63661 0 3415 35p150
13661 35.150 35.150 63662 1 3415 35p150
13662 35.150 35.150 63663 2 3415 35p150
13663 35.150 35.150 63664 3 3415 35p150
13664 35.160 35.160 63665 0 3416 35p160
13665 35.160 35.160 63666 1 3416 35p160
13666 35.160 35.160 63667 2 3416 35p160
13667 35.160 35.160 63668 3 3416 35p160
13668 35.170 35.170 63669 0 3417 35p170
13669 35.170 35.170 63670 1 3417 35p170
13670 35.170 35.170 63671 2 3417 35p170
13671 35.170 35.170 63672 3 3417 35p170
13672 35.180 35.180 63673 0 3418 35p180
13673 35.180 35.180 63674 1 3418 35p180
13674 35.180 35.180 63675 2 3418 35p180
13675 35.180 35.180 63676 3 3418 35p180
13676 35.190 35.190 63677 0 3419 35p190
13677 35.190 35.190 63678 1 3419 35p190
13678 35.190 35.190 63679 2 3419 35p190
13679 35.190 35.190 63680 3 3419 35p190
13680 35.200 35.200 63681 0 3420 35p200
13681 35.200 35.200 63682 1 3420 35p200
13682 35.200 35.200 63683 2 3420 35p200
13683 35.200 35.200 63684 3 3420 35p200
13684 35.210 35.210 63685 0 3421 35p210
13685 35.210 35.210 63686 1 3421 35p210
13686 35.210 35.210 63687 2 3421 35p210
13687 35.210 35.210 63688 3 3421 35p210
13688 35.220 35.220 63689 0 3422 35p220
13689 35.220 35.220 63690 1 3422 35p220
13690 35.220 35.220 63691 2 3422 35p220
13691 35.220 35.220 63692 3 3422 35p220
13692 35.230 35.230 63693 0 3423 35p230
13693 35.230 35.230 63694 1 3423 35p230
13694 35.230 35.230 63695 2 3423 35p230
13695 35.230 35.230 63696 3 3423 35p230
13696 35.240 35.240 63697 0 3424 35p240
13697 35.240 35.240 63698 1 3424 35p240
13698 35.240 35.240 63699 2 3424 35p240
13699 35.240 35.240 63700 3 3424 35p240
13700 35.250 35.250 63701 0 3425 35p250
13701 35.250 35.250 63702 1 3425 35p250
13702 35.250 35.250 63703 2 3425 35p250
13703 35.250 35.250 63704 3 3425 35p250
13704 35.260 35.260 63705 0 3426 35p260
13705 35.260 35.260 63706 1 3426 35p260
13706 35.260 35.260 63707 2 3426 35p260
13707 35.260 35.260 63708 3 3426 35p260
13708 35.270 35.270 63709 0 3427 35p270
13709 35.270 35.270 63710 1 3427 35p270
13710 35.270 35.270 63711 2 3427 35p270
13711 35.270 35.270 63712 3 3427 35p270
13712 35.280 35.280 63713 0 3428 35p280
13713 35.280 35.280 63714 1 3428 35p280
13714 35.280 35.280 63715 2 3428 35p280
13715 35.280 35.280 63716 3 3428 35p280
13716 35.290 35.290 63717 0 3429 35p290
13717 35.290 35.290 63718 1 3429 35p290
13718 35.290 35.290 63719 2 3429 35p290
13719 35.290 35.290 63720 3 3429 35p290
13720 35.300 35.300 63721 0 3430 35p300
13721 35.300 35.300 63722 1 3430 35p300
13722 35.300 35.300 63723 2 3430 35p300
13723 35.300 35.300 63724 3 3430 35p300
13724 35.310 35.310 63725 0 3431 35p310
13725 35.310 35.310 63726 1 3431 35p310
13726 35.310 35.310 63727 2 3431 35p310
13727 35.310 35.310 63728 3 3431 35p310
13728 35.320 35.320 63729 0 3432 35p320
13729 35.320 35.320 63730 1 3432 35p320
13730 35.320 35.320 63731 2 3432 35p320
13731 35.320 35.320 63732 3 3432 35p320
13732 35.330 35.330 63733 0 3433 35p330
13733 35.330 35.330 63734 1 3433 35p330
13734 35.330 35.330 63735 2 3433 35p330
13735 35.330 35.330 63736 3 3433 35p330
13736 35.340 35.340 63737 0 3434 35p340
13737 35.340 35.340 63738 1 3434 35p340
13738 35.340 35.340 63739 2 3434 35p340
13739 35.340 35.340 63740 3 3434 35p340
13740 35.350 35.350 63741 0 3435 35p350
13741 35.350 35.350 63742 1 3435 35p350
13742 35.350 35.350 63743 2 3435 35p350
13743 35.350 35.350 63744 3 3435 35p350
13744 35.360 35.360 63745 0 3436 35p360
13745 35.360 35.360 63746 1 3436 35p360
13746 35.360 35.360 63747 2 3436 35p360
13747 35.360 35.360 63748 3 3436 35p360
13748 35.370 35.370 63749 0 3437 35p370
13749 35.370 35.370 63750 1 3437 35p370
13750 35.370 35.370 63751 2 3437 35p370
13751 35.370 35.370 63752 3 3437 35p370
13752 35.380 35.380 63753 0 3438 35p380
13753 35.380 35.380 63754 1 3438 35p380
13754 35.380 35.380 63755 2 3438 35p380
13755 35.380 35.380 63756 3 3438 35p380
13756 35.390 35.390 63757 0 3439 35p390
13757 35.390 35.390 63758 1 3439 35p390
13758 35.390 35.390 63759 2 3439 35p390
13759 35.390 35.390 63760 3 3439 35p390
13760 35.400 35.400 63761 0 3440 35p400
13761 35.400 35.400 63762 1 3440 35p400
13762 35.400 35.400 63763 2 3440 35p400
13763 35.400 35.400 63764 3 3440 35p400
13764 35.410 35.410 63765 0 3441 35p410
13765 35.410 35.410 63766 1 3441 35p410
13766 35.410 35.410 63767 2 3441 35p410
13767 35.410 35.410 63768 3 3441 35p410
13768 35.420 35.420 63769 0 3442 35p420
13769 35.420 35.420 63770 1 3442 35p420
13770 35.420 35.420 63771 2 3442 35p420
13771 35.420 35.420 63772 3 3442 35p420
13772 35.430 35.430 63773 0 3443 35p430
13773 35.430 35.430 63774 1 3443 35p430
13774 35.430 35.430 63775 2 3443 35p430
13775 35.430 35.430 63776 3 3443 35p430
13776 35.440 35.440 63777 0 3444 35p440
13777 35.440 35.440 63778 1 3444 35p440
13778 35.440 35.440 63779 2 3444 35p440
13779 35.440 35.440 63780 3 3444 35p440
13780 35.450 35.450 63781 0 3445 35p450
13781 35.450 35.450 63782 1 3445 35p450
13782 35.450 35.450 63783 2 3445 35p450
13783 35.450 35.450 63784 3 3445 35p450
13784 35.460 35.460 63785 0 3446 35p460
13785 35.460 35.460 63786 1 3446 35p460
13786 35.460 35.460 63787 2 3446 35p460
13787 35.460 35.460 63788 3 3446 35p460
13788 35.470 35.470 63789 0 3447 35p470
13789 35.470 35.470 63790 1 3447 35p470
13790 35.470 35.470 63791 2 3447 35p470
13791 35.470 35.470 63792 3 3447 35p470
13792 35.480 35.480 63793 0 3448 35p480
13793 35.480 35.480 63794 1 3448 35p480
13794 35.480 35.480 63795 2 3448 35p480
13795 35.480 35.480 63796 3 3448 35p480
13796 35.490 35.490 63797 0 3449 35p490
13797 35.490 35.490 63798 1 3449 35p490
13798 35.490 35.490 63799 2 3449 35p490
13799 35.490 35.490 63800 3 3449 35p490
13800 35.500 35.500 63801 0 3450 35p500
13801 35.500 35.500 63802 1 3450 35p500
13802 35.500 35.500 63803 2 3450 35p500
13803 35.500 35.500 63804 3 3450 35p500
13804 35.510 35.510 63805 0 3451 35p510
13805 35.510 35.510 63806 1 3451 35p510
13806 35.510 35.510 63807 2 3451 35p510
13807 35.510 35.510 63808 3 3451 35p510
13808 35.520 35.520 63809 0 3452 35p520
13809 35.520 35.520 63810 1 3452 35p520
13810 35.520 35.520 63811 2 3452 35p520
13811 35.520 35.520 63812 3 3452 35p520
13812 35.530 35.530 63813 0 3453 35p530
13813 35.530 35.530 63814 1 3453 35p530
13814 35.530 35.530 63815 2 3453 35p530
13815 35.530 35.530 63816 3 3453 35p530
13816 35.540 35.540 63817 0 3454 35p540
13817 35.540 35.540 63818 1 3454 35p540
13818 35.540 35.540 63819 2 3454 35p540
13819 35.540 35.540 63820 3 3454 35p540
13820 35.550 35.550 63821 0 3455 35p550
13821 35.550 35.550 63822 1 3455 35p550
13822 35.550 35.550 63823 2 3455 35p550
13823 35.550 35.550 63824 3 3455 35p550
13824 35.560 35.560 63825 0 3456 35p560
13825 35.560 35.560 63826 1 3456 35p560
13826 35.560 35.560 63827 2 3456 35p560
13827 35.560 35.560 63828 3 3456 35p560
13828 35.570 35.570 63829 0 3457 35p570
13829 35.570 35.570 63830 1 3457 35p570
13830 35.570 35.570 63831 2 3457 35p570
13831 35.570 35.570 63832 3 3457 35p570
13832 35.580 35.580 63833 0 3458 35p580
13833 35.580 35.580 63834 1 3458 35p580
13834 35.580 35.580 63835 2 3458 35p580
13835 35.580 35.580 63836 3 3458 35p580
13836 35.590 35.590 63837 0 3459 35p590
13837 35.590 35.590 63838 1 3459 35p590
13838 35.590 35.590 63839 2 3459 35p590
13839 35.590 35.590 63840 3 3459 35p590
13840 35.600 35.600 63841 0 3460 35p600
13841 35.600 35.600 63842 1 3460 35p600
13842 35.600 35.600 63843 2 3460 35p600
13843 35.600 35.600 63844 3 3460 35p600
13844 35.610 35.610 63845 0 3461 35p610
13845 35.610 35.610 63846 1 3461 35p610
13846 35.610 35.610 63847 2 3461 35p610
13847 35.610 35.610 63848 3 3461 35p610
13848 35.620 35.620 63849 0 3462 35p620
13849 35.620 35.620 63850 1 3462 35p620
13850 35.620 35.620 63851 2 3462 35p620
13851 35.620 35.620 63852 3 3462 35p620
13852 35.630 35.630 63853 0 3463 35p630
13853 35.630 35.630 63854 1 3463 35p630
13854 35.630 35.630 63855 2 3463 35p630
13855 35.630 35.630 63856 3 3463 35p630
13856 35.640 35.640 63857 0 3464 35p640
13857 35.640 35.640 63858 1 3464 35p640
13858 35.640 35.640 63859 2 3464 35p640
13859 35.640 35.640 63860 3 3464 35p640
13860 35.650 35.650 63861 0 3465 35p650
13861 35.650 35.650 63862 1 3465 35p650
13862 35.650 35.650 63863 2 3465 35p650
13863 35.650 35.650 63864 3 3465 35p650
13864 35.660 35.660 63865 0 3466 35p660
13865 35.660 35.660 63866 1 3466 35p660
13866 35.660 35.660 63867 2 3466 35p660
13867 35.660 35.660 63868 3 3466 35p660
13868 35.670 35.670 63869 0 3467 35p670
13869 35.670 35.670 63870 1 3467 35p670
13870 35.670 35.670 63871 2 3467 35p670
13871 35.670 35.670 63872 3 3467 35p670
13872 35.680 35.680 63873 0 3468 35p680
13873 35.680 35.680 63874 1 3468 35p680
13874 35.680 35.680 63875 2 3468 35p680
13875 35.680 35.680 63876 3 3468 35p680
13876 35.690 35.690 63877 0 3469 35p690
13877 35.690 35.690 63878 1 3469 35p690
13878 35.690 35.690 63879 2 3469 35p690
13879 35.690 35.690 63880 3 3469 35p690
13880 35.700 35.700 63881 0 3470 35p700
13881 35.700 35.700 63882 1 3470 35p700
13882 35.700 35.700 63883 2 3470 35p700
13883 35.700 35.700 63884 3 3470 35p700
13884 35.710 35.710 63885 0 3471 35p710
13885 35.710 35.710 63886 1 3471 35p710
13886 35.710 35.710 63887 2 3471 35p710
13887 35.710 35.710 63888 3 3471 35p710
13888 35.720 35.720 63889 0 3472 35p720
13889 35.720 35.720 63890 1 3472 35p720
13890 35.720 35.720 63891 2 3472 35p720
13891 35.720 35.720 63892 3 3472 35p720
13892 35.730 35.730 63893 0 3473 35p730
13893 35.730 35.730 63894 1 3473 35p730
13894 35.730 35.730 63895 2 3473 35p730
13895 35.730 35.730 63896 3 3473 35p730
13896 35.740 35.740 63897 0 3474 35p740
13897 35.740 35.740 63898 1 3474 35p740
13898 35.740 35.740 63899 2 3474 35p740
13899 35.740 35.740 63900 3 3474 35p740
13900 35.750 35.750 63901 0 3475 35p750
13901 35.750 35.750 63902 1 3475 35p750
13902 35.750 35.750 63903 2 3475 35p750
13903 35.750 35.750 63904 3 3475 35p750
13904 35.760 35.760 63905 0 3476 35p760
13905 35.760 35.760 63906 1 3476 35p760
13906 35.760 35.760 63907 2 3476 35p760
13907 35.760 35.760 63908 3 3476 35p760
13908 35.770 35.770 63909 0 3477 35p770
13909 35.770 35.770 63910 1 3477 35p770
13910 35.770 35.770 63911 2 3477 35p770
13911 35.770 35.770 63912 3 3477 35p770
13912 35.780 35.780 63913 0 3478 35p780
13913 35.780 35.780 63914 1 3478 35p780
13914 35.780 35.780 63915 2 3478 35p780
13915 35.780 35.780 63916 3 3478 35p780
13916 35.790 35.790 63917 0 3479 35p790
13917 35.790 35.790 63918 1 3479 35p790
13918 35.790 35.790 63919 2 3479 35p790
13919 35.790 35.790 63920 3 3479 35p790
13920 35.800 35.800 63921 0 3480 35p800
13921 35.800 35.800 63922 1 3480 35p800
13922 35.800 35.800 63923 2 3480 35p800
13923 35.800 35.800 63924 3 3480 35p800
13924 35.810 35.810 63925 0 3481 35p810
13925 35.810 35.810 63926 1 3481 35p810
13926 35.810 35.810 63927 2 3481 35p810
13927 35.810 35.810 63928 3 3481 35p810
13928 35.820 35.820 63929 0 3482 35p820
13929 35.820 35.820 63930 1 3482 35p820
13930 35.820 35.820 63931 2 3482 35p820
13931 35.820 35.820 63932 3 3482 35p820
13932 35.830 35.830 63933 0 3483 35p830
13933 35.830 35.830 63934 1 3483 35p830
13934 35.830 35.830 63935 2 3483 35p830
13935 35.830 35.830 63936 3 3483 35p830
13936 35.840 35.840 63937 0 3484 35p840
13937 35.840 35.840 63938 1 3484 35p840
13938 35.840 35.840 63939 2 3484 35p840
13939 35.840 35.840 63940 3 3484 35p840
13940 35.850 35.850 63941 0 3485 35p850
13941 35.850 35.850 63942 1 3485 35p850
13942 35.850 35.850 63943 2 3485 35p850
13943 35.850 35.850 63944 3 3485 35p850
13944 35.860 35.860 63945 0 3486 35p860
13945 35.860 35.860 63946 1 3486 35p860
13946 35.860 35.860 63947 2 3486 35p860
13947 35.860 35.860 63948 3 3486 35p860
13948 35.870 35.870 63949 0 3487 35p870
13949 35.870 35.870 63950 1 3487 35p870
13950 35.870 35.870 63951 2 3487 35p870
13951 35.870 35.870 63952 3 3487 35p870
13952 35.880 35.880 63953 0 3488 35p880
13953 35.880 35.880 63954 1 3488 35p880
13954 35.880 35.880 63955 2 3488 35p880
13955 35.880 35.880 63956 3 3488 35p880
13956 35.890 35.890 63957 0 3489 35p890
13957 35.890 35.890 63958 1 3489 35p890
13958 35.890 35.890 63959 2 3489 35p890
13959 35.890 35.890 63960 3 3489 35p890
13960 35.900 35.900 63961 0 3490 35p900
13961 35.900 35.900 63962 1 3490 35p900
13962 35.900 35.900 63963 2 3490 35p900
13963 35.900 35.900 63964 3 3490 35p900
13964 35.910 35.910 63965 0 3491 35p910
13965 35.910 35.910 63966 1 3491 35p910
13966 35.910 35.910 63967 2 3491 35p910
13967 35.910 35.910 63968 3 3491 35p910
13968 35.920 35.920 63969 0 3492 35p920
13969 35.920 35.920 63970 1 3492 35p920
13970 35.920 35.920 63971 2 3492 35p920
13971 35.920 35.920 63972 3 3492 35p920
13972 35.930 35.930 63973 0 3493 35p930
13973 35.930 35.930 63974 1 3493 35p930
13974 35.930 35.930 63975 2 3493 35p930
13975 35.930 35.930 63976 3 3493 35p930
13976 35.940 35.940 63977 0 3494 35p940
13977 35.940 35.940 63978 1 3494 35p940
13978 35.940 35.940 63979 2 3494 35p940
13979 35.940 35.940 63980 3 3494 35p940
13980 35.950 35.950 63981 0 3495 35p950
13981 35.950 35.950 63982 1 3495 35p950
13982 35.950 35.950 63983 2 3495 35p950
13983 35.950 35.950 63984 3 3495 35p950
13984 35.960 35.960 63985 0 3496 35p960
13985 35.960 35.960 63986 1 3496 35p960
13986 35.960 35.960 63987 2 3496 35p960
13987 35.960 35.960 63988 3 3496 35p960
13988 35.970 35.970 63989 0 3497 35p970
13989 35.970 35.970 63990 1 3497 35p970
13990 35.970 35.970 63991 2 3497 35p970
13991 35.970 35.970 63992 3 3497 35p970
13992 35.980 35.980 63993 0 3498 35p980
13993 35.980 35.980 63994 1 3498 35p980
13994 35.980 35.980 63995 2 3498 35p980
13995 35.980 35.980 63996 3 3498 35p980
13996 35.990 35.990 63997 0 3499 35p990
13997 35.990 35.990 63998 1 3499 35p990
13998 35.990 35.990 63999 2 3499 35p990
13999 35.990 35.990 64000 3 3499 35p990
14000 36.000 36.000 64001 0 3500 36p000
14001 36.000 36.000 64002 1 3500 36p000
14002 36.000 36.000 64003 2 3500 36p000
14003 36.000 36.000 64004 3 3500 36p000
14004 36.010 36.010 64005 0 3501 36p010
14005 36.010 36.010 64006 1 3501 36p010
14006 36.010 36.010 64007 2 3501 36p010
14007 36.010 36.010 64008 3 3501 36p010
14008 36.020 36.020 64009 0 3502 36p020
14009 36.020 36.020 64010 1 3502 36p020
14010 36.020 36.020 64011 2 3502 36p020
14011 36.020 36.020 64012 3 3502 36p020
14012 36.030 36.030 64013 0 3503 36p030
14013 36.030 36.030 64014 1 3503 36p030
14014 36.030 36.030 64015 2 3503 36p030
14015 36.030 36.030 64016 3 3503 36p030
14016 36.040 36.040 64017 0 3504 36p040
14017 36.040 36.040 64018 1 3504 36p040
14018 36.040 36.040 64019 2 3504 36p040
14019 36.040 36.040 64020 3 3504 36p040
14020 36.050 36.050 64021 0 3505 36p050
14021 36.050 36.050 64022 1 3505 36p050
14022 36.050 36.050 64023 2 3505 36p050
14023 36.050 36.050 64024 3 3505 36p050
14024 36.060 36.060 64025 0 3506 36p060
14025 36.060 36.060 64026 1 3506 36p060
14026 36.060 36.060 64027 2 3506 36p060
14027 36.060 36.060 64028 3 3506 36p060
14028 36.070 36.070 64029 0 3507 36p070
14029 36.070 36.070 64030 1 3507 36p070
14030 36.070 36.070 64031 2 3507 36p070
14031 36.070 36.070 64032 3 3507 36p070
14032 36.080 36.080 64033 0 3508 36p080
14033 36.080 36.080 64034 1 3508 36p080
14034 36.080 36.080 64035 2 3508 36p080
14035 36.080 36.080 64036 3 3508 36p080
14036 36.090 36.090 64037 0 3509 36p090
14037 36.090 36.090 64038 1 3509 36p090
14038 36.090 36.090 64039 2 3509 36p090
14039 36.090 36.090 64040 3 3509 36p090
14040 36.100 36.100 64041 0 3510 36p100
14041 36.100 36.100 64042 1 3510 36p100
14042 36.100 36.100 64043 2 3510 36p100
14043 36.100 36.100 64044 3 3510 36p100
14044 36.110 36.110 64045 0 3511 36p110
14045 36.110 36.110 64046 1 3511 36p110
14046 36.110 36.110 64047 2 3511 36p110
14047 36.110 36.110 64048 3 3511 36p110
14048 36.120 36.120 64049 0 3512 36p120
14049 36.120 36.120 64050 1 3512 36p120
14050 36.120 36.120 64051 2 3512 36p120
14051 36.120 36.120 64052 3 3512 36p120
14052 36.130 36.130 64053 0 3513 36p130
14053 36.130 36.130 64054 1 3513 36p130
14054 36.130 36.130 64055 2 3513 36p130
14055 36.130 36.130 64056 3 3513 36p130
14056 36.140 36.140 64057 0 3514 36p140
14057 36.140 36.140 64058 1 3514 36p140
14058 36.140 36.140 64059 2 3514 36p140
14059 36.140 36.140 64060 3 3514 36p140
14060 36.150 36.150 64061 0 3515 36p150
14061 36.150 36.150 64062 1 3515 36p150
14062 36.150 36.150 64063 2 3515 36p150
14063 36.150 36.150 64064 3 3515 36p150
14064 36.160 36.160 64065 0 3516 36p160
14065 36.160 36.160 64066 1 3516 36p160
14066 36.160 36.160 64067 2 3516 36p160
14067 36.160 36.160 64068 3 3516 36p160
14068 36.170 36.170 64069 0 3517 36p170
14069 36.170 36.170 64070 1 3517 36p170
14070 36.170 36.170 64071 2 3517 36p170
14071 36.170 36.170 64072 3 3517 36p170
14072 36.180 36.180 64073 0 3518 36p180
14073 36.180 36.180 64074 1 3518 36p180
14074 36.180 36.180 64075 2 3518 36p180
14075 36.180 36.180 64076 3 3518 36p180
14076 36.190 36.190 64077 0 3519 36p190
14077 36.190 36.190 64078 1 3519 36p190
14078 36.190 36.190 64079 2 3519 36p190
14079 36.190 36.190 64080 3 3519 36p190
14080 36.200 36.200 64081 0 3520 36p200
14081 36.200 36.200 64082 1 3520 36p200
14082 36.200 36.200 64083 2 3520 36p200
14083 36.200 36.200 64084 3 3520 36p200
14084 36.210 36.210 64085 0 3521 36p210
14085 36.210 36.210 64086 1 3521 36p210
14086 36.210 36.210 64087 2 3521 36p210
14087 36.210 36.210 64088 3 3521 36p210
14088 36.220 36.220 64089 0 3522 36p220
14089 36.220 36.220 64090 1 3522 36p220
14090 36.220 36.220 64091 2 3522 36p220
14091 36.220 36.220 64092 3 3522 36p220
14092 36.230 36.230 64093 0 3523 36p230
14093 36.230 36.230 64094 1 3523 36p230
14094 36.230 36.230 64095 2 3523 36p230
14095 36.230 36.230 64096 3 3523 36p230
14096 36.240 36.240 64097 0 3524 36p240
14097 36.240 36.240 64098 1 3524 36p240
14098 36.240 36.240 64099 2 3524 36p240
14099 36.240 36.240 64100 3 3524 36p240
14100 36.250 36.250 64101 0 3525 36p250
14101 36.250 36.250 64102 1 3525 36p250
14102 36.250 36.250 64103 2 3525 36p250
14103 36.250 36.250 64104 3 3525 36p250
14104 36.260 36.260 64105 0 3526 36p260
14105 36.260 36.260 64106 1 3526 36p260
14106 36.260 36.260 64107 2 3526 36p260
14107 36.260 36.260 64108 3 3526 36p260
14108 36.270 36.270 64109 0 3527 36p270
14109 36.270 36.270 64110 1 3527 36p270
14110 36.270 36.270 64111 2 3527 36p270
14111 36.270 36.270 64112 3 3527 36p270
14112 36.280 36.280 64113 0 3528 36p280
14113 36.280 36.280 64114 1 3528 36p280
14114 36.280 36.280 64115 2 3528 36p280
14115 36.280 36.280 64116 3 3528 36p280
14116 36.290 36.290 64117 0 3529 36p290
14117 36.290 36.290 64118 1 3529 36p290
14118 36.290 36.290 64119 2 3529 36p290
14119 36.290 36.290 64120 3 3529 36p290
14120 36.300 36.300 64121 0 3530 36p300
14121 36.300 36.300 64122 1 3530 36p300
14122 36.300 36.300 64123 2 3530 36p300
14123 36.300 36.300 64124 3 3530 36p300
14124 36.310 36.310 64125 0 3531 36p310
14125 36.310 36.310 64126 1 3531 36p310
14126 36.310 36.310 64127 2 3531 36p310
14127 36.310 36.310 64128 3 3531 36p310
14128 36.320 36.320 64129 0 3532 36p320
14129 36.320 36.320 64130 1 3532 36p320
14130 36.320 36.320 64131 2 3532 36p320
14131 36.320 36.320 64132 3 3532 36p320
14132 36.330 36.330 64133 0 3533 36p330
14133 36.330 36.330 64134 1 3533 36p330
14134 36.330 36.330 64135 2 3533 36p330
14135 36.330 36.330 64136 3 3533 36p330
14136 36.340 36.340 64137 0 3534 36p340
14137 36.340 36.340 64138 1 3534 36p340
14138 36.340 36.340 64139 2 3534 36p340
14139 36.340 36.340 64140 3 3534 36p340
14140 36.350 36.350 64141 0 3535 36p350
14141 36.350 36.350 64142 1 3535 36p350
14142 36.350 36.350 64143 2 3535 36p350
14143 36.350 36.350 64144 3 3535 36p350
14144 36.360 36.360 64145 0 3536 36p360
14145 36.360 36.360 64146 1 3536 36p360
14146 36.360 36.360 64147 2 3536 36p360
14147 36.360 36.360 64148 3 3536 36p360
14148 36.370 36.370 64149 0 3537 36p370
14149 36.370 36.370 64150 1 3537 36p370
14150 36.370 36.370 64151 2 3537 36p370
14151 36.370 36.370 64152 3 3537 36p370
14152 36.380 36.380 64153 0 3538 36p380
14153 36.380 36.380 64154 1 3538 36p380
14154 36.380 36.380 64155 2 3538 36p380
14155 36.380 36.380 64156 3 3538 36p380
14156 36.390 36.390 64157 0 3539 36p390
14157 36.390 36.390 64158 1 3539 36p390
14158 36.390 36.390 64159 2 3539 36p390
14159 36.390 36.390 64160 3 3539 36p390
14160 36.400 36.400 64161 0 3540 36p400
14161 36.400 36.400 64162 1 3540 36p400
14162 36.400 36.400 64163 2 3540 36p400
14163 36.400 36.400 64164 3 3540 36p400
14164 36.410 36.410 64165 0 3541 36p410
14165 36.410 36.410 64166 1 3541 36p410
14166 36.410 36.410 64167 2 3541 36p410
14167 36.410 36.410 64168 3 3541 36p410
14168 36.420 36.420 64169 0 3542 36p420
14169 36.420 36.420 64170 1 3542 36p420
14170 36.420 36.420 64171 2 3542 36p420
14171 36.420 36.420 64172 3 3542 36p420
14172 36.430 36.430 64173 0 3543 36p430
14173 36.430 36.430 64174 1 3543 36p430
14174 36.430 36.430 64175 2 3543 36p430
14175 36.430 36.430 64176 3 3543 36p430
14176 36.440 36.440 64177 0 3544 36p440
14177 36.440 36.440 64178 1 3544 36p440
14178 36.440 36.440 64179 2 3544 36p440
14179 36.440 36.440 64180 3 3544 36p440
14180 36.450 36.450 64181 0 3545 36p450
14181 36.450 36.450 64182 1 3545 36p450
14182 36.450 36.450 64183 2 3545 36p450
14183 36.450 36.450 64184 3 3545 36p450
14184 36.460 36.460 64185 0 3546 36p460
14185 36.460 36.460 64186 1 3546 36p460
14186 36.460 36.460 64187 2 3546 36p460
14187 36.460 36.460 64188 3 3546 36p460
14188 36.470 36.470 64189 0 3547 36p470
14189 36.470 36.470 64190 1 3547 36p470
14190 36.470 36.470 64191 2 3547 36p470
14191 36.470 36.470 64192 3 3547 36p470
14192 36.480 36.480 64193 0 3548 36p480
14193 36.480 36.480 64194 1 3548 36p480
14194 36.480 36.480 64195 2 3548 36p480
14195 36.480 36.480 64196 3 3548 36p480
14196 36.490 36.490 64197 0 3549 36p490
14197 36.490 36.490 64198 1 3549 36p490
14198 36.490 36.490 64199 2 3549 36p490
14199 36.490 36.490 64200 3 3549 36p490
14200 36.500 36.500 64201 0 3550 36p500
14201 36.500 36.500 64202 1 3550 36p500
14202 36.500 36.500 64203 2 3550 36p500
14203 36.500 36.500 64204 3 3550 36p500
14204 36.510 36.510 64205 0 3551 36p510
14205 36.510 36.510 64206 1 3551 36p510
14206 36.510 36.510 64207 2 3551 36p510
14207 36.510 36.510 64208 3 3551 36p510
14208 36.520 36.520 64209 0 3552 36p520
14209 36.520 36.520 64210 1 3552 36p520
14210 36.520 36.520 64211 2 3552 36p520
14211 36.520 36.520 64212 3 3552 36p520
14212 36.530 36.530 64213 0 3553 36p530
14213 36.530 36.530 64214 1 3553 36p530
14214 36.530 36.530 64215 2 3553 36p530
14215 36.530 36.530 64216 3 3553 36p530
14216 36.540 36.540 64217 0 3554 36p540
14217 36.540 36.540 64218 1 3554 36p540
14218 36.540 36.540 64219 2 3554 36p540
14219 36.540 36.540 64220 3 3554 36p540
14220 36.550 36.550 64221 0 3555 36p550
14221 36.550 36.550 64222 1 3555 36p550
14222 36.550 36.550 64223 2 3555 36p550
14223 36.550 36.550 64224 3 3555 36p550
14224 36.560 36.560 64225 0 3556 36p560
14225 36.560 36.560 64226 1 3556 36p560
14226 36.560 36.560 64227 2 3556 36p560
14227 36.560 36.560 64228 3 3556 36p560
14228 36.570 36.570 64229 0 3557 36p570
14229 36.570 36.570 64230 1 3557 36p570
14230 36.570 36.570 64231 2 3557 36p570
14231 36.570 36.570 64232 3 3557 36p570
14232 36.580 36.580 64233 0 3558 36p580
14233 36.580 36.580 64234 1 3558 36p580
14234 36.580 36.580 64235 2 3558 36p580
14235 36.580 36.580 64236 3 3558 36p580
14236 36.590 36.590 64237 0 3559 36p590
14237 36.590 36.590 64238 1 3559 36p590
14238 36.590 36.590 64239 2 3559 36p590
14239 36.590 36.590 64240 3 3559 36p590
14240 36.600 36.600 64241 0 3560 36p600
14241 36.600 36.600 64242 1 3560 36p600
14242 36.600 36.600 64243 2 3560 36p600
14243 36.600 36.600 64244 3 3560 36p600
14244 36.610 36.610 64245 0 3561 36p610
14245 36.610 36.610 64246 1 3561 36p610
14246 36.610 36.610 64247 2 3561 36p610
14247 36.610 36.610 64248 3 3561 36p610
14248 36.620 36.620 64249 0 3562 36p620
14249 36.620 36.620 64250 1 3562 36p620
14250 36.620 36.620 64251 2 3562 36p620
14251 36.620 36.620 64252 3 3562 36p620
14252 36.630 36.630 64253 0 3563 36p630
14253 36.630 36.630 64254 1 3563 36p630
14254 36.630 36.630 64255 2 3563 36p630
14255 36.630 36.630 64256 3 3563 36p630
14256 36.640 36.640 64257 0 3564 36p640
14257 36.640 36.640 64258 1 3564 36p640
14258 36.640 36.640 64259 2 3564 36p640
14259 36.640 36.640 64260 3 3564 36p640
14260 36.650 36.650 64261 0 3565 36p650
14261 36.650 36.650 64262 1 3565 36p650
14262 36.650 36.650 64263 2 3565 36p650
14263 36.650 36.650 64264 3 3565 36p650
14264 36.660 36.660 64265 0 3566 36p660
14265 36.660 36.660 64266 1 3566 36p660
14266 36.660 36.660 64267 2 3566 36p660
14267 36.660 36.660 64268 3 3566 36p660
14268 36.670 36.670 64269 0 3567 36p670
14269 36.670 36.670 64270 1 3567 36p670
14270 36.670 36.670 64271 2 3567 36p670
14271 36.670 36.670 64272 3 3567 36p670
14272 36.680 36.680 64273 0 3568 36p680
14273 36.680 36.680 64274 1 3568 36p680
14274 36.680 36.680 64275 2 3568 36p680
14275 36.680 36.680 64276 3 3568 36p680
14276 36.690 36.690 64277 0 3569 36p690
14277 36.690 36.690 64278 1 3569 36p690
14278 36.690 36.690 64279 2 3569 36p690
14279 36.690 36.690 64280 3 3569 36p690
14280 36.700 36.700 64281 0 3570 36p700
14281 36.700 36.700 64282 1 3570 36p700
14282 36.700 36.700 64283 2 3570 36p700
14283 36.700 36.700 64284 3 3570 36p700
14284 36.710 36.710 64285 0 3571 36p710
14285 36.710 36.710 64286 1 3571 36p710
14286 36.710 36.710 64287 2 3571 36p710
14287 36.710 36.710 64288 3 3571 36p710
14288 36.720 36.720 64289 0 3572 36p720
14289 36.720 36.720 64290 1 3572 36p720
14290 36.720 36.720 64291 2 3572 36p720
14291 36.720 36.720 64292 3 3572 36p720
14292 36.730 36.730 64293 0 3573 36p730
14293 36.730 36.730 64294 1 3573 36p730
14294 36.730 36.730 64295 2 3573 36p730
14295 36.730 36.730 64296 3 3573 36p730
14296 36.740 36.740 64297 0 3574 36p740
14297 36.740 36.740 64298 1 3574 36p740
14298 36.740 36.740 64299 2 3574 36p740
14299 36.740 36.740 64300 3 3574 36p740
14300 36.750 36.750 64301 0 3575 36p750
14301 36.750 36.750 64302 1 3575 36p750
14302 36.750 36.750 64303 2 3575 36p750
14303 36.750 36.750 64304 3 3575 36p750
14304 36.760 36.760 64305 0 3576 36p760
14305 36.760 36.760 64306 1 3576 36p760
14306 36.760 36.760 64307 2 3576 36p760
14307 36.760 36.760 64308 3 3576 36p760
14308 36.770 36.770 64309 0 3577 36p770
14309 36.770 36.770 64310 1 3577 36p770
14310 36.770 36.770 64311 2 3577 36p770
14311 36.770 36.770 64312 3 3577 36p770
14312 36.780 36.780 64313 0 3578 36p780
14313 36.780 36.780 64314 1 3578 36p780
14314 36.780 36.780 64315 2 3578 36p780
14315 36.780 36.780 64316 3 3578 36p780
14316 36.790 36.790 64317 0 3579 36p790
14317 36.790 36.790 64318 1 3579 36p790
14318 36.790 36.790 64319 2 3579 36p790
14319 36.790 36.790 64320 3 3579 36p790
14320 36.800 36.800 64321 0 3580 36p800
14321 36.800 36.800 64322 1 3580 36p800
14322 36.800 36.800 64323 2 3580 36p800
14323 36.800 36.800 64324 3 3580 36p800
14324 36.810 36.810 64325 0 3581 36p810
14325 36.810 36.810 64326 1 3581 36p810
14326 36.810 36.810 64327 2 3581 36p810
14327 36.810 36.810 64328 3 3581 36p810
14328 36.820 36.820 64329 0 3582 36p820
14329 36.820 36.820 64330 1 3582 36p820
14330 36.820 36.820 64331 2 3582 36p820
14331 36.820 36.820 64332 3 3582 36p820
14332 36.830 36.830 64333 0 3583 36p830
14333 36.830 36.830 64334 1 3583 36p830
14334 36.830 36.830 64335 2 3583 36p830
14335 36.830 36.830 64336 3 3583 36p830
14336 36.840 36.840 64337 0 3584 36p840
14337 36.840 36.840 64338 1 3584 36p840
14338 36.840 36.840 64339 2 3584 36p840
14339 36.840 36.840 64340 3 3584 36p840
14340 36.850 36.850 64341 0 3585 36p850
14341 36.850 36.850 64342 1 3585 36p850
14342 36.850 36.850 64343 2 3585 36p850
14343 36.850 36.850 64344 3 3585 36p850
14344 36.860 36.860 64345 0 3586 36p860
14345 36.860 36.860 64346 1 3586 36p860
14346 36.860 36.860 64347 2 3586 36p860
14347 36.860 36.860 64348 3 3586 36p860
14348 36.870 36.870 64349 0 3587 36p870
14349 36.870 36.870 64350 1 3587 36p870
14350 36.870 36.870 64351 2 3587 36p870
14351 36.870 36.870 64352 3 3587 36p870
14352 36.880 36.880 64353 0 3588 36p880
14353 36.880 36.880 64354 1 3588 36p880
14354 36.880 36.880 64355 2 3588 36p880
14355 36.880 36.880 64356 3 3588 36p880
14356 36.890 36.890 64357 0 3589 36p890
14357 36.890 36.890 64358 1 3589 36p890
14358 36.890 36.890 64359 2 3589 36p890
14359 36.890 36.890 64360 3 3589 36p890
14360 36.900 36.900 64361 0 3590 36p900
14361 36.900 36.900 64362 1 3590 36p900
14362 36.900 36.900 64363 2 3590 36p900
14363 36.900 36.900 64364 3 3590 36p900
14364 36.910 36.910 64365 0 3591 36p910
14365 36.910 36.910 64366 1 3591 36p910
14366 36.910 36.910 64367 2 3591 36p910
14367 36.910 36.910 64368 3 3591 36p910
14368 36.920 36.920 64369 0 3592 36p920
14369 36.920 36.920 64370 1 3592 36p920
14370 36.920 36.920 64371 2 3592 36p920
14371 36.920 36.920 64372 3 3592 36p920
14372 36.930 36.930 64373 0 3593 36p930
14373 36.930 36.930 64374 1 3593 36p930
14374 36.930 36.930 64375 2 3593 36p930
14375 36.930 36.930 64376 3 3593 36p930
14376 36.940 36.940 64377 0 3594 36p940
14377 36.940 36.940 64378 1 3594 36p940
14378 36.940 36.940 64379 2 3594 36p940
14379 36.940 36.940 64380 3 3594 36p940
14380 36.950 36.950 64381 0 3595 36p950
14381 36.950 36.950 64382 1 3595 36p950
14382 36.950 36.950 64383 2 3595 36p950
14383 36.950 36.950 64384 3 3595 36p950
14384 36.960 36.960 64385 0 3596 36p960
14385 36.960 36.960 64386 1 3596 36p960
14386 36.960 36.960 64387 2 3596 36p960
14387 36.960 36.960 64388 3 3596 36p960
14388 36.970 36.970 64389 0 3597 36p970
14389 36.970 36.970 64390 1 3597 36p970
14390 36.970 36.970 64391 2 3597 36p970
14391 36.970 36.970 64392 3 3597 36p970
14392 36.980 36.980 64393 0 3598 36p980
14393 36.980 36.980 64394 1 3598 36p980
14394 36.980 36.980 64395 2 3598 36p980
14395 36.980 36.980 64396 3 3598 36p980
14396 36.990 36.990 64397 0 3599 36p990
14397 36.990 36.990 64398 1 3599 36p990
14398 36.990 36.990 64399 2 3599 36p990
14399 36.990 36.990 64400 3 3599 36p990
14400 37.000 37.000 64401 0 3600 37p000
14401 37.000 37.000 64402 1 3600 37p000
14402 37.000 37.000 64403 2 3600 37p000
14403 37.000 37.000 64404 3 3600 37p000
14404 37.010 37.010 64405 0 3601 37p010
14405 37.010 37.010 64406 1 3601 37p010
14406 37.010 37.010 64407 2 3601 37p010
14407 37.010 37.010 64408 3 3601 37p010
14408 37.020 37.020 64409 0 3602 37p020
14409 37.020 37.020 64410 1 3602 37p020
14410 37.020 37.020 64411 2 3602 37p020
14411 37.020 37.020 64412 3 3602 37p020
14412 37.030 37.030 64413 0 3603 37p030
14413 37.030 37.030 64414 1 3603 37p030
14414 37.030 37.030 64415 2 3603 37p030
14415 37.030 37.030 64416 3 3603 37p030
14416 37.040 37.040 64417 0 3604 37p040
14417 37.040 37.040 64418 1 3604 37p040
14418 37.040 37.040 64419 2 3604 37p040
14419 37.040 37.040 64420 3 3604 37p040
14420 37.050 37.050 64421 0 3605 37p050
14421 37.050 37.050 64422 1 3605 37p050
14422 37.050 37.050 64423 2 3605 37p050
14423 37.050 37.050 64424 3 3605 37p050
14424 37.060 37.060 64425 0 3606 37p060
14425 37.060 37.060 64426 1 3606 37p060
14426 37.060 37.060 64427 2 3606 37p060
14427 37.060 37.060 64428 3 3606 37p060
14428 37.070 37.070 64429 0 3607 37p070
14429 37.070 37.070 64430 1 3607 37p070
14430 37.070 37.070 64431 2 3607 37p070
14431 37.070 37.070 64432 3 3607 37p070
14432 37.080 37.080 64433 0 3608 37p080
14433 37.080 37.080 64434 1 3608 37p080
14434 37.080 37.080 64435 2 3608 37p080
14435 37.080 37.080 64436 3 3608 37p080
14436 37.090 37.090 64437 0 3609 37p090
14437 37.090 37.090 64438 1 3609 37p090
14438 37.090 37.090 64439 2 3609 37p090
14439 37.090 37.090 64440 3 3609 37p090
14440 37.100 37.100 64441 0 3610 37p100
14441 37.100 37.100 64442 1 3610 37p100
14442 37.100 37.100 64443 2 3610 37p100
14443 37.100 37.100 64444 3 3610 37p100
14444 37.110 37.110 64445 0 3611 37p110
14445 37.110 37.110 64446 1 3611 37p110
14446 37.110 37.110 64447 2 3611 37p110
14447 37.110 37.110 64448 3 3611 37p110
14448 37.120 37.120 64449 0 3612 37p120
14449 37.120 37.120 64450 1 3612 37p120
14450 37.120 37.120 64451 2 3612 37p120
14451 37.120 37.120 64452 3 3612 37p120
14452 37.130 37.130 64453 0 3613 37p130
14453 37.130 37.130 64454 1 3613 37p130
14454 37.130 37.130 64455 2 3613 37p130
14455 37.130 37.130 64456 3 3613 37p130
14456 37.140 37.140 64457 0 3614 37p140
14457 37.140 37.140 64458 1 3614 37p140
14458 37.140 37.140 64459 2 3614 37p140
14459 37.140 37.140 64460 3 3614 37p140
14460 37.150 37.150 64461 0 3615 37p150
14461 37.150 37.150 64462 1 3615 37p150
14462 37.150 37.150 64463 2 3615 37p150
14463 37.150 37.150 64464 3 3615 37p150
14464 37.160 37.160 64465 0 3616 37p160
14465 37.160 37.160 64466 1 3616 37p160
14466 37.160 37.160 64467 2 3616 37p160
14467 37.160 37.160 64468 3 3616 37p160
14468 37.170 37.170 64469 0 3617 37p170
14469 37.170 37.170 64470 1 3617 37p170
14470 37.170 37.170 64471 2 3617 37p170
14471 37.170 37.170 64472 3 3617 37p170
14472 37.180 37.180 64473 0 3618 37p180
14473 37.180 37.180 64474 1 3618 37p180
14474 37.180 37.180 64475 2 3618 37p180
14475 37.180 37.180 64476 3 3618 37p180
14476 37.190 37.190 64477 0 3619 37p190
14477 37.190 37.190 64478 1 3619 37p190
14478 37.190 37.190 64479 2 3619 37p190
14479 37.190 37.190 64480 3 3619 37p190
14480 37.200 37.200 64481 0 3620 37p200
14481 37.200 37.200 64482 1 3620 37p200
14482 37.200 37.200 64483 2 3620 37p200
14483 37.200 37.200 64484 3 3620 37p200
14484 37.210 37.210 64485 0 3621 37p210
14485 37.210 37.210 64486 1 3621 37p210
14486 37.210 37.210 64487 2 3621 37p210
14487 37.210 37.210 64488 3 3621 37p210
14488 37.220 37.220 64489 0 3622 37p220
14489 37.220 37.220 64490 1 3622 37p220
14490 37.220 37.220 64491 2 3622 37p220
14491 37.220 37.220 64492 3 3622 37p220
14492 37.230 37.230 64493 0 3623 37p230
14493 37.230 37.230 64494 1 3623 37p230
14494 37.230 37.230 64495 2 3623 37p230
14495 37.230 37.230 64496 3 3623 37p230
14496 37.240 37.240 64497 0 3624 37p240
14497 37.240 37.240 64498 1 3624 37p240
14498 37.240 37.240 64499 2 3624 37p240
14499 37.240 37.240 64500 3 3624 37p240
14500 37.250 37.250 64501 0 3625 37p250
14501 37.250 37.250 64502 1 3625 37p250
14502 37.250 37.250 64503 2 3625 37p250
14503 37.250 37.250 64504 3 3625 37p250
14504 37.260 37.260 64505 0 3626 37p260
14505 37.260 37.260 64506 1 3626 37p260
14506 37.260 37.260 64507 2 3626 37p260
14507 37.260 37.260 64508 3 3626 37p260
14508 37.270 37.270 64509 0 3627 37p270
14509 37.270 37.270 64510 1 3627 37p270
14510 37.270 37.270 64511 2 3627 37p270
14511 37.270 37.270 64512 3 3627 37p270
14512 37.280 37.280 64513 0 3628 37p280
14513 37.280 37.280 64514 1 3628 37p280
14514 37.280 37.280 64515 2 3628 37p280
14515 37.280 37.280 64516 3 3628 37p280
14516 37.290 37.290 64517 0 3629 37p290
14517 37.290 37.290 64518 1 3629 37p290
14518 37.290 37.290 64519 2 3629 37p290
14519 37.290 37.290 64520 3 3629 37p290
14520 37.300 37.300 64521 0 3630 37p300
14521 37.300 37.300 64522 1 3630 37p300
14522 37.300 37.300 64523 2 3630 37p300
14523 37.300 37.300 64524 3 3630 37p300
14524 37.310 37.310 64525 0 3631 37p310
14525 37.310 37.310 64526 1 3631 37p310
14526 37.310 37.310 64527 2 3631 37p310
14527 37.310 37.310 64528 3 3631 37p310
14528 37.320 37.320 64529 0 3632 37p320
14529 37.320 37.320 64530 1 3632 37p320
14530 37.320 37.320 64531 2 3632 37p320
14531 37.320 37.320 64532 3 3632 37p320
14532 37.330 37.330 64533 0 3633 37p330
14533 37.330 37.330 64534 1 3633 37p330
14534 37.330 37.330 64535 2 3633 37p330
14535 37.330 37.330 64536 3 3633 37p330
14536 37.340 37.340 64537 0 3634 37p340
14537 37.340 37.340 64538 1 3634 37p340
14538 37.340 37.340 64539 2 3634 37p340
14539 37.340 37.340 64540 3 3634 37p340
14540 37.350 37.350 64541 0 3635 37p350
14541 37.350 37.350 64542 1 3635 37p350
14542 37.350 37.350 64543 2 3635 37p350
14543 37.350 37.350 64544 3 3635 37p350
14544 37.360 37.360 64545 0 3636 37p360
14545 37.360 37.360 64546 1 3636 37p360
14546 37.360 37.360 64547 2 3636 37p360
14547 37.360 37.360 64548 3 3636 37p360
14548 37.370 37.370 64549 0 3637 37p370
14549 37.370 37.370 64550 1 3637 37p370
14550 37.370 37.370 64551 2 3637 37p370
14551 37.370 37.370 64552 3 3637 37p370
14552 37.380 37.380 64553 0 3638 37p380
14553 37.380 37.380 64554 1 3638 37p380
14554 37.380 37.380 64555 2 3638 37p380
14555 37.380 37.380 64556 3 3638 37p380
14556 37.390 37.390 64557 0 3639 37p390
14557 37.390 37.390 64558 1 3639 37p390
14558 37.390 37.390 64559 2 3639 37p390
14559 37.390 37.390 64560 3 3639 37p390
14560 37.400 37.400 64561 0 3640 37p400
14561 37.400 37.400 64562 1 3640 37p400
14562 37.400 37.400 64563 2 3640 37p400
14563 37.400 37.400 64564 3 3640 37p400
14564 37.410 37.410 64565 0 3641 37p410
14565 37.410 37.410 64566 1 3641 37p410
14566 37.410 37.410 64567 2 3641 37p410
14567 37.410 37.410 64568 3 3641 37p410
14568 37.420 37.420 64569 0 3642 37p420
14569 37.420 37.420 64570 1 3642 37p420
14570 37.420 37.420 64571 2 3642 37p420
14571 37.420 37.420 64572 3 3642 37p420
14572 37.430 37.430 64573 0 3643 37p430
14573 37.430 37.430 64574 1 3643 37p430
14574 37.430 37.430 64575 2 3643 37p430
14575 37.430 37.430 64576 3 3643 37p430
14576 37.440 37.440 64577 0 3644 37p440
14577 37.440 37.440 64578 1 3644 37p440
14578 37.440 37.440 64579 2 3644 37p440
14579 37.440 37.440 64580 3 3644 37p440
14580 37.450 37.450 64581 0 3645 37p450
14581 37.450 37.450 64582 1 3645 37p450
14582 37.450 37.450 64583 2 3645 37p450
14583 37.450 37.450 64584 3 3645 37p450
14584 37.460 37.460 64585 0 3646 37p460
14585 37.460 37.460 64586 1 3646 37p460
14586 37.460 37.460 64587 2 3646 37p460
14587 37.460 37.460 64588 3 3646 37p460
14588 37.470 37.470 64589 0 3647 37p470
14589 37.470 37.470 64590 1 3647 37p470
14590 37.470 37.470 64591 2 3647 37p470
14591 37.470 37.470 64592 3 3647 37p470
14592 37.480 37.480 64593 0 3648 37p480
14593 37.480 37.480 64594 1 3648 37p480
14594 37.480 37.480 64595 2 3648 37p480
14595 37.480 37.480 64596 3 3648 37p480
14596 37.490 37.490 64597 0 3649 37p490
14597 37.490 37.490 64598 1 3649 37p490
14598 37.490 37.490 64599 2 3649 37p490
14599 37.490 37.490 64600 3 3649 37p490
14600 37.500 37.500 64601 0 3650 37p500
14601 37.500 37.500 64602 1 3650 37p500
14602 37.500 37.500 64603 2 3650 37p500
14603 37.500 37.500 64604 3 3650 37p500
14604 37.510 37.510 64605 0 3651 37p510
14605 37.510 37.510 64606 1 3651 37p510
14606 37.510 37.510 64607 2 3651 37p510
14607 37.510 37.510 64608 3 3651 37p510
14608 37.520 37.520 64609 0 3652 37p520
14609 37.520 37.520 64610 1 3652 37p520
14610 37.520 37.520 64611 2 3652 37p520
14611 37.520 37.520 64612 3 3652 37p520
14612 37.530 37.530 64613 0 3653 37p530
14613 37.530 37.530 64614 1 3653 37p530
14614 37.530 37.530 64615 2 3653 37p530
14615 37.530 37.530 64616 3 3653 37p530
14616 37.540 37.540 64617 0 3654 37p540
14617 37.540 37.540 64618 1 3654 37p540
14618 37.540 37.540 64619 2 3654 37p540
14619 37.540 37.540 64620 3 3654 37p540
14620 37.550 37.550 64621 0 3655 37p550
14621 37.550 37.550 64622 1 3655 37p550
14622 37.550 37.550 64623 2 3655 37p550
14623 37.550 37.550 64624 3 3655 37p550
14624 37.560 37.560 64625 0 3656 37p560
14625 37.560 37.560 64626 1 3656 37p560
14626 37.560 37.560 64627 2 3656 37p560
14627 37.560 37.560 64628 3 3656 37p560
14628 37.570 37.570 64629 0 3657 37p570
14629 37.570 37.570 64630 1 3657 37p570
14630 37.570 37.570 64631 2 3657 37p570
14631 37.570 37.570 64632 3 3657 37p570
14632 37.580 37.580 64633 0 3658 37p580
14633 37.580 37.580 64634 1 3658 37p580
14634 37.580 37.580 64635 2 3658 37p580
14635 37.580 37.580 64636 3 3658 37p580
14636 37.590 37.590 64637 0 3659 37p590
14637 37.590 37.590 64638 1 3659 37p590
14638 37.590 37.590 64639 2 3659 37p590
14639 37.590 37.590 64640 3 3659 37p590
14640 37.600 37.600 64641 0 3660 37p600
14641 37.600 37.600 64642 1 3660 37p600
14642 37.600 37.600 64643 2 3660 37p600
14643 37.600 37.600 64644 3 3660 37p600
14644 37.610 37.610 64645 0 3661 37p610
14645 37.610 37.610 64646 1 3661 37p610
14646 37.610 37.610 64647 2 3661 37p610
14647 37.610 37.610 64648 3 3661 37p610
14648 37.620 37.620 64649 0 3662 37p620
14649 37.620 37.620 64650 1 3662 37p620
14650 37.620 37.620 64651 2 3662 37p620
14651 37.620 37.620 64652 3 3662 37p620
14652 37.630 37.630 64653 0 3663 37p630
14653 37.630 37.630 64654 1 3663 37p630
14654 37.630 37.630 64655 2 3663 37p630
14655 37.630 37.630 64656 3 3663 37p630
14656 37.640 37.640 64657 0 3664 37p640
14657 37.640 37.640 64658 1 3664 37p640
14658 37.640 37.640 64659 2 3664 37p640
14659 37.640 37.640 64660 3 3664 37p640
14660 37.650 37.650 64661 0 3665 37p650
14661 37.650 37.650 64662 1 3665 37p650
14662 37.650 37.650 64663 2 3665 37p650
14663 37.650 37.650 64664 3 3665 37p650
14664 37.660 37.660 64665 0 3666 37p660
14665 37.660 37.660 64666 1 3666 37p660
14666 37.660 37.660 64667 2 3666 37p660
14667 37.660 37.660 64668 3 3666 37p660
14668 37.670 37.670 64669 0 3667 37p670
14669 37.670 37.670 64670 1 3667 37p670
14670 37.670 37.670 64671 2 3667 37p670
14671 37.670 37.670 64672 3 3667 37p670
14672 37.680 37.680 64673 0 3668 37p680
14673 37.680 37.680 64674 1 3668 37p680
14674 37.680 37.680 64675 2 3668 37p680
14675 37.680 37.680 64676 3 3668 37p680
14676 37.690 37.690 64677 0 3669 37p690
14677 37.690 37.690 64678 1 3669 37p690
14678 37.690 37.690 64679 2 3669 37p690
14679 37.690 37.690 64680 3 3669 37p690
14680 37.700 37.700 64681 0 3670 37p700
14681 37.700 37.700 64682 1 3670 37p700
14682 37.700 37.700 64683 2 3670 37p700
14683 37.700 37.700 64684 3 3670 37p700
14684 37.710 37.710 64685 0 3671 37p710
14685 37.710 37.710 64686 1 3671 37p710
14686 37.710 37.710 64687 2 3671 37p710
14687 37.710 37.710 64688 3 3671 37p710
14688 37.720 37.720 64689 0 3672 37p720
14689 37.720 37.720 64690 1 3672 37p720
14690 37.720 37.720 64691 2 3672 37p720
14691 37.720 37.720 64692 3 3672 37p720
14692 37.730 37.730 64693 0 3673 37p730
14693 37.730 37.730 64694 1 3673 37p730
14694 37.730 37.730 64695 2 3673 37p730
14695 37.730 37.730 64696 3 3673 37p730
14696 37.740 37.740 64697 0 3674 37p740
14697 37.740 37.740 64698 1 3674 37p740
14698 37.740 37.740 64699 2 3674 37p740
14699 37.740 37.740 64700 3 3674 37p740
14700 37.750 37.750 64701 0 3675 37p750
14701 37.750 37.750 64702 1 3675 37p750
14702 37.750 37.750 64703 2 3675 37p750
14703 37.750 37.750 64704 3 3675 37p750
14704 37.760 37.760 64705 0 3676 37p760
14705 37.760 37.760 64706 1 3676 37p760
14706 37.760 37.760 64707 2 3676 37p760
14707 37.760 37.760 64708 3 3676 37p760
14708 37.770 37.770 64709 0 3677 37p770
14709 37.770 37.770 64710 1 3677 37p770
14710 37.770 37.770 64711 2 3677 37p770
14711 37.770 37.770 64712 3 3677 37p770
14712 37.780 37.780 64713 0 3678 37p780
14713 37.780 37.780 64714 1 3678 37p780
14714 37.780 37.780 64715 2 3678 37p780
14715 37.780 37.780 64716 3 3678 37p780
14716 37.790 37.790 64717 0 3679 37p790
14717 37.790 37.790 64718 1 3679 37p790
14718 37.790 37.790 64719 2 3679 37p790
14719 37.790 37.790 64720 3 3679 37p790
14720 37.800 37.800 64721 0 3680 37p800
14721 37.800 37.800 64722 1 3680 37p800
14722 37.800 37.800 64723 2 3680 37p800
14723 37.800 37.800 64724 3 3680 37p800
14724 37.810 37.810 64725 0 3681 37p810
14725 37.810 37.810 64726 1 3681 37p810
14726 37.810 37.810 64727 2 3681 37p810
14727 37.810 37.810 64728 3 3681 37p810
14728 37.820 37.820 64729 0 3682 37p820
14729 37.820 37.820 64730 1 3682 37p820
14730 37.820 37.820 64731 2 3682 37p820
14731 37.820 37.820 64732 3 3682 37p820
14732 37.830 37.830 64733 0 3683 37p830
14733 37.830 37.830 64734 1 3683 37p830
14734 37.830 37.830 64735 2 3683 37p830
14735 37.830 37.830 64736 3 3683 37p830
14736 37.840 37.840 64737 0 3684 37p840
14737 37.840 37.840 64738 1 3684 37p840
14738 37.840 37.840 64739 2 3684 37p840
14739 37.840 37.840 64740 3 3684 37p840
14740 37.850 37.850 64741 0 3685 37p850
14741 37.850 37.850 64742 1 3685 37p850
14742 37.850 37.850 64743 2 3685 37p850
14743 37.850 37.850 64744 3 3685 37p850
14744 37.860 37.860 64745 0 3686 37p860
14745 37.860 37.860 64746 1 3686 37p860
14746 37.860 37.860 64747 2 3686 37p860
14747 37.860 37.860 64748 3 3686 37p860
14748 37.870 37.870 64749 0 3687 37p870
14749 37.870 37.870 64750 1 3687 37p870
14750 37.870 37.870 64751 2 3687 37p870
14751 37.870 37.870 64752 3 3687 37p870
14752 37.880 37.880 64753 0 3688 37p880
14753 37.880 37.880 64754 1 3688 37p880
14754 37.880 37.880 64755 2 3688 37p880
14755 37.880 37.880 64756 3 3688 37p880
14756 37.890 37.890 64757 0 3689 37p890
14757 37.890 37.890 64758 1 3689 37p890
14758 37.890 37.890 64759 2 3689 37p890
14759 37.890 37.890 64760 3 3689 37p890
14760 37.900 37.900 64761 0 3690 37p900
14761 37.900 37.900 64762 1 3690 37p900
14762 37.900 37.900 64763 2 3690 37p900
14763 37.900 37.900 64764 3 3690 37p900
14764 37.910 37.910 64765 0 3691 37p910
14765 37.910 37.910 64766 1 3691 37p910
14766 37.910 37.910 64767 2 3691 37p910
14767 37.910 37.910 64768 3 3691 37p910
14768 37.920 37.920 64769 0 3692 37p920
14769 37.920 37.920 64770 1 3692 37p920
14770 37.920 37.920 64771 2 3692 37p920
14771 37.920 37.920 64772 3 3692 37p920
14772 37.930 37.930 64773 0 3693 37p930
14773 37.930 37.930 64774 1 3693 37p930
14774 37.930 37.930 64775 2 3693 37p930
14775 37.930 37.930 64776 3 3693 37p930
14776 37.940 37.940 64777 0 3694 37p940
14777 37.940 37.940 64778 1 3694 37p940
14778 37.940 37.940 64779 2 3694 37p940
14779 37.940 37.940 64780 3 3694 37p940
14780 37.950 37.950 64781 0 3695 37p950
14781 37.950 37.950 64782 1 3695 37p950
14782 37.950 37.950 64783 2 3695 37p950
14783 37.950 37.950 64784 3 3695 37p950
14784 37.960 37.960 64785 0 3696 37p960
14785 37.960 37.960 64786 1 3696 37p960
14786 37.960 37.960 64787 2 3696 37p960
14787 37.960 37.960 64788 3 3696 37p960
14788 37.970 37.970 64789 0 3697 37p970
14789 37.970 37.970 64790 1 3697 37p970
14790 37.970 37.970 64791 2 3697 37p970
14791 37.970 37.970 64792 3 3697 37p970
14792 37.980 37.980 64793 0 3698 37p980
14793 37.980 37.980 64794 1 3698 37p980
14794 37.980 37.980 64795 2 3698 37p980
14795 37.980 37.980 64796 3 3698 37p980
14796 37.990 37.990 64797 0 3699 37p990
14797 37.990 37.990 64798 1 3699 37p990
14798 37.990 37.990 64799 2 3699 37p990
14799 37.990 37.990 64800 3 3699 37p990
14800 38.000 38.000 64801 0 3700 38p000
14801 38.000 38.000 64802 1 3700 38p000
14802 38.000 38.000 64803 2 3700 38p000
14803 38.000 38.000 64804 3 3700 38p000
14804 38.010 38.010 64805 0 3701 38p010
14805 38.010 38.010 64806 1 3701 38p010
14806 38.010 38.010 64807 2 3701 38p010
14807 38.010 38.010 64808 3 3701 38p010
14808 38.020 38.020 64809 0 3702 38p020
14809 38.020 38.020 64810 1 3702 38p020
14810 38.020 38.020 64811 2 3702 38p020
14811 38.020 38.020 64812 3 3702 38p020
14812 38.030 38.030 64813 0 3703 38p030
14813 38.030 38.030 64814 1 3703 38p030
14814 38.030 38.030 64815 2 3703 38p030
14815 38.030 38.030 64816 3 3703 38p030
14816 38.040 38.040 64817 0 3704 38p040
14817 38.040 38.040 64818 1 3704 38p040
14818 38.040 38.040 64819 2 3704 38p040
14819 38.040 38.040 64820 3 3704 38p040
14820 38.050 38.050 64821 0 3705 38p050
14821 38.050 38.050 64822 1 3705 38p050
14822 38.050 38.050 64823 2 3705 38p050
14823 38.050 38.050 64824 3 3705 38p050
14824 38.060 38.060 64825 0 3706 38p060
14825 38.060 38.060 64826 1 3706 38p060
14826 38.060 38.060 64827 2 3706 38p060
14827 38.060 38.060 64828 3 3706 38p060
14828 38.070 38.070 64829 0 3707 38p070
14829 38.070 38.070 64830 1 3707 38p070
14830 38.070 38.070 64831 2 3707 38p070
14831 38.070 38.070 64832 3 3707 38p070
14832 38.080 38.080 64833 0 3708 38p080
14833 38.080 38.080 64834 1 3708 38p080
14834 38.080 38.080 64835 2 3708 38p080
14835 38.080 38.080 64836 3 3708 38p080
14836 38.090 38.090 64837 0 3709 38p090
14837 38.090 38.090 64838 1 3709 38p090
14838 38.090 38.090 64839 2 3709 38p090
14839 38.090 38.090 64840 3 3709 38p090
14840 38.100 38.100 64841 0 3710 38p100
14841 38.100 38.100 64842 1 3710 38p100
14842 38.100 38.100 64843 2 3710 38p100
14843 38.100 38.100 64844 3 3710 38p100
14844 38.110 38.110 64845 0 3711 38p110
14845 38.110 38.110 64846 1 3711 38p110
14846 38.110 38.110 64847 2 3711 38p110
14847 38.110 38.110 64848 3 3711 38p110
14848 38.120 38.120 64849 0 3712 38p120
14849 38.120 38.120 64850 1 3712 38p120
14850 38.120 38.120 64851 2 3712 38p120
14851 38.120 38.120 64852 3 3712 38p120
14852 38.130 38.130 64853 0 3713 38p130
14853 38.130 38.130 64854 1 3713 38p130
14854 38.130 38.130 64855 2 3713 38p130
14855 38.130 38.130 64856 3 3713 38p130
14856 38.140 38.140 64857 0 3714 38p140
14857 38.140 38.140 64858 1 3714 38p140
14858 38.140 38.140 64859 2 3714 38p140
14859 38.140 38.140 64860 3 3714 38p140
14860 38.150 38.150 64861 0 3715 38p150
14861 38.150 38.150 64862 1 3715 38p150
14862 38.150 38.150 64863 2 3715 38p150
14863 38.150 38.150 64864 3 3715 38p150
14864 38.160 38.160 64865 0 3716 38p160
14865 38.160 38.160 64866 1 3716 38p160
14866 38.160 38.160 64867 2 3716 38p160
14867 38.160 38.160 64868 3 3716 38p160
14868 38.170 38.170 64869 0 3717 38p170
14869 38.170 38.170 64870 1 3717 38p170
14870 38.170 38.170 64871 2 3717 38p170
14871 38.170 38.170 64872 3 3717 38p170
14872 38.180 38.180 64873 0 3718 38p180
14873 38.180 38.180 64874 1 3718 38p180
14874 38.180 38.180 64875 2 3718 38p180
14875 38.180 38.180 64876 3 3718 38p180
14876 38.190 38.190 64877 0 3719 38p190
14877 38.190 38.190 64878 1 3719 38p190
14878 38.190 38.190 64879 2 3719 38p190
14879 38.190 38.190 64880 3 3719 38p190
14880 38.200 38.200 64881 0 3720 38p200
14881 38.200 38.200 64882 1 3720 38p200
14882 38.200 38.200 64883 2 3720 38p200
14883 38.200 38.200 64884 3 3720 38p200
14884 38.210 38.210 64885 0 3721 38p210
14885 38.210 38.210 64886 1 3721 38p210
14886 38.210 38.210 64887 2 3721 38p210
14887 38.210 38.210 64888 3 3721 38p210
14888 38.220 38.220 64889 0 3722 38p220
14889 38.220 38.220 64890 1 3722 38p220
14890 38.220 38.220 64891 2 3722 38p220
14891 38.220 38.220 64892 3 3722 38p220
14892 38.230 38.230 64893 0 3723 38p230
14893 38.230 38.230 64894 1 3723 38p230
14894 38.230 38.230 64895 2 3723 38p230
14895 38.230 38.230 64896 3 3723 38p230
14896 38.240 38.240 64897 0 3724 38p240
14897 38.240 38.240 64898 1 3724 38p240
14898 38.240 38.240 64899 2 3724 38p240
14899 38.240 38.240 64900 3 3724 38p240
14900 38.250 38.250 64901 0 3725 38p250
14901 38.250 38.250 64902 1 3725 38p250
14902 38.250 38.250 64903 2 3725 38p250
14903 38.250 38.250 64904 3 3725 38p250
14904 38.260 38.260 64905 0 3726 38p260
14905 38.260 38.260 64906 1 3726 38p260
14906 38.260 38.260 64907 2 3726 38p260
14907 38.260 38.260 64908 3 3726 38p260
14908 38.270 38.270 64909 0 3727 38p270
14909 38.270 38.270 64910 1 3727 38p270
14910 38.270 38.270 64911 2 3727 38p270
14911 38.270 38.270 64912 3 3727 38p270
14912 38.280 38.280 64913 0 3728 38p280
14913 38.280 38.280 64914 1 3728 38p280
14914 38.280 38.280 64915 2 3728 38p280
14915 38.280 38.280 64916 3 3728 38p280
14916 38.290 38.290 64917 0 3729 38p290
14917 38.290 38.290 64918 1 3729 38p290
14918 38.290 38.290 64919 2 3729 38p290
14919 38.290 38.290 64920 3 3729 38p290
14920 38.300 38.300 64921 0 3730 38p300
14921 38.300 38.300 64922 1 3730 38p300
14922 38.300 38.300 64923 2 3730 38p300
14923 38.300 38.300 64924 3 3730 38p300
14924 38.310 38.310 64925 0 3731 38p310
14925 38.310 38.310 64926 1 3731 38p310
14926 38.310 38.310 64927 2 3731 38p310
14927 38.310 38.310 64928 3 3731 38p310
14928 38.320 38.320 64929 0 3732 38p320
14929 38.320 38.320 64930 1 3732 38p320
14930 38.320 38.320 64931 2 3732 38p320
14931 38.320 38.320 64932 3 3732 38p320
14932 38.330 38.330 64933 0 3733 38p330
14933 38.330 38.330 64934 1 3733 38p330
14934 38.330 38.330 64935 2 3733 38p330
14935 38.330 38.330 64936 3 3733 38p330
14936 38.340 38.340 64937 0 3734 38p340
14937 38.340 38.340 64938 1 3734 38p340
14938 38.340 38.340 64939 2 3734 38p340
14939 38.340 38.340 64940 3 3734 38p340
14940 38.350 38.350 64941 0 3735 38p350
14941 38.350 38.350 64942 1 3735 38p350
14942 38.350 38.350 64943 2 3735 38p350
14943 38.350 38.350 64944 3 3735 38p350
14944 38.360 38.360 64945 0 3736 38p360
14945 38.360 38.360 64946 1 3736 38p360
14946 38.360 38.360 64947 2 3736 38p360
14947 38.360 38.360 64948 3 3736 38p360
14948 38.370 38.370 64949 0 3737 38p370
14949 38.370 38.370 64950 1 3737 38p370
14950 38.370 38.370 64951 2 3737 38p370
14951 38.370 38.370 64952 3 3737 38p370
14952 38.380 38.380 64953 0 3738 38p380
14953 38.380 38.380 64954 1 3738 38p380
14954 38.380 38.380 64955 2 3738 38p380
14955 38.380 38.380 64956 3 3738 38p380
14956 38.390 38.390 64957 0 3739 38p390
14957 38.390 38.390 64958 1 3739 38p390
14958 38.390 38.390 64959 2 3739 38p390
14959 38.390 38.390 64960 3 3739 38p390
14960 38.400 38.400 64961 0 3740 38p400
14961 38.400 38.400 64962 1 3740 38p400
14962 38.400 38.400 64963 2 3740 38p400
14963 38.400 38.400 64964 3 3740 38p400
14964 38.410 38.410 64965 0 3741 38p410
14965 38.410 38.410 64966 1 3741 38p410
14966 38.410 38.410 64967 2 3741 38p410
14967 38.410 38.410 64968 3 3741 38p410
14968 38.420 38.420 64969 0 3742 38p420
14969 38.420 38.420 64970 1 3742 38p420
14970 38.420 38.420 64971 2 3742 38p420
14971 38.420 38.420 64972 3 3742 38p420
14972 38.430 38.430 64973 0 3743 38p430
14973 38.430 38.430 64974 1 3743 38p430
14974 38.430 38.430 64975 2 3743 38p430
14975 38.430 38.430 64976 3 3743 38p430
14976 38.440 38.440 64977 0 3744 38p440
14977 38.440 38.440 64978 1 3744 38p440
14978 38.440 38.440 64979 2 3744 38p440
14979 38.440 38.440 64980 3 3744 38p440
14980 38.450 38.450 64981 0 3745 38p450
14981 38.450 38.450 64982 1 3745 38p450
14982 38.450 38.450 64983 2 3745 38p450
14983 38.450 38.450 64984 3 3745 38p450
14984 38.460 38.460 64985 0 3746 38p460
14985 38.460 38.460 64986 1 3746 38p460
14986 38.460 38.460 64987 2 3746 38p460
14987 38.460 38.460 64988 3 3746 38p460
14988 38.470 38.470 64989 0 3747 38p470
14989 38.470 38.470 64990 1 3747 38p470
14990 38.470 38.470 64991 2 3747 38p470
14991 38.470 38.470 64992 3 3747 38p470
14992 38.480 38.480 64993 0 3748 38p480
14993 38.480 38.480 64994 1 3748 38p480
14994 38.480 38.480 64995 2 3748 38p480
14995 38.480 38.480 64996 3 3748 38p480
14996 38.490 38.490 64997 0 3749 38p490
14997 38.490 38.490 64998 1 3749 38p490
14998 38.490 38.490 64999 2 3749 38p490
14999 38.490 38.490 65000 3 3749 38p490
15000 38.500 38.500 65001 0 3750 38p500
15001 38.500 38.500 65002 1 3750 38p500
15002 38.500 38.500 65003 2 3750 38p500
15003 38.500 38.500 65004 3 3750 38p500
15004 38.510 38.510 65005 0 3751 38p510
15005 38.510 38.510 65006 1 3751 38p510
15006 38.510 38.510 65007 2 3751 38p510
15007 38.510 38.510 65008 3 3751 38p510
15008 38.520 38.520 65009 0 3752 38p520
15009 38.520 38.520 65010 1 3752 38p520
15010 38.520 38.520 65011 2 3752 38p520
15011 38.520 38.520 65012 3 3752 38p520
15012 38.530 38.530 65013 0 3753 38p530
15013 38.530 38.530 65014 1 3753 38p530
15014 38.530 38.530 65015 2 3753 38p530
15015 38.530 38.530 65016 3 3753 38p530
15016 38.540 38.540 65017 0 3754 38p540
15017 38.540 38.540 65018 1 3754 38p540
15018 38.540 38.540 65019 2 3754 38p540
15019 38.540 38.540 65020 3 3754 38p540
15020 38.550 38.550 65021 0 3755 38p550
15021 38.550 38.550 65022 1 3755 38p550
15022 38.550 38.550 65023 2 3755 38p550
15023 38.550 38.550 65024 3 3755 38p550
15024 38.560 38.560 65025 0 3756 38p560
15025 38.560 38.560 65026 1 3756 38p560
15026 38.560 38.560 65027 2 3756 38p560
15027 38.560 38.560 65028 3 3756 38p560
15028 38.570 38.570 65029 0 3757 38p570
15029 38.570 38.570 65030 1 3757 38p570
15030 38.570 38.570 65031 2 3757 38p570
15031 38.570 38.570 65032 3 3757 38p570
15032 38.580 38.580 65033 0 3758 38p580
15033 38.580 38.580 65034 1 3758 38p580
15034 38.580 38.580 65035 2 3758 38p580
15035 38.580 38.580 65036 3 3758 38p580
15036 38.590 38.590 65037 0 3759 38p590
15037 38.590 38.590 65038 1 3759 38p590
15038 38.590 38.590 65039 2 3759 38p590
15039 38.590 38.590 65040 3 3759 38p590
15040 38.600 38.600 65041 0 3760 38p600
15041 38.600 38.600 65042 1 3760 38p600
15042 38.600 38.600 65043 2 3760 38p600
15043 38.600 38.600 65044 3 3760 38p600
15044 38.610 38.610 65045 0 3761 38p610
15045 38.610 38.610 65046 1 3761 38p610
15046 38.610 38.610 65047 2 3761 38p610
15047 38.610 38.610 65048 3 3761 38p610
15048 38.620 38.620 65049 0 3762 38p620
15049 38.620 38.620 65050 1 3762 38p620
15050 38.620 38.620 65051 2 3762 38p620
15051 38.620 38.620 65052 3 3762 38p620
15052 38.630 38.630 65053 0 3763 38p630
15053 38.630 38.630 65054 1 3763 38p630
15054 38.630 38.630 65055 2 3763 38p630
15055 38.630 38.630 65056 3 3763 38p630
15056 38.640 38.640 65057 0 3764 38p640
15057 38.640 38.640 65058 1 3764 38p640
15058 38.640 38.640 65059 2 3764 38p640
15059 38.640 38.640 65060 3 3764 38p640
15060 38.650 38.650 65061 0 3765 38p650
15061 38.650 38.650 65062 1 3765 38p650
15062 38.650 38.650 65063 2 3765 38p650
15063 38.650 38.650 65064 3 3765 38p650
15064 38.660 38.660 65065 0 3766 38p660
15065 38.660 38.660 65066 1 3766 38p660
15066 38.660 38.660 65067 2 3766 38p660
15067 38.660 38.660 65068 3 3766 38p660
15068 38.670 38.670 65069 0 3767 38p670
15069 38.670 38.670 65070 1 3767 38p670
15070 38.670 38.670 65071 2 3767 38p670
15071 38.670 38.670 65072 3 3767 38p670
15072 38.680 38.680 65073 0 3768 38p680
15073 38.680 38.680 65074 1 3768 38p680
15074 38.680 38.680 65075 2 3768 38p680
15075 38.680 38.680 65076 3 3768 38p680
15076 38.690 38.690 65077 0 3769 38p690
15077 38.690 38.690 65078 1 3769 38p690
15078 38.690 38.690 65079 2 3769 38p690
15079 38.690 38.690 65080 3 3769 38p690
15080 38.700 38.700 65081 0 3770 38p700
15081 38.700 38.700 65082 1 3770 38p700
15082 38.700 38.700 65083 2 3770 38p700
15083 38.700 38.700 65084 3 3770 38p700
15084 38.710 38.710 65085 0 3771 38p710
15085 38.710 38.710 65086 1 3771 38p710
15086 38.710 38.710 65087 2 3771 38p710
15087 38.710 38.710 65088 3 3771 38p710
15088 38.720 38.720 65089 0 3772 38p720
15089 38.720 38.720 65090 1 3772 38p720
15090 38.720 38.720 65091 2 3772 38p720
15091 38.720 38.720 65092 3 3772 38p720
15092 38.730 38.730 65093 0 3773 38p730
15093 38.730 38.730 65094 1 3773 38p730
15094 38.730 38.730 65095 2 3773 38p730
15095 38.730 38.730 65096 3 3773 38p730
15096 38.740 38.740 65097 0 3774 38p740
15097 38.740 38.740 65098 1 3774 38p740
15098 38.740 38.740 65099 2 3774 38p740
15099 38.740 38.740 65100 3 3774 38p740
15100 38.750 38.750 65101 0 3775 38p750
15101 38.750 38.750 65102 1 3775 38p750
15102 38.750 38.750 65103 2 3775 38p750
15103 38.750 38.750 65104 3 3775 38p750
15104 38.760 38.760 65105 0 3776 38p760
15105 38.760 38.760 65106 1 3776 38p760
15106 38.760 38.760 65107 2 3776 38p760
15107 38.760 38.760 65108 3 3776 38p760
15108 38.770 38.770 65109 0 3777 38p770
15109 38.770 38.770 65110 1 3777 38p770
15110 38.770 38.770 65111 2 3777 38p770
15111 38.770 38.770 65112 3 3777 38p770
15112 38.780 38.780 65113 0 3778 38p780
15113 38.780 38.780 65114 1 3778 38p780
15114 38.780 38.780 65115 2 3778 38p780
15115 38.780 38.780 65116 3 3778 38p780
15116 38.790 38.790 65117 0 3779 38p790
15117 38.790 38.790 65118 1 3779 38p790
15118 38.790 38.790 65119 2 3779 38p790
15119 38.790 38.790 65120 3 3779 38p790
15120 38.800 38.800 65121 0 3780 38p800
15121 38.800 38.800 65122 1 3780 38p800
15122 38.800 38.800 65123 2 3780 38p800
15123 38.800 38.800 65124 3 3780 38p800
15124 38.810 38.810 65125 0 3781 38p810
15125 38.810 38.810 65126 1 3781 38p810
15126 38.810 38.810 65127 2 3781 38p810
15127 38.810 38.810 65128 3 3781 38p810
15128 38.820 38.820 65129 0 3782 38p820
15129 38.820 38.820 65130 1 3782 38p820
15130 38.820 38.820 65131 2 3782 38p820
15131 38.820 38.820 65132 3 3782 38p820
15132 38.830 38.830 65133 0 3783 38p830
15133 38.830 38.830 65134 1 3783 38p830
15134 38.830 38.830 65135 2 3783 38p830
15135 38.830 38.830 65136 3 3783 38p830
15136 38.840 38.840 65137 0 3784 38p840
15137 38.840 38.840 65138 1 3784 38p840
15138 38.840 38.840 65139 2 3784 38p840
15139 38.840 38.840 65140 3 3784 38p840
15140 38.850 38.850 65141 0 3785 38p850
15141 38.850 38.850 65142 1 3785 38p850
15142 38.850 38.850 65143 2 3785 38p850
15143 38.850 38.850 65144 3 3785 38p850
15144 38.860 38.860 65145 0 3786 38p860
15145 38.860 38.860 65146 1 3786 38p860
15146 38.860 38.860 65147 2 3786 38p860
15147 38.860 38.860 65148 3 3786 38p860
15148 38.870 38.870 65149 0 3787 38p870
15149 38.870 38.870 65150 1 3787 38p870
15150 38.870 38.870 65151 2 3787 38p870
15151 38.870 38.870 65152 3 3787 38p870
15152 38.880 38.880 65153 0 3788 38p880
15153 38.880 38.880 65154 1 3788 38p880
15154 38.880 38.880 65155 2 3788 38p880
15155 38.880 38.880 65156 3 3788 38p880
15156 38.890 38.890 65157 0 3789 38p890
15157 38.890 38.890 65158 1 3789 38p890
15158 38.890 38.890 65159 2 3789 38p890
15159 38.890 38.890 65160 3 3789 38p890
15160 38.900 38.900 65161 0 3790 38p900
15161 38.900 38.900 65162 1 3790 38p900
15162 38.900 38.900 65163 2 3790 38p900
15163 38.900 38.900 65164 3 3790 38p900
15164 38.910 38.910 65165 0 3791 38p910
15165 38.910 38.910 65166 1 3791 38p910
15166 38.910 38.910 65167 2 3791 38p910
15167 38.910 38.910 65168 3 3791 38p910
15168 38.920 38.920 65169 0 3792 38p920
15169 38.920 38.920 65170 1 3792 38p920
15170 38.920 38.920 65171 2 3792 38p920
15171 38.920 38.920 65172 3 3792 38p920
15172 38.930 38.930 65173 0 3793 38p930
15173 38.930 38.930 65174 1 3793 38p930
15174 38.930 38.930 65175 2 3793 38p930
15175 38.930 38.930 65176 3 3793 38p930
15176 38.940 38.940 65177 0 3794 38p940
15177 38.940 38.940 65178 1 3794 38p940
15178 38.940 38.940 65179 2 3794 38p940
15179 38.940 38.940 65180 3 3794 38p940
15180 38.950 38.950 65181 0 3795 38p950
15181 38.950 38.950 65182 1 3795 38p950
15182 38.950 38.950 65183 2 3795 38p950
15183 38.950 38.950 65184 3 3795 38p950
15184 38.960 38.960 65185 0 3796 38p960
15185 38.960 38.960 65186 1 3796 38p960
15186 38.960 38.960 65187 2 3796 38p960
15187 38.960 38.960 65188 3 3796 38p960
15188 38.970 38.970 65189 0 3797 38p970
15189 38.970 38.970 65190 1 3797 38p970
15190 38.970 38.970 65191 2 3797 38p970
15191 38.970 38.970 65192 3 3797 38p970
15192 38.980 38.980 65193 0 3798 38p980
15193 38.980 38.980 65194 1 3798 38p980
15194 38.980 38.980 65195 2 3798 38p980
15195 38.980 38.980 65196 3 3798 38p980
15196 38.990 38.990 65197 0 3799 38p990
15197 38.990 38.990 65198 1 3799 38p990
15198 38.990 38.990 65199 2 3799 38p990
15199 38.990 38.990 65200 3 3799 38p990
15200 39.000 39.000 65201 0 3800 39p000
15201 39.000 39.000 65202 1 3800 39p000
15202 39.000 39.000 65203 2 3800 39p000
15203 39.000 39.000 65204 3 3800 39p000
15204 39.010 39.010 65205 0 3801 39p010
15205 39.010 39.010 65206 1 3801 39p010
15206 39.010 39.010 65207 2 3801 39p010
15207 39.010 39.010 65208 3 3801 39p010
15208 39.020 39.020 65209 0 3802 39p020
15209 39.020 39.020 65210 1 3802 39p020
15210 39.020 39.020 65211 2 3802 39p020
15211 39.020 39.020 65212 3 3802 39p020
15212 39.030 39.030 65213 0 3803 39p030
15213 39.030 39.030 65214 1 3803 39p030
15214 39.030 39.030 65215 2 3803 39p030
15215 39.030 39.030 65216 3 3803 39p030
15216 39.040 39.040 65217 0 3804 39p040
15217 39.040 39.040 65218 1 3804 39p040
15218 39.040 39.040 65219 2 3804 39p040
15219 39.040 39.040 65220 3 3804 39p040
15220 39.050 39.050 65221 0 3805 39p050
15221 39.050 39.050 65222 1 3805 39p050
15222 39.050 39.050 65223 2 3805 39p050
15223 39.050 39.050 65224 3 3805 39p050
15224 39.060 39.060 65225 0 3806 39p060
15225 39.060 39.060 65226 1 3806 39p060
15226 39.060 39.060 65227 2 3806 39p060
15227 39.060 39.060 65228 3 3806 39p060
15228 39.070 39.070 65229 0 3807 39p070
15229 39.070 39.070 65230 1 3807 39p070
15230 39.070 39.070 65231 2 3807 39p070
15231 39.070 39.070 65232 3 3807 39p070
15232 39.080 39.080 65233 0 3808 39p080
15233 39.080 39.080 65234 1 3808 39p080
15234 39.080 39.080 65235 2 3808 39p080
15235 39.080 39.080 65236 3 3808 39p080
15236 39.090 39.090 65237 0 3809 39p090
15237 39.090 39.090 65238 1 3809 39p090
15238 39.090 39.090 65239 2 3809 39p090
15239 39.090 39.090 65240 3 3809 39p090
15240 39.100 39.100 65241 0 3810 39p100
15241 39.100 39.100 65242 1 3810 39p100
15242 39.100 39.100 65243 2 3810 39p100
15243 39.100 39.100 65244 3 3810 39p100
15244 39.110 39.110 65245 0 3811 39p110
15245 39.110 39.110 65246 1 3811 39p110
15246 39.110 39.110 65247 2 3811 39p110
15247 39.110 39.110 65248 3 3811 39p110
15248 39.120 39.120 65249 0 3812 39p120
15249 39.120 39.120 65250 1 3812 39p120
15250 39.120 39.120 65251 2 3812 39p120
15251 39.120 39.120 65252 3 3812 39p120
15252 39.130 39.130 65253 0 3813 39p130
15253 39.130 39.130 65254 1 3813 39p130
15254 39.130 39.130 65255 2 3813 39p130
15255 39.130 39.130 65256 3 3813 39p130
15256 39.140 39.140 65257 0 3814 39p140
15257 39.140 39.140 65258 1 3814 39p140
15258 39.140 39.140 65259 2 3814 39p140
15259 39.140 39.140 65260 3 3814 39p140
15260 39.150 39.150 65261 0 3815 39p150
15261 39.150 39.150 65262 1 3815 39p150
15262 39.150 39.150 65263 2 3815 39p150
15263 39.150 39.150 65264 3 3815 39p150
15264 39.160 39.160 65265 0 3816 39p160
15265 39.160 39.160 65266 1 3816 39p160
15266 39.160 39.160 65267 2 3816 39p160
15267 39.160 39.160 65268 3 3816 39p160
15268 39.170 39.170 65269 0 3817 39p170
15269 39.170 39.170 65270 1 3817 39p170
15270 39.170 39.170 65271 2 3817 39p170
15271 39.170 39.170 65272 3 3817 39p170
15272 39.180 39.180 65273 0 3818 39p180
15273 39.180 39.180 65274 1 3818 39p180
15274 39.180 39.180 65275 2 3818 39p180
15275 39.180 39.180 65276 3 3818 39p180
15276 39.190 39.190 65277 0 3819 39p190
15277 39.190 39.190 65278 1 3819 39p190
15278 39.190 39.190 65279 2 3819 39p190
15279 39.190 39.190 65280 3 3819 39p190
15280 39.200 39.200 65281 0 3820 39p200
15281 39.200 39.200 65282 1 3820 39p200
15282 39.200 39.200 65283 2 3820 39p200
15283 39.200 39.200 65284 3 3820 39p200
15284 39.210 39.210 65285 0 3821 39p210
15285 39.210 39.210 65286 1 3821 39p210
15286 39.210 39.210 65287 2 3821 39p210
15287 39.210 39.210 65288 3 3821 39p210
15288 39.220 39.220 65289 0 3822 39p220
15289 39.220 39.220 65290 1 3822 39p220
15290 39.220 39.220 65291 2 3822 39p220
15291 39.220 39.220 65292 3 3822 39p220
15292 39.230 39.230 65293 0 3823 39p230
15293 39.230 39.230 65294 1 3823 39p230
15294 39.230 39.230 65295 2 3823 39p230
15295 39.230 39.230 65296 3 3823 39p230
15296 39.240 39.240 65297 0 3824 39p240
15297 39.240 39.240 65298 1 3824 39p240
15298 39.240 39.240 65299 2 3824 39p240
15299 39.240 39.240 65300 3 3824 39p240
15300 39.250 39.250 65301 0 3825 39p250
15301 39.250 39.250 65302 1 3825 39p250
15302 39.250 39.250 65303 2 3825 39p250
15303 39.250 39.250 65304 3 3825 39p250
15304 39.260 39.260 65305 0 3826 39p260
15305 39.260 39.260 65306 1 3826 39p260
15306 39.260 39.260 65307 2 3826 39p260
15307 39.260 39.260 65308 3 3826 39p260
15308 39.270 39.270 65309 0 3827 39p270
15309 39.270 39.270 65310 1 3827 39p270
15310 39.270 39.270 65311 2 3827 39p270
15311 39.270 39.270 65312 3 3827 39p270
15312 39.280 39.280 65313 0 3828 39p280
15313 39.280 39.280 65314 1 3828 39p280
15314 39.280 39.280 65315 2 3828 39p280
15315 39.280 39.280 65316 3 3828 39p280
15316 39.290 39.290 65317 0 3829 39p290
15317 39.290 39.290 65318 1 3829 39p290
15318 39.290 39.290 65319 2 3829 39p290
15319 39.290 39.290 65320 3 3829 39p290
15320 39.300 39.300 65321 0 3830 39p300
15321 39.300 39.300 65322 1 3830 39p300
15322 39.300 39.300 65323 2 3830 39p300
15323 39.300 39.300 65324 3 3830 39p300
15324 39.310 39.310 65325 0 3831 39p310
15325 39.310 39.310 65326 1 3831 39p310
15326 39.310 39.310 65327 2 3831 39p310
15327 39.310 39.310 65328 3 3831 39p310
15328 39.320 39.320 65329 0 3832 39p320
15329 39.320 39.320 65330 1 3832 39p320
15330 39.320 39.320 65331 2 3832 39p320
15331 39.320 39.320 65332 3 3832 39p320
15332 39.330 39.330 65333 0 3833 39p330
15333 39.330 39.330 65334 1 3833 39p330
15334 39.330 39.330 65335 2 3833 39p330
15335 39.330 39.330 65336 3 3833 39p330
15336 39.340 39.340 65337 0 3834 39p340
15337 39.340 39.340 65338 1 3834 39p340
15338 39.340 39.340 65339 2 3834 39p340
15339 39.340 39.340 65340 3 3834 39p340
15340 39.350 39.350 65341 0 3835 39p350
15341 39.350 39.350 65342 1 3835 39p350
15342 39.350 39.350 65343 2 3835 39p350
15343 39.350 39.350 65344 3 3835 39p350
15344 39.360 39.360 65345 0 3836 39p360
15345 39.360 39.360 65346 1 3836 39p360
15346 39.360 39.360 65347 2 3836 39p360
15347 39.360 39.360 65348 3 3836 39p360
15348 39.370 39.370 65349 0 3837 39p370
15349 39.370 39.370 65350 1 3837 39p370
15350 39.370 39.370 65351 2 3837 39p370
15351 39.370 39.370 65352 3 3837 39p370
15352 39.380 39.380 65353 0 3838 39p380
15353 39.380 39.380 65354 1 3838 39p380
15354 39.380 39.380 65355 2 3838 39p380
15355 39.380 39.380 65356 3 3838 39p380
15356 39.390 39.390 65357 0 3839 39p390
15357 39.390 39.390 65358 1 3839 39p390
15358 39.390 39.390 65359 2 3839 39p390
15359 39.390 39.390 65360 3 3839 39p390
15360 39.400 39.400 65361 0 3840 39p400
15361 39.400 39.400 65362 1 3840 39p400
15362 39.400 39.400 65363 2 3840 39p400
15363 39.400 39.400 65364 3 3840 39p400
15364 39.410 39.410 65365 0 3841 39p410
15365 39.410 39.410 65366 1 3841 39p410
15366 39.410 39.410 65367 2 3841 39p410
15367 39.410 39.410 65368 3 3841 39p410
15368 39.420 39.420 65369 0 3842 39p420
15369 39.420 39.420 65370 1 3842 39p420
15370 39.420 39.420 65371 2 3842 39p420
15371 39.420 39.420 65372 3 3842 39p420
15372 39.430 39.430 65373 0 3843 39p430
15373 39.430 39.430 65374 1 3843 39p430
15374 39.430 39.430 65375 2 3843 39p430
15375 39.430 39.430 65376 3 3843 39p430
15376 39.440 39.440 65377 0 3844 39p440
15377 39.440 39.440 65378 1 3844 39p440
15378 39.440 39.440 65379 2 3844 39p440
15379 39.440 39.440 65380 3 3844 39p440
15380 39.450 39.450 65381 0 3845 39p450
15381 39.450 39.450 65382 1 3845 39p450
15382 39.450 39.450 65383 2 3845 39p450
15383 39.450 39.450 65384 3 3845 39p450
15384 39.460 39.460 65385 0 3846 39p460
15385 39.460 39.460 65386 1 3846 39p460
15386 39.460 39.460 65387 2 3846 39p460
15387 39.460 39.460 65388 3 3846 39p460
15388 39.470 39.470 65389 0 3847 39p470
15389 39.470 39.470 65390 1 3847 39p470
15390 39.470 39.470 65391 2 3847 39p470
15391 39.470 39.470 65392 3 3847 39p470
15392 39.480 39.480 65393 0 3848 39p480
15393 39.480 39.480 65394 1 3848 39p480
15394 39.480 39.480 65395 2 3848 39p480
15395 39.480 39.480 65396 3 3848 39p480
15396 39.490 39.490 65397 0 3849 39p490
15397 39.490 39.490 65398 1 3849 39p490
15398 39.490 39.490 65399 2 3849 39p490
15399 39.490 39.490 65400 3 3849 39p490
15400 39.500 39.500 65401 0 3850 39p500
15401 39.500 39.500 65402 1 3850 39p500
15402 39.500 39.500 65403 2 3850 39p500
15403 39.500 39.500 65404 3 3850 39p500
15404 39.510 39.510 65405 0 3851 39p510
15405 39.510 39.510 65406 1 3851 39p510
15406 39.510 39.510 65407 2 3851 39p510
15407 39.510 39.510 65408 3 3851 39p510
15408 39.520 39.520 65409 0 3852 39p520
15409 39.520 39.520 65410 1 3852 39p520
15410 39.520 39.520 65411 2 3852 39p520
15411 39.520 39.520 65412 3 3852 39p520
15412 39.530 39.530 65413 0 3853 39p530
15413 39.530 39.530 65414 1 3853 39p530
15414 39.530 39.530 65415 2 3853 39p530
15415 39.530 39.530 65416 3 3853 39p530
15416 39.540 39.540 65417 0 3854 39p540
15417 39.540 39.540 65418 1 3854 39p540
15418 39.540 39.540 65419 2 3854 39p540
15419 39.540 39.540 65420 3 3854 39p540
15420 39.550 39.550 65421 0 3855 39p550
15421 39.550 39.550 65422 1 3855 39p550
15422 39.550 39.550 65423 2 3855 39p550
15423 39.550 39.550 65424 3 3855 39p550
15424 39.560 39.560 65425 0 3856 39p560
15425 39.560 39.560 65426 1 3856 39p560
15426 39.560 39.560 65427 2 3856 39p560
15427 39.560 39.560 65428 3 3856 39p560
15428 39.570 39.570 65429 0 3857 39p570
15429 39.570 39.570 65430 1 3857 39p570
15430 39.570 39.570 65431 2 3857 39p570
15431 39.570 39.570 65432 3 3857 39p570
15432 39.580 39.580 65433 0 3858 39p580
15433 39.580 39.580 65434 1 3858 39p580
15434 39.580 39.580 65435 2 3858 39p580
15435 39.580 39.580 65436 3 3858 39p580
15436 39.590 39.590 65437 0 3859 39p590
15437 39.590 39.590 65438 1 3859 39p590
15438 39.590 39.590 65439 2 3859 39p590
15439 39.590 39.590 65440 3 3859 39p590
15440 39.600 39.600 65441 0 3860 39p600
15441 39.600 39.600 65442 1 3860 39p600
15442 39.600 39.600 65443 2 3860 39p600
15443 39.600 39.600 65444 3 3860 39p600
15444 39.610 39.610 65445 0 3861 39p610
15445 39.610 39.610 65446 1 3861 39p610
15446 39.610 39.610 65447 2 3861 39p610
15447 39.610 39.610 65448 3 3861 39p610
15448 39.620 39.620 65449 0 3862 39p620
15449 39.620 39.620 65450 1 3862 39p620
15450 39.620 39.620 65451 2 3862 39p620
15451 39.620 39.620 65452 3 3862 39p620
15452 39.630 39.630 65453 0 3863 39p630
15453 39.630 39.630 65454 1 3863 39p630
15454 39.630 39.630 65455 2 3863 39p630
15455 39.630 39.630 65456 3 3863 39p630
15456 39.640 39.640 65457 0 3864 39p640
15457 39.640 39.640 65458 1 3864 39p640
15458 39.640 39.640 65459 2 3864 39p640
15459 39.640 39.640 65460 3 3864 39p640
15460 39.650 39.650 65461 0 3865 39p650
15461 39.650 39.650 65462 1 3865 39p650
15462 39.650 39.650 65463 2 3865 39p650
15463 39.650 39.650 65464 3 3865 39p650
15464 39.660 39.660 65465 0 3866 39p660
15465 39.660 39.660 65466 1 3866 39p660
15466 39.660 39.660 65467 2 3866 39p660
15467 39.660 39.660 65468 3 3866 39p660
15468 39.670 39.670 65469 0 3867 39p670
15469 39.670 39.670 65470 1 3867 39p670
15470 39.670 39.670 65471 2 3867 39p670
15471 39.670 39.670 65472 3 3867 39p670
15472 39.680 39.680 65473 0 3868 39p680
15473 39.680 39.680 65474 1 3868 39p680
15474 39.680 39.680 65475 2 3868 39p680
15475 39.680 39.680 65476 3 3868 39p680
15476 39.690 39.690 65477 0 3869 39p690
15477 39.690 39.690 65478 1 3869 39p690
15478 39.690 39.690 65479 2 3869 39p690
15479 39.690 39.690 65480 3 3869 39p690
15480 39.700 39.700 65481 0 3870 39p700
15481 39.700 39.700 65482 1 3870 39p700
15482 39.700 39.700 65483 2 3870 39p700
15483 39.700 39.700 65484 3 3870 39p700
15484 39.710 39.710 65485 0 3871 39p710
15485 39.710 39.710 65486 1 3871 39p710
15486 39.710 39.710 65487 2 3871 39p710
15487 39.710 39.710 65488 3 3871 39p710
15488 39.720 39.720 65489 0 3872 39p720
15489 39.720 39.720 65490 1 3872 39p720
15490 39.720 39.720 65491 2 3872 39p720
15491 39.720 39.720 65492 3 3872 39p720
15492 39.730 39.730 65493 0 3873 39p730
15493 39.730 39.730 65494 1 3873 39p730
15494 39.730 39.730 65495 2 3873 39p730
15495 39.730 39.730 65496 3 3873 39p730
15496 39.740 39.740 65497 0 3874 39p740
15497 39.740 39.740 65498 1 3874 39p740
15498 39.740 39.740 65499 2 3874 39p740
15499 39.740 39.740 65500 3 3874 39p740
15500 39.750 39.750 65501 0 3875 39p750
15501 39.750 39.750 65502 1 3875 39p750
15502 39.750 39.750 65503 2 3875 39p750
15503 39.750 39.750 65504 3 3875 39p750
15504 39.760 39.760 65505 0 3876 39p760
15505 39.760 39.760 65506 1 3876 39p760
15506 39.760 39.760 65507 2 3876 39p760
15507 39.760 39.760 65508 3 3876 39p760
15508 39.770 39.770 65509 0 3877 39p770
15509 39.770 39.770 65510 1 3877 39p770
15510 39.770 39.770 65511 2 3877 39p770
15511 39.770 39.770 65512 3 3877 39p770
15512 39.780 39.780 65513 0 3878 39p780
15513 39.780 39.780 65514 1 3878 39p780
15514 39.780 39.780 65515 2 3878 39p780
15515 39.780 39.780 65516 3 3878 39p780
15516 39.790 39.790 65517 0 3879 39p790
15517 39.790 39.790 65518 1 3879 39p790
15518 39.790 39.790 65519 2 3879 39p790
15519 39.790 39.790 65520 3 3879 39p790
15520 39.800 39.800 65521 0 3880 39p800
15521 39.800 39.800 65522 1 3880 39p800
15522 39.800 39.800 65523 2 3880 39p800
15523 39.800 39.800 65524 3 3880 39p800
15524 39.810 39.810 65525 0 3881 39p810
15525 39.810 39.810 65526 1 3881 39p810
15526 39.810 39.810 65527 2 3881 39p810
15527 39.810 39.810 65528 3 3881 39p810
15528 39.820 39.820 65529 0 3882 39p820
15529 39.820 39.820 65530 1 3882 39p820
15530 39.820 39.820 65531 2 3882 39p820
15531 39.820 39.820 65532 3 3882 39p820
15532 39.830 39.830 65533 0 3883 39p830
15533 39.830 39.830 65534 1 3883 39p830
15534 39.830 39.830 65535 2 3883 39p830
15535 39.830 39.830 65536 3 3883 39p830
15536 39.840 39.840 65537 0 3884 39p840
15537 39.840 39.840 65538 1 3884 39p840
15538 39.840 39.840 65539 2 3884 39p840
15539 39.840 39.840 65540 3 3884 39p840
15540 39.850 39.850 65541 0 3885 39p850
15541 39.850 39.850 65542 1 3885 39p850
15542 39.850 39.850 65543 2 3885 39p850
15543 39.850 39.850 65544 3 3885 39p850
15544 39.860 39.860 65545 0 3886 39p860
15545 39.860 39.860 65546 1 3886 39p860
15546 39.860 39.860 65547 2 3886 39p860
15547 39.860 39.860 65548 3 3886 39p860
15548 39.870 39.870 65549 0 3887 39p870
15549 39.870 39.870 65550 1 3887 39p870
15550 39.870 39.870 65551 2 3887 39p870
15551 39.870 39.870 65552 3 3887 39p870
15552 39.880 39.880 65553 0 3888 39p880
15553 39.880 39.880 65554 1 3888 39p880
15554 39.880 39.880 65555 2 3888 39p880
15555 39.880 39.880 65556 3 3888 39p880
15556 39.890 39.890 65557 0 3889 39p890
15557 39.890 39.890 65558 1 3889 39p890
15558 39.890 39.890 65559 2 3889 39p890
15559 39.890 39.890 65560 3 3889 39p890
15560 39.900 39.900 65561 0 3890 39p900
15561 39.900 39.900 65562 1 3890 39p900
15562 39.900 39.900 65563 2 3890 39p900
15563 39.900 39.900 65564 3 3890 39p900
15564 39.910 39.910 65565 0 3891 39p910
15565 39.910 39.910 65566 1 3891 39p910
15566 39.910 39.910 65567 2 3891 39p910
15567 39.910 39.910 65568 3 3891 39p910
15568 39.920 39.920 65569 0 3892 39p920
15569 39.920 39.920 65570 1 3892 39p920
15570 39.920 39.920 65571 2 3892 39p920
15571 39.920 39.920 65572 3 3892 39p920
15572 39.930 39.930 65573 0 3893 39p930
15573 39.930 39.930 65574 1 3893 39p930
15574 39.930 39.930 65575 2 3893 39p930
15575 39.930 39.930 65576 3 3893 39p930
15576 39.940 39.940 65577 0 3894 39p940
15577 39.940 39.940 65578 1 3894 39p940
15578 39.940 39.940 65579 2 3894 39p940
15579 39.940 39.940 65580 3 3894 39p940
15580 39.950 39.950 65581 0 3895 39p950
15581 39.950 39.950 65582 1 3895 39p950
15582 39.950 39.950 65583 2 3895 39p950
15583 39.950 39.950 65584 3 3895 39p950
15584 39.960 39.960 65585 0 3896 39p960
15585 39.960 39.960 65586 1 3896 39p960
15586 39.960 39.960 65587 2 3896 39p960
15587 39.960 39.960 65588 3 3896 39p960
15588 39.970 39.970 65589 0 3897 39p970
15589 39.970 39.970 65590 1 3897 39p970
15590 39.970 39.970 65591 2 3897 39p970
15591 39.970 39.970 65592 3 3897 39p970
15592 39.980 39.980 65593 0 3898 39p980
15593 39.980 39.980 65594 1 3898 39p980
15594 39.980 39.980 65595 2 3898 39p980
15595 39.980 39.980 65596 3 3898 39p980
15596 39.990 39.990 65597 0 3899 39p990
15597 39.990 39.990 65598 1 3899 39p990
15598 39.990 39.990 65599 2 3899 39p990
15599 39.990 39.990 65600 3 3899 39p990
15600 40.000 40.000 65601 0 3900 40p000
15601 40.000 40.000 65602 1 3900 40p000
15602 40.000 40.000 65603 2 3900 40p000
15603 40.000 40.000 65604 3 3900 40p000
15604 40.010 40.010 65605 0 3901 40p010
15605 40.010 40.010 65606 1 3901 40p010
15606 40.010 40.010 65607 2 3901 40p010
15607 40.010 40.010 65608 3 3901 40p010
15608 40.020 40.020 65609 0 3902 40p020
15609 40.020 40.020 65610 1 3902 40p020
15610 40.020 40.020 65611 2 3902 40p020
15611 40.020 40.020 65612 3 3902 40p020
15612 40.030 40.030 65613 0 3903 40p030
15613 40.030 40.030 65614 1 3903 40p030
15614 40.030 40.030 65615 2 3903 40p030
15615 40.030 40.030 65616 3 3903 40p030
15616 40.040 40.040 65617 0 3904 40p040
15617 40.040 40.040 65618 1 3904 40p040
15618 40.040 40.040 65619 2 3904 40p040
15619 40.040 40.040 65620 3 3904 40p040
15620 40.050 40.050 65621 0 3905 40p050
15621 40.050 40.050 65622 1 3905 40p050
15622 40.050 40.050 65623 2 3905 40p050
15623 40.050 40.050 65624 3 3905 40p050
15624 40.060 40.060 65625 0 3906 40p060
15625 40.060 40.060 65626 1 3906 40p060
15626 40.060 40.060 65627 2 3906 40p060
15627 40.060 40.060 65628 3 3906 40p060
15628 40.070 40.070 65629 0 3907 40p070
15629 40.070 40.070 65630 1 3907 40p070
15630 40.070 40.070 65631 2 3907 40p070
15631 40.070 40.070 65632 3 3907 40p070
15632 40.080 40.080 65633 0 3908 40p080
15633 40.080 40.080 65634 1 3908 40p080
15634 40.080 40.080 65635 2 3908 40p080
15635 40.080 40.080 65636 3 3908 40p080
15636 40.090 40.090 65637 0 3909 40p090
15637 40.090 40.090 65638 1 3909 40p090
15638 40.090 40.090 65639 2 3909 40p090
15639 40.090 40.090 65640 3 3909 40p090
15640 40.100 40.100 65641 0 3910 40p100
15641 40.100 40.100 65642 1 3910 40p100
15642 40.100 40.100 65643 2 3910 40p100
15643 40.100 40.100 65644 3 3910 40p100
15644 40.110 40.110 65645 0 3911 40p110
15645 40.110 40.110 65646 1 3911 40p110
15646 40.110 40.110 65647 2 3911 40p110
15647 40.110 40.110 65648 3 3911 40p110
15648 40.120 40.120 65649 0 3912 40p120
15649 40.120 40.120 65650 1 3912 40p120
15650 40.120 40.120 65651 2 3912 40p120
15651 40.120 40.120 65652 3 3912 40p120
15652 40.130 40.130 65653 0 3913 40p130
15653 40.130 40.130 65654 1 3913 40p130
15654 40.130 40.130 65655 2 3913 40p130
15655 40.130 40.130 65656 3 3913 40p130
15656 40.140 40.140 65657 0 3914 40p140
15657 40.140 40.140 65658 1 3914 40p140
15658 40.140 40.140 65659 2 3914 40p140
15659 40.140 40.140 65660 3 3914 40p140
15660 40.150 40.150 65661 0 3915 40p150
15661 40.150 40.150 65662 1 3915 40p150
15662 40.150 40.150 65663 2 3915 40p150
15663 40.150 40.150 65664 3 3915 40p150
15664 40.160 40.160 65665 0 3916 40p160
15665 40.160 40.160 65666 1 3916 40p160
15666 40.160 40.160 65667 2 3916 40p160
15667 40.160 40.160 65668 3 3916 40p160
15668 40.170 40.170 65669 0 3917 40p170
15669 40.170 40.170 65670 1 3917 40p170
15670 40.170 40.170 65671 2 3917 40p170
15671 40.170 40.170 65672 3 3917 40p170
15672 40.180 40.180 65673 0 3918 40p180
15673 40.180 40.180 65674 1 3918 40p180
15674 40.180 40.180 65675 2 3918 40p180
15675 40.180 40.180 65676 3 3918 40p180
15676 40.190 40.190 65677 0 3919 40p190
15677 40.190 40.190 65678 1 3919 40p190
15678 40.190 40.190 65679 2 3919 40p190
15679 40.190 40.190 65680 3 3919 40p190
15680 40.200 40.200 65681 0 3920 40p200
15681 40.200 40.200 65682 1 3920 40p200
15682 40.200 40.200 65683 2 3920 40p200
15683 40.200 40.200 65684 3 3920 40p200
15684 40.210 40.210 65685 0 3921 40p210
15685 40.210 40.210 65686 1 3921 40p210
15686 40.210 40.210 65687 2 3921 40p210
15687 40.210 40.210 65688 3 3921 40p210
15688 40.220 40.220 65689 0 3922 40p220
15689 40.220 40.220 65690 1 3922 40p220
15690 40.220 40.220 65691 2 3922 40p220
15691 40.220 40.220 65692 3 3922 40p220
15692 40.230 40.230 65693 0 3923 40p230
15693 40.230 40.230 65694 1 3923 40p230
15694 40.230 40.230 65695 2 3923 40p230
15695 40.230 40.230 65696 3 3923 40p230
15696 40.240 40.240 65697 0 3924 40p240
15697 40.240 40.240 65698 1 3924 40p240
15698 40.240 40.240 65699 2 3924 40p240
15699 40.240 40.240 65700 3 3924 40p240
15700 40.250 40.250 65701 0 3925 40p250
15701 40.250 40.250 65702 1 3925 40p250
15702 40.250 40.250 65703 2 3925 40p250
15703 40.250 40.250 65704 3 3925 40p250
15704 40.260 40.260 65705 0 3926 40p260
15705 40.260 40.260 65706 1 3926 40p260
15706 40.260 40.260 65707 2 3926 40p260
15707 40.260 40.260 65708 3 3926 40p260
15708 40.270 40.270 65709 0 3927 40p270
15709 40.270 40.270 65710 1 3927 40p270
15710 40.270 40.270 65711 2 3927 40p270
15711 40.270 40.270 65712 3 3927 40p270
15712 40.280 40.280 65713 0 3928 40p280
15713 40.280 40.280 65714 1 3928 40p280
15714 40.280 40.280 65715 2 3928 40p280
15715 40.280 40.280 65716 3 3928 40p280
15716 40.290 40.290 65717 0 3929 40p290
15717 40.290 40.290 65718 1 3929 40p290
15718 40.290 40.290 65719 2 3929 40p290
15719 40.290 40.290 65720 3 3929 40p290
15720 40.300 40.300 65721 0 3930 40p300
15721 40.300 40.300 65722 1 3930 40p300
15722 40.300 40.300 65723 2 3930 40p300
15723 40.300 40.300 65724 3 3930 40p300
15724 40.310 40.310 65725 0 3931 40p310
15725 40.310 40.310 65726 1 3931 40p310
15726 40.310 40.310 65727 2 3931 40p310
15727 40.310 40.310 65728 3 3931 40p310
15728 40.320 40.320 65729 0 3932 40p320
15729 40.320 40.320 65730 1 3932 40p320
15730 40.320 40.320 65731 2 3932 40p320
15731 40.320 40.320 65732 3 3932 40p320
15732 40.330 40.330 65733 0 3933 40p330
15733 40.330 40.330 65734 1 3933 40p330
15734 40.330 40.330 65735 2 3933 40p330
15735 40.330 40.330 65736 3 3933 40p330
15736 40.340 40.340 65737 0 3934 40p340
15737 40.340 40.340 65738 1 3934 40p340
15738 40.340 40.340 65739 2 3934 40p340
15739 40.340 40.340 65740 3 3934 40p340
15740 40.350 40.350 65741 0 3935 40p350
15741 40.350 40.350 65742 1 3935 40p350
15742 40.350 40.350 65743 2 3935 40p350
15743 40.350 40.350 65744 3 3935 40p350
15744 40.360 40.360 65745 0 3936 40p360
15745 40.360 40.360 65746 1 3936 40p360
15746 40.360 40.360 65747 2 3936 40p360
15747 40.360 40.360 65748 3 3936 40p360
15748 40.370 40.370 65749 0 3937 40p370
15749 40.370 40.370 65750 1 3937 40p370
15750 40.370 40.370 65751 2 3937 40p370
15751 40.370 40.370 65752 3 3937 40p370
15752 40.380 40.380 65753 0 3938 40p380
15753 40.380 40.380 65754 1 3938 40p380
15754 40.380 40.380 65755 2 3938 40p380
15755 40.380 40.380 65756 3 3938 40p380
15756 40.390 40.390 65757 0 3939 40p390
15757 40.390 40.390 65758 1 3939 40p390
15758 40.390 40.390 65759 2 3939 40p390
15759 40.390 40.390 65760 3 3939 40p390
15760 40.400 40.400 65761 0 3940 40p400
15761 40.400 40.400 65762 1 3940 40p400
15762 40.400 40.400 65763 2 3940 40p400
15763 40.400 40.400 65764 3 3940 40p400
15764 40.410 40.410 65765 0 3941 40p410
15765 40.410 40.410 65766 1 3941 40p410
15766 40.410 40.410 65767 2 3941 40p410
15767 40.410 40.410 65768 3 3941 40p410
15768 40.420 40.420 65769 0 3942 40p420
15769 40.420 40.420 65770 1 3942 40p420
15770 40.420 40.420 65771 2 3942 40p420
15771 40.420 40.420 65772 3 3942 40p420
15772 40.430 40.430 65773 0 3943 40p430
15773 40.430 40.430 65774 1 3943 40p430
15774 40.430 40.430 65775 2 3943 40p430
15775 40.430 40.430 65776 3 3943 40p430
15776 40.440 40.440 65777 0 3944 40p440
15777 40.440 40.440 65778 1 3944 40p440
15778 40.440 40.440 65779 2 3944 40p440
15779 40.440 40.440 65780 3 3944 40p440
15780 40.450 40.450 65781 0 3945 40p450
15781 40.450 40.450 65782 1 3945 40p450
15782 40.450 40.450 65783 2 3945 40p450
15783 40.450 40.450 65784 3 3945 40p450
15784 40.460 40.460 65785 0 3946 40p460
15785 40.460 40.460 65786 1 3946 40p460
15786 40.460 40.460 65787 2 3946 40p460
15787 40.460 40.460 65788 3 3946 40p460
15788 40.470 40.470 65789 0 3947 40p470
15789 40.470 40.470 65790 1 3947 40p470
15790 40.470 40.470 65791 2 3947 40p470
15791 40.470 40.470 65792 3 3947 40p470
15792 40.480 40.480 65793 0 3948 40p480
15793 40.480 40.480 65794 1 3948 40p480
15794 40.480 40.480 65795 2 3948 40p480
15795 40.480 40.480 65796 3 3948 40p480
15796 40.490 40.490 65797 0 3949 40p490
15797 40.490 40.490 65798 1 3949 40p490
15798 40.490 40.490 65799 2 3949 40p490
15799 40.490 40.490 65800 3 3949 40p490
15800 40.500 40.500 65801 0 3950 40p500
15801 40.500 40.500 65802 1 3950 40p500
15802 40.500 40.500 65803 2 3950 40p500
15803 40.500 40.500 65804 3 3950 40p500
15804 40.510 40.510 65805 0 3951 40p510
15805 40.510 40.510 65806 1 3951 40p510
15806 40.510 40.510 65807 2 3951 40p510
15807 40.510 40.510 65808 3 3951 40p510
15808 40.520 40.520 65809 0 3952 40p520
15809 40.520 40.520 65810 1 3952 40p520
15810 40.520 40.520 65811 2 3952 40p520
15811 40.520 40.520 65812 3 3952 40p520
15812 40.530 40.530 65813 0 3953 40p530
15813 40.530 40.530 65814 1 3953 40p530
15814 40.530 40.530 65815 2 3953 40p530
15815 40.530 40.530 65816 3 3953 40p530
15816 40.540 40.540 65817 0 3954 40p540
15817 40.540 40.540 65818 1 3954 40p540
15818 40.540 40.540 65819 2 3954 40p540
15819 40.540 40.540 65820 3 3954 40p540
15820 40.550 40.550 65821 0 3955 40p550
15821 40.550 40.550 65822 1 3955 40p550
15822 40.550 40.550 65823 2 3955 40p550
15823 40.550 40.550 65824 3 3955 40p550
15824 40.560 40.560 65825 0 3956 40p560
15825 40.560 40.560 65826 1 3956 40p560
15826 40.560 40.560 65827 2 3956 40p560
15827 40.560 40.560 65828 3 3956 40p560
15828 40.570 40.570 65829 0 3957 40p570
15829 40.570 40.570 65830 1 3957 40p570
15830 40.570 40.570 65831 2 3957 40p570
15831 40.570 40.570 65832 3 3957 40p570
15832 40.580 40.580 65833 0 3958 40p580
15833 40.580 40.580 65834 1 3958 40p580
15834 40.580 40.580 65835 2 3958 40p580
15835 40.580 40.580 65836 3 3958 40p580
15836 40.590 40.590 65837 0 3959 40p590
15837 40.590 40.590 65838 1 3959 40p590
15838 40.590 40.590 65839 2 3959 40p590
15839 40.590 40.590 65840 3 3959 40p590
15840 40.600 40.600 65841 0 3960 40p600
15841 40.600 40.600 65842 1 3960 40p600
15842 40.600 40.600 65843 2 3960 40p600
15843 40.600 40.600 65844 3 3960 40p600
15844 40.610 40.610 65845 0 3961 40p610
15845 40.610 40.610 65846 1 3961 40p610
15846 40.610 40.610 65847 2 3961 40p610
15847 40.610 40.610 65848 3 3961 40p610
15848 40.620 40.620 65849 0 3962 40p620
15849 40.620 40.620 65850 1 3962 40p620
15850 40.620 40.620 65851 2 3962 40p620
15851 40.620 40.620 65852 3 3962 40p620
15852 40.630 40.630 65853 0 3963 40p630
15853 40.630 40.630 65854 1 3963 40p630
15854 40.630 40.630 65855 2 3963 40p630
15855 40.630 40.630 65856 3 3963 40p630
15856 40.640 40.640 65857 0 3964 40p640
15857 40.640 40.640 65858 1 3964 40p640
15858 40.640 40.640 65859 2 3964 40p640
15859 40.640 40.640 65860 3 3964 40p640
15860 40.650 40.650 65861 0 3965 40p650
15861 40.650 40.650 65862 1 3965 40p650
15862 40.650 40.650 65863 2 3965 40p650
15863 40.650 40.650 65864 3 3965 40p650
15864 40.660 40.660 65865 0 3966 40p660
15865 40.660 40.660 65866 1 3966 40p660
15866 40.660 40.660 65867 2 3966 40p660
15867 40.660 40.660 65868 3 3966 40p660
15868 40.670 40.670 65869 0 3967 40p670
15869 40.670 40.670 65870 1 3967 40p670
15870 40.670 40.670 65871 2 3967 40p670
15871 40.670 40.670 65872 3 3967 40p670
15872 40.680 40.680 65873 0 3968 40p680
15873 40.680 40.680 65874 1 3968 40p680
15874 40.680 40.680 65875 2 3968 40p680
15875 40.680 40.680 65876 3 3968 40p680
15876 40.690 40.690 65877 0 3969 40p690
15877 40.690 40.690 65878 1 3969 40p690
15878 40.690 40.690 65879 2 3969 40p690
15879 40.690 40.690 65880 3 3969 40p690
15880 40.700 40.700 65881 0 3970 40p700
15881 40.700 40.700 65882 1 3970 40p700
15882 40.700 40.700 65883 2 3970 40p700
15883 40.700 40.700 65884 3 3970 40p700
15884 40.710 40.710 65885 0 3971 40p710
15885 40.710 40.710 65886 1 3971 40p710
15886 40.710 40.710 65887 2 3971 40p710
15887 40.710 40.710 65888 3 3971 40p710
15888 40.720 40.720 65889 0 3972 40p720
15889 40.720 40.720 65890 1 3972 40p720
15890 40.720 40.720 65891 2 3972 40p720
15891 40.720 40.720 65892 3 3972 40p720
15892 40.730 40.730 65893 0 3973 40p730
15893 40.730 40.730 65894 1 3973 40p730
15894 40.730 40.730 65895 2 3973 40p730
15895 40.730 40.730 65896 3 3973 40p730
15896 40.740 40.740 65897 0 3974 40p740
15897 40.740 40.740 65898 1 3974 40p740
15898 40.740 40.740 65899 2 3974 40p740
15899 40.740 40.740 65900 3 3974 40p740
15900 40.750 40.750 65901 0 3975 40p750
15901 40.750 40.750 65902 1 3975 40p750
15902 40.750 40.750 65903 2 3975 40p750
15903 40.750 40.750 65904 3 3975 40p750
15904 40.760 40.760 65905 0 3976 40p760
15905 40.760 40.760 65906 1 3976 40p760
15906 40.760 40.760 65907 2 3976 40p760
15907 40.760 40.760 65908 3 3976 40p760
15908 40.770 40.770 65909 0 3977 40p770
15909 40.770 40.770 65910 1 3977 40p770
15910 40.770 40.770 65911 2 3977 40p770
15911 40.770 40.770 65912 3 3977 40p770
15912 40.780 40.780 65913 0 3978 40p780
15913 40.780 40.780 65914 1 3978 40p780
15914 40.780 40.780 65915 2 3978 40p780
15915 40.780 40.780 65916 3 3978 40p780
15916 40.790 40.790 65917 0 3979 40p790
15917 40.790 40.790 65918 1 3979 40p790
15918 40.790 40.790 65919 2 3979 40p790
15919 40.790 40.790 65920 3 3979 40p790
15920 40.800 40.800 65921 0 3980 40p800
15921 40.800 40.800 65922 1 3980 40p800
15922 40.800 40.800 65923 2 3980 40p800
15923 40.800 40.800 65924 3 3980 40p800
15924 40.810 40.810 65925 0 3981 40p810
15925 40.810 40.810 65926 1 3981 40p810
15926 40.810 40.810 65927 2 3981 40p810
15927 40.810 40.810 65928 3 3981 40p810
15928 40.820 40.820 65929 0 3982 40p820
15929 40.820 40.820 65930 1 3982 40p820
15930 40.820 40.820 65931 2 3982 40p820
15931 40.820 40.820 65932 3 3982 40p820
15932 40.830 40.830 65933 0 3983 40p830
15933 40.830 40.830 65934 1 3983 40p830
15934 40.830 40.830 65935 2 3983 40p830
15935 40.830 40.830 65936 3 3983 40p830
15936 40.840 40.840 65937 0 3984 40p840
15937 40.840 40.840 65938 1 3984 40p840
15938 40.840 40.840 65939 2 3984 40p840
15939 40.840 40.840 65940 3 3984 40p840
15940 40.850 40.850 65941 0 3985 40p850
15941 40.850 40.850 65942 1 3985 40p850
15942 40.850 40.850 65943 2 3985 40p850
15943 40.850 40.850 65944 3 3985 40p850
15944 40.860 40.860 65945 0 3986 40p860
15945 40.860 40.860 65946 1 3986 40p860
15946 40.860 40.860 65947 2 3986 40p860
15947 40.860 40.860 65948 3 3986 40p860
15948 40.870 40.870 65949 0 3987 40p870
15949 40.870 40.870 65950 1 3987 40p870
15950 40.870 40.870 65951 2 3987 40p870
15951 40.870 40.870 65952 3 3987 40p870
15952 40.880 40.880 65953 0 3988 40p880
15953 40.880 40.880 65954 1 3988 40p880
15954 40.880 40.880 65955 2 3988 40p880
15955 40.880 40.880 65956 3 3988 40p880
15956 40.890 40.890 65957 0 3989 40p890
15957 40.890 40.890 65958 1 3989 40p890
15958 40.890 40.890 65959 2 3989 40p890
15959 40.890 40.890 65960 3 3989 40p890
15960 40.900 40.900 65961 0 3990 40p900
15961 40.900 40.900 65962 1 3990 40p900
15962 40.900 40.900 65963 2 3990 40p900
15963 40.900 40.900 65964 3 3990 40p900
15964 40.910 40.910 65965 0 3991 40p910
15965 40.910 40.910 65966 1 3991 40p910
15966 40.910 40.910 65967 2 3991 40p910
15967 40.910 40.910 65968 3 3991 40p910
15968 40.920 40.920 65969 0 3992 40p920
15969 40.920 40.920 65970 1 3992 40p920
15970 40.920 40.920 65971 2 3992 40p920
15971 40.920 40.920 65972 3 3992 40p920
15972 40.930 40.930 65973 0 3993 40p930
15973 40.930 40.930 65974 1 3993 40p930
15974 40.930 40.930 65975 2 3993 40p930
15975 40.930 40.930 65976 3 3993 40p930
15976 40.940 40.940 65977 0 3994 40p940
15977 40.940 40.940 65978 1 3994 40p940
15978 40.940 40.940 65979 2 3994 40p940
15979 40.940 40.940 65980 3 3994 40p940
15980 40.950 40.950 65981 0 3995 40p950
15981 40.950 40.950 65982 1 3995 40p950
15982 40.950 40.950 65983 2 3995 40p950
15983 40.950 40.950 65984 3 3995 40p950
15984 40.960 40.960 65985 0 3996 40p960
15985 40.960 40.960 65986 1 3996 40p960
15986 40.960 40.960 65987 2 3996 40p960
15987 40.960 40.960 65988 3 3996 40p960
15988 40.970 40.970 65989 0 3997 40p970
15989 40.970 40.970 65990 1 3997 40p970
15990 40.970 40.970 65991 2 3997 40p970
15991 40.970 40.970 65992 3 3997 40p970
15992 40.980 40.980 65993 0 3998 40p980
15993 40.980 40.980 65994 1 3998 40p980
15994 40.980 40.980 65995 2 3998 40p980
15995 40.980 40.980 65996 3 3998 40p980
15996 40.990 40.990 65997 0 3999 40p990
15997 40.990 40.990 65998 1 3999 40p990
15998 40.990 40.990 65999 2 3999 40p990
15999 40.990 40.990 66000 3 3999 40p990
16000 41.000 41.000 66001 0 4000 41p000
16001 41.000 41.000 66002 1 4000 41p000
16002 41.000 41.000 66003 2 4000 41p000
16003 41.000 41.000 66004 3 4000 41p000
16004 41.010 41.010 66005 0 4001 41p010
16005 41.010 41.010 66006 1 4001 41p010
16006 41.010 41.010 66007 2 4001 41p010
16007 41.010 41.010 66008 3 4001 41p010
16008 41.020 41.020 66009 0 4002 41p020
16009 41.020 41.020 66010 1 4002 41p020
16010 41.020 41.020 66011 2 4002 41p020
16011 41.020 41.020 66012 3 4002 41p020
16012 41.030 41.030 66013 0 4003 41p030
16013 41.030 41.030 66014 1 4003 41p030
16014 41.030 41.030 66015 2 4003 41p030
16015 41.030 41.030 66016 3 4003 41p030
16016 41.040 41.040 66017 0 4004 41p040
16017 41.040 41.040 66018 1 4004 41p040
16018 41.040 41.040 66019 2 4004 41p040
16019 41.040 41.040 66020 3 4004 41p040
16020 41.050 41.050 66021 0 4005 41p050
16021 41.050 41.050 66022 1 4005 41p050
16022 41.050 41.050 66023 2 4005 41p050
16023 41.050 41.050 66024 3 4005 41p050
16024 41.060 41.060 66025 0 4006 41p060
16025 41.060 41.060 66026 1 4006 41p060
16026 41.060 41.060 66027 2 4006 41p060
16027 41.060 41.060 66028 3 4006 41p060
16028 41.070 41.070 66029 0 4007 41p070
16029 41.070 41.070 66030 1 4007 41p070
16030 41.070 41.070 66031 2 4007 41p070
16031 41.070 41.070 66032 3 4007 41p070
16032 41.080 41.080 66033 0 4008 41p080
16033 41.080 41.080 66034 1 4008 41p080
16034 41.080 41.080 66035 2 4008 41p080
16035 41.080 41.080 66036 3 4008 41p080
16036 41.090 41.090 66037 0 4009 41p090
16037 41.090 41.090 66038 1 4009 41p090
16038 41.090 41.090 66039 2 4009 41p090
16039 41.090 41.090 66040 3 4009 41p090
16040 41.100 41.100 66041 0 4010 41p100
16041 41.100 41.100 66042 1 4010 41p100
16042 41.100 41.100 66043 2 4010 41p100
16043 41.100 41.100 66044 3 4010 41p100
16044 41.110 41.110 66045 0 4011 41p110
16045 41.110 41.110 66046 1 4011 41p110
16046 41.110 41.110 66047 2 4011 41p110
16047 41.110 41.110 66048 3 4011 41p110
16048 41.120 41.120 66049 0 4012 41p120
16049 41.120 41.120 66050 1 4012 41p120
16050 41.120 41.120 66051 2 4012 41p120
16051 41.120 41.120 66052 3 4012 41p120
16052 41.130 41.130 66053 0 4013 41p130
16053 41.130 41.130 66054 1 4013 41p130
16054 41.130 41.130 66055 2 4013 41p130
16055 41.130 41.130 66056 3 4013 41p130
16056 41.140 41.140 66057 0 4014 41p140
16057 41.140 41.140 66058 1 4014 41p140
16058 41.140 41.140 66059 2 4014 41p140
16059 41.140 41.140 66060 3 4014 41p140
16060 41.150 41.150 66061 0 4015 41p150
16061 41.150 41.150 66062 1 4015 41p150
16062 41.150 41.150 66063 2 4015 41p150
16063 41.150 41.150 66064 3 4015 41p150
16064 41.160 41.160 66065 0 4016 41p160
16065 41.160 41.160 66066 1 4016 41p160
16066 41.160 41.160 66067 2 4016 41p160
16067 41.160 41.160 66068 3 4016 41p160
16068 41.170 41.170 66069 0 4017 41p170
16069 41.170 41.170 66070 1 4017 41p170
16070 41.170 41.170 66071 2 4017 41p170
16071 41.170 41.170 66072 3 4017 41p170
16072 41.180 41.180 66073 0 4018 41p180
16073 41.180 41.180 66074 1 4018 41p180
16074 41.180 41.180 66075 2 4018 41p180
16075 41.180 41.180 66076 3 4018 41p180
16076 41.190 41.190 66077 0 4019 41p190
16077 41.190 41.190 66078 1 4019 41p190
16078 41.190 41.190 66079 2 4019 41p190
16079 41.190 41.190 66080 3 4019 41p190
16080 41.200 41.200 66081 0 4020 41p200
16081 41.200 41.200 66082 1 4020 41p200
16082 41.200 41.200 66083 2 4020 41p200
16083 41.200 41.200 66084 3 4020 41p200
16084 41.210 41.210 66085 0 4021 41p210
16085 41.210 41.210 66086 1 4021 41p210
16086 41.210 41.210 66087 2 4021 41p210
16087 41.210 41.210 66088 3 4021 41p210
16088 41.220 41.220 66089 0 4022 41p220
16089 41.220 41.220 66090 1 4022 41p220
16090 41.220 41.220 66091 2 4022 41p220
16091 41.220 41.220 66092 3 4022 41p220
16092 41.230 41.230 66093 0 4023 41p230
16093 41.230 41.230 66094 1 4023 41p230
16094 41.230 41.230 66095 2 4023 41p230
16095 41.230 41.230 66096 3 4023 41p230
16096 41.240 41.240 66097 0 4024 41p240
16097 41.240 41.240 66098 1 4024 41p240
16098 41.240 41.240 66099 2 4024 41p240
16099 41.240 41.240 66100 3 4024 41p240
16100 41.250 41.250 66101 0 4025 41p250
16101 41.250 41.250 66102 1 4025 41p250
16102 41.250 41.250 66103 2 4025 41p250
16103 41.250 41.250 66104 3 4025 41p250
16104 41.260 41.260 66105 0 4026 41p260
16105 41.260 41.260 66106 1 4026 41p260
16106 41.260 41.260 66107 2 4026 41p260
16107 41.260 41.260 66108 3 4026 41p260
16108 41.270 41.270 66109 0 4027 41p270
16109 41.270 41.270 66110 1 4027 41p270
16110 41.270 41.270 66111 2 4027 41p270
16111 41.270 41.270 66112 3 4027 41p270
16112 41.280 41.280 66113 0 4028 41p280
16113 41.280 41.280 66114 1 4028 41p280
16114 41.280 41.280 66115 2 4028 41p280
16115 41.280 41.280 66116 3 4028 41p280
16116 41.290 41.290 66117 0 4029 41p290
16117 41.290 41.290 66118 1 4029 41p290
16118 41.290 41.290 66119 2 4029 41p290
16119 41.290 41.290 66120 3 4029 41p290
16120 41.300 41.300 66121 0 4030 41p300
16121 41.300 41.300 66122 1 4030 41p300
16122 41.300 41.300 66123 2 4030 41p300
16123 41.300 41.300 66124 3 4030 41p300
16124 41.310 41.310 66125 0 4031 41p310
16125 41.310 41.310 66126 1 4031 41p310
16126 41.310 41.310 66127 2 4031 41p310
16127 41.310 41.310 66128 3 4031 41p310
16128 41.320 41.320 66129 0 4032 41p320
16129 41.320 41.320 66130 1 4032 41p320
16130 41.320 41.320 66131 2 4032 41p320
16131 41.320 41.320 66132 3 4032 41p320
16132 41.330 41.330 66133 0 4033 41p330
16133 41.330 41.330 66134 1 4033 41p330
16134 41.330 41.330 66135 2 4033 41p330
16135 41.330 41.330 66136 3 4033 41p330
16136 41.340 41.340 66137 0 4034 41p340
16137 41.340 41.340 66138 1 4034 41p340
16138 41.340 41.340 66139 2 4034 41p340
16139 41.340 41.340 66140 3 4034 41p340
16140 41.350 41.350 66141 0 4035 41p350
16141 41.350 41.350 66142 1 4035 41p350
16142 41.350 41.350 66143 2 4035 41p350
16143 41.350 41.350 66144 3 4035 41p350
16144 41.360 41.360 66145 0 4036 41p360
16145 41.360 41.360 66146 1 4036 41p360
16146 41.360 41.360 66147 2 4036 41p360
16147 41.360 41.360 66148 3 4036 41p360
16148 41.370 41.370 66149 0 4037 41p370
16149 41.370 41.370 66150 1 4037 41p370
16150 41.370 41.370 66151 2 4037 41p370
16151 41.370 41.370 66152 3 4037 41p370
16152 41.380 41.380 66153 0 4038 41p380
16153 41.380 41.380 66154 1 4038 41p380
16154 41.380 41.380 66155 2 4038 41p380
16155 41.380 41.380 66156 3 4038 41p380
16156 41.390 41.390 66157 0 4039 41p390
16157 41.390 41.390 66158 1 4039 41p390
16158 41.390 41.390 66159 2 4039 41p390
16159 41.390 41.390 66160 3 4039 41p390
16160 41.400 41.400 66161 0 4040 41p400
16161 41.400 41.400 66162 1 4040 41p400
16162 41.400 41.400 66163 2 4040 41p400
16163 41.400 41.400 66164 3 4040 41p400
16164 41.410 41.410 66165 0 4041 41p410
16165 41.410 41.410 66166 1 4041 41p410
16166 41.410 41.410 66167 2 4041 41p410
16167 41.410 41.410 66168 3 4041 41p410
16168 41.420 41.420 66169 0 4042 41p420
16169 41.420 41.420 66170 1 4042 41p420
16170 41.420 41.420 66171 2 4042 41p420
16171 41.420 41.420 66172 3 4042 41p420
16172 41.430 41.430 66173 0 4043 41p430
16173 41.430 41.430 66174 1 4043 41p430
16174 41.430 41.430 66175 2 4043 41p430
16175 41.430 41.430 66176 3 4043 41p430
16176 41.440 41.440 66177 0 4044 41p440
16177 41.440 41.440 66178 1 4044 41p440
16178 41.440 41.440 66179 2 4044 41p440
16179 41.440 41.440 66180 3 4044 41p440
16180 41.450 41.450 66181 0 4045 41p450
16181 41.450 41.450 66182 1 4045 41p450
16182 41.450 41.450 66183 2 4045 41p450
16183 41.450 41.450 66184 3 4045 41p450
16184 41.460 41.460 66185 0 4046 41p460
16185 41.460 41.460 66186 1 4046 41p460
16186 41.460 41.460 66187 2 4046 41p460
16187 41.460 41.460 66188 3 4046 41p460
16188 41.470 41.470 66189 0 4047 41p470
16189 41.470 41.470 66190 1 4047 41p470
16190 41.470 41.470 66191 2 4047 41p470
16191 41.470 41.470 66192 3 4047 41p470
16192 41.480 41.480 66193 0 4048 41p480
16193 41.480 41.480 66194 1 4048 41p480
16194 41.480 41.480 66195 2 4048 41p480
16195 41.480 41.480 66196 3 4048 41p480
16196 41.490 41.490 66197 0 4049 41p490
16197 41.490 41.490 66198 1 4049 41p490
16198 41.490 41.490 66199 2 4049 41p490
16199 41.490 41.490 66200 3 4049 41p490
16200 41.500 41.500 66201 0 4050 41p500
16201 41.500 41.500 66202 1 4050 41p500
16202 41.500 41.500 66203 2 4050 41p500
16203 41.500 41.500 66204 3 4050 41p500
16204 41.510 41.510 66205 0 4051 41p510
16205 41.510 41.510 66206 1 4051 41p510
16206 41.510 41.510 66207 2 4051 41p510
16207 41.510 41.510 66208 3 4051 41p510
16208 41.520 41.520 66209 0 4052 41p520
16209 41.520 41.520 66210 1 4052 41p520
16210 41.520 41.520 66211 2 4052 41p520
16211 41.520 41.520 66212 3 4052 41p520
16212 41.530 41.530 66213 0 4053 41p530
16213 41.530 41.530 66214 1 4053 41p530
16214 41.530 41.530 66215 2 4053 41p530
16215 41.530 41.530 66216 3 4053 41p530
16216 41.540 41.540 66217 0 4054 41p540
16217 41.540 41.540 66218 1 4054 41p540
16218 41.540 41.540 66219 2 4054 41p540
16219 41.540 41.540 66220 3 4054 41p540
16220 41.550 41.550 66221 0 4055 41p550
16221 41.550 41.550 66222 1 4055 41p550
16222 41.550 41.550 66223 2 4055 41p550
16223 41.550 41.550 66224 3 4055 41p550
16224 41.560 41.560 66225 0 4056 41p560
16225 41.560 41.560 66226 1 4056 41p560
16226 41.560 41.560 66227 2 4056 41p560
16227 41.560 41.560 66228 3 4056 41p560
16228 41.570 41.570 66229 0 4057 41p570
16229 41.570 41.570 66230 1 4057 41p570
16230 41.570 41.570 66231 2 4057 41p570
16231 41.570 41.570 66232 3 4057 41p570
16232 41.580 41.580 66233 0 4058 41p580
16233 41.580 41.580 66234 1 4058 41p580
16234 41.580 41.580 66235 2 4058 41p580
16235 41.580 41.580 66236 3 4058 41p580
16236 41.590 41.590 66237 0 4059 41p590
16237 41.590 41.590 66238 1 4059 41p590
16238 41.590 41.590 66239 2 4059 41p590
16239 41.590 41.590 66240 3 4059 41p590
16240 41.600 41.600 66241 0 4060 41p600
16241 41.600 41.600 66242 1 4060 41p600
16242 41.600 41.600 66243 2 4060 41p600
16243 41.600 41.600 66244 3 4060 41p600
16244 41.610 41.610 66245 0 4061 41p610
16245 41.610 41.610 66246 1 4061 41p610
16246 41.610 41.610 66247 2 4061 41p610
16247 41.610 41.610 66248 3 4061 41p610
16248 41.620 41.620 66249 0 4062 41p620
16249 41.620 41.620 66250 1 4062 41p620
16250 41.620 41.620 66251 2 4062 41p620
16251 41.620 41.620 66252 3 4062 41p620
16252 41.630 41.630 66253 0 4063 41p630
16253 41.630 41.630 66254 1 4063 41p630
16254 41.630 41.630 66255 2 4063 41p630
16255 41.630 41.630 66256 3 4063 41p630
16256 41.640 41.640 66257 0 4064 41p640
16257 41.640 41.640 66258 1 4064 41p640
16258 41.640 41.640 66259 2 4064 41p640
16259 41.640 41.640 66260 3 4064 41p640
16260 41.650 41.650 66261 0 4065 41p650
16261 41.650 41.650 66262 1 4065 41p650
16262 41.650 41.650 66263 2 4065 41p650
16263 41.650 41.650 66264 3 4065 41p650
16264 41.660 41.660 66265 0 4066 41p660
16265 41.660 41.660 66266 1 4066 41p660
16266 41.660 41.660 66267 2 4066 41p660
16267 41.660 41.660 66268 3 4066 41p660
16268 41.670 41.670 66269 0 4067 41p670
16269 41.670 41.670 66270 1 4067 41p670
16270 41.670 41.670 66271 2 4067 41p670
16271 41.670 41.670 66272 3 4067 41p670
16272 41.680 41.680 66273 0 4068 41p680
16273 41.680 41.680 66274 1 4068 41p680
16274 41.680 41.680 66275 2 4068 41p680
16275 41.680 41.680 66276 3 4068 41p680
16276 41.690 41.690 66277 0 4069 41p690
16277 41.690 41.690 66278 1 4069 41p690
16278 41.690 41.690 66279 2 4069 41p690
16279 41.690 41.690 66280 3 4069 41p690
16280 41.700 41.700 66281 0 4070 41p700
16281 41.700 41.700 66282 1 4070 41p700
16282 41.700 41.700 66283 2 4070 41p700
16283 41.700 41.700 66284 3 4070 41p700
16284 41.710 41.710 66285 0 4071 41p710
16285 41.710 41.710 66286 1 4071 41p710
16286 41.710 41.710 66287 2 4071 41p710
16287 41.710 41.710 66288 3 4071 41p710
16288 41.720 41.720 66289 0 4072 41p720
16289 41.720 41.720 66290 1 4072 41p720
16290 41.720 41.720 66291 2 4072 41p720
16291 41.720 41.720 66292 3 4072 41p720
16292 41.730 41.730 66293 0 4073 41p730
16293 41.730 41.730 66294 1 4073 41p730
16294 41.730 41.730 66295 2 4073 41p730
16295 41.730 41.730 66296 3 4073 41p730
16296 41.740 41.740 66297 0 4074 41p740
16297 41.740 41.740 66298 1 4074 41p740
16298 41.740 41.740 66299 2 4074 41p740
16299 41.740 41.740 66300 3 4074 41p740
16300 41.750 41.750 66301 0 4075 41p750
16301 41.750 41.750 66302 1 4075 41p750
16302 41.750 41.750 66303 2 4075 41p750
16303 41.750 41.750 66304 3 4075 41p750
16304 41.760 41.760 66305 0 4076 41p760
16305 41.760 41.760 66306 1 4076 41p760
16306 41.760 41.760 66307 2 4076 41p760
16307 41.760 41.760 66308 3 4076 41p760
16308 41.770 41.770 66309 0 4077 41p770
16309 41.770 41.770 66310 1 4077 41p770
16310 41.770 41.770 66311 2 4077 41p770
16311 41.770 41.770 66312 3 4077 41p770
16312 41.780 41.780 66313 0 4078 41p780
16313 41.780 41.780 66314 1 4078 41p780
16314 41.780 41.780 66315 2 4078 41p780
16315 41.780 41.780 66316 3 4078 41p780
16316 41.790 41.790 66317 0 4079 41p790
16317 41.790 41.790 66318 1 4079 41p790
16318 41.790 41.790 66319 2 4079 41p790
16319 41.790 41.790 66320 3 4079 41p790
16320 41.800 41.800 66321 0 4080 41p800
16321 41.800 41.800 66322 1 4080 41p800
16322 41.800 41.800 66323 2 4080 41p800
16323 41.800 41.800 66324 3 4080 41p800
16324 41.810 41.810 66325 0 4081 41p810
16325 41.810 41.810 66326 1 4081 41p810
16326 41.810 41.810 66327 2 4081 41p810
16327 41.810 41.810 66328 3 4081 41p810
16328 41.820 41.820 66329 0 4082 41p820
16329 41.820 41.820 66330 1 4082 41p820
16330 41.820 41.820 66331 2 4082 41p820
16331 41.820 41.820 66332 3 4082 41p820
16332 41.830 41.830 66333 0 4083 41p830
16333 41.830 41.830 66334 1 4083 41p830
16334 41.830 41.830 66335 2 4083 41p830
16335 41.830 41.830 66336 3 4083 41p830
16336 41.840 41.840 66337 0 4084 41p840
16337 41.840 41.840 66338 1 4084 41p840
16338 41.840 41.840 66339 2 4084 41p840
16339 41.840 41.840 66340 3 4084 41p840
16340 41.850 41.850 66341 0 4085 41p850
16341 41.850 41.850 66342 1 4085 41p850
16342 41.850 41.850 66343 2 4085 41p850
16343 41.850 41.850 66344 3 4085 41p850
16344 41.860 41.860 66345 0 4086 41p860
16345 41.860 41.860 66346 1 4086 41p860
16346 41.860 41.860 66347 2 4086 41p860
16347 41.860 41.860 66348 3 4086 41p860
16348 41.870 41.870 66349 0 4087 41p870
16349 41.870 41.870 66350 1 4087 41p870
16350 41.870 41.870 66351 2 4087 41p870
16351 41.870 41.870 66352 3 4087 41p870
16352 41.880 41.880 66353 0 4088 41p880
16353 41.880 41.880 66354 1 4088 41p880
16354 41.880 41.880 66355 2 4088 41p880
16355 41.880 41.880 66356 3 4088 41p880
16356 41.890 41.890 66357 0 4089 41p890
16357 41.890 41.890 66358 1 4089 41p890
16358 41.890 41.890 66359 2 4089 41p890
16359 41.890 41.890 66360 3 4089 41p890
16360 41.900 41.900 66361 0 4090 41p900
16361 41.900 41.900 66362 1 4090 41p900
16362 41.900 41.900 66363 2 4090 41p900
16363 41.900 41.900 66364 3 4090 41p900
16364 41.910 41.910 66365 0 4091 41p910
16365 41.910 41.910 66366 1 4091 41p910
16366 41.910 41.910 66367 2 4091 41p910
16367 41.910 41.910 66368 3 4091 41p910
16368 41.920 41.920 66369 0 4092 41p920
16369 41.920 41.920 66370 1 4092 41p920
16370 41.920 41.920 66371 2 4092 41p920
16371 41.920 41.920 66372 3 4092 41p920
16372 41.930 41.930 66373 0 4093 41p930
16373 41.930 41.930 66374 1 4093 41p930
16374 41.930 41.930 66375 2 4093 41p930
16375 41.930 41.930 66376 3 4093 41p930
16376 41.940 41.940 66377 0 4094 41p940
16377 41.940 41.940 66378 1 4094 41p940
16378 41.940 41.940 66379 2 4094 41p940
16379 41.940 41.940 66380 3 4094 41p940
16380 41.950 41.950 66381 0 4095 41p950
16381 41.950 41.950 66382 1 4095 41p950
16382 41.950 41.950 66383 2 4095 41p950
16383 41.950 41.950 66384 3 4095 41p950
16384 41.960 41.960 66385 0 4096 41p960
16385 41.960 41.960 66386 1 4096 41p960
16386 41.960 41.960 66387 2 4096 41p960
16387 41.960 41.960 66388 3 4096 41p960
16388 41.970 41.970 66389 0 4097 41p970
16389 41.970 41.970 66390 1 4097 41p970
16390 41.970 41.970 66391 2 4097 41p970
16391 41.970 41.970 66392 3 4097 41p970
16392 41.980 41.980 66393 0 4098 41p980
16393 41.980 41.980 66394 1 4098 41p980
16394 41.980 41.980 66395 2 4098 41p980
16395 41.980 41.980 66396 3 4098 41p980
16396 41.990 41.990 66397 0 4099 41p990
16397 41.990 41.990 66398 1 4099 41p990
16398 41.990 41.990 66399 2 4099 41p990
16399 41.990 41.990 66400 3 4099 41p990
16400 42.000 42.000 66401 0 4100 42p000
16401 42.000 42.000 66402 1 4100 42p000
16402 42.000 42.000 66403 2 4100 42p000
16403 42.000 42.000 66404 3 4100 42p000
16404 42.010 42.010 66405 0 4101 42p010
16405 42.010 42.010 66406 1 4101 42p010
16406 42.010 42.010 66407 2 4101 42p010
16407 42.010 42.010 66408 3 4101 42p010
16408 42.020 42.020 66409 0 4102 42p020
16409 42.020 42.020 66410 1 4102 42p020
16410 42.020 42.020 66411 2 4102 42p020
16411 42.020 42.020 66412 3 4102 42p020
16412 42.030 42.030 66413 0 4103 42p030
16413 42.030 42.030 66414 1 4103 42p030
16414 42.030 42.030 66415 2 4103 42p030
16415 42.030 42.030 66416 3 4103 42p030
16416 42.040 42.040 66417 0 4104 42p040
16417 42.040 42.040 66418 1 4104 42p040
16418 42.040 42.040 66419 2 4104 42p040
16419 42.040 42.040 66420 3 4104 42p040
16420 42.050 42.050 66421 0 4105 42p050
16421 42.050 42.050 66422 1 4105 42p050
16422 42.050 42.050 66423 2 4105 42p050
16423 42.050 42.050 66424 3 4105 42p050
16424 42.060 42.060 66425 0 4106 42p060
16425 42.060 42.060 66426 1 4106 42p060
16426 42.060 42.060 66427 2 4106 42p060
16427 42.060 42.060 66428 3 4106 42p060
16428 42.070 42.070 66429 0 4107 42p070
16429 42.070 42.070 66430 1 4107 42p070
16430 42.070 42.070 66431 2 4107 42p070
16431 42.070 42.070 66432 3 4107 42p070
16432 42.080 42.080 66433 0 4108 42p080
16433 42.080 42.080 66434 1 4108 42p080
16434 42.080 42.080 66435 2 4108 42p080
16435 42.080 42.080 66436 3 4108 42p080
16436 42.090 42.090 66437 0 4109 42p090
16437 42.090 42.090 66438 1 4109 42p090
16438 42.090 42.090 66439 2 4109 42p090
16439 42.090 42.090 66440 3 4109 42p090
16440 42.100 42.100 66441 0 4110 42p100
16441 42.100 42.100 66442 1 4110 42p100
16442 42.100 42.100 66443 2 4110 42p100
16443 42.100 42.100 66444 3 4110 42p100
16444 42.110 42.110 66445 0 4111 42p110
16445 42.110 42.110 66446 1 4111 42p110
16446 42.110 42.110 66447 2 4111 42p110
16447 42.110 42.110 66448 3 4111 42p110
16448 42.120 42.120 66449 0 4112 42p120
16449 42.120 42.120 66450 1 4112 42p120
16450 42.120 42.120 66451 2 4112 42p120
16451 42.120 42.120 66452 3 4112 42p120
16452 42.130 42.130 66453 0 4113 42p130
16453 42.130 42.130 66454 1 4113 42p130
16454 42.130 42.130 66455 2 4113 42p130
16455 42.130 42.130 66456 3 4113 42p130
16456 42.140 42.140 66457 0 4114 42p140
16457 42.140 42.140 66458 1 4114 42p140
16458 42.140 42.140 66459 2 4114 42p140
16459 42.140 42.140 66460 3 4114 42p140
16460 42.150 42.150 66461 0 4115 42p150
16461 42.150 42.150 66462 1 4115 42p150
16462 42.150 42.150 66463 2 4115 42p150
16463 42.150 42.150 66464 3 4115 42p150
16464 42.160 42.160 66465 0 4116 42p160
16465 42.160 42.160 66466 1 4116 42p160
16466 42.160 42.160 66467 2 4116 42p160
16467 42.160 42.160 66468 3 4116 42p160
16468 42.170 42.170 66469 0 4117 42p170
16469 42.170 42.170 66470 1 4117 42p170
16470 42.170 42.170 66471 2 4117 42p170
16471 42.170 42.170 66472 3 4117 42p170
16472 42.180 42.180 66473 0 4118 42p180
16473 42.180 42.180 66474 1 4118 42p180
16474 42.180 42.180 66475 2 4118 42p180
16475 42.180 42.180 66476 3 4118 42p180
16476 42.190 42.190 66477 0 4119 42p190
16477 42.190 42.190 66478 1 4119 42p190
16478 42.190 42.190 66479 2 4119 42p190
16479 42.190 42.190 66480 3 4119 42p190
16480 42.200 42.200 66481 0 4120 42p200
16481 42.200 42.200 66482 1 4120 42p200
16482 42.200 42.200 66483 2 4120 42p200
16483 42.200 42.200 66484 3 4120 42p200
16484 42.210 42.210 66485 0 4121 42p210
16485 42.210 42.210 66486 1 4121 42p210
16486 42.210 42.210 66487 2 4121 42p210
16487 42.210 42.210 66488 3 4121 42p210
16488 42.220 42.220 66489 0 4122 42p220
16489 42.220 42.220 66490 1 4122 42p220
16490 42.220 42.220 66491 2 4122 42p220
16491 42.220 42.220 66492 3 4122 42p220
16492 42.230 42.230 66493 0 4123 42p230
16493 42.230 42.230 66494 1 4123 42p230
16494 42.230 42.230 66495 2 4123 42p230
16495 42.230 42.230 66496 3 4123 42p230
16496 42.240 42.240 66497 0 4124 42p240
16497 42.240 42.240 66498 1 4124 42p240
16498 42.240 42.240 66499 2 4124 42p240
16499 42.240 42.240 66500 3 4124 42p240
16500 42.250 42.250 66501 0 4125 42p250
16501 42.250 42.250 66502 1 4125 42p250
16502 42.250 42.250 66503 2 4125 42p250
16503 42.250 42.250 66504 3 4125 42p250
16504 42.260 42.260 66505 0 4126 42p260
16505 42.260 42.260 66506 1 4126 42p260
16506 42.260 42.260 66507 2 4126 42p260
16507 42.260 42.260 66508 3 4126 42p260
16508 42.270 42.270 66509 0 4127 42p270
16509 42.270 42.270 66510 1 4127 42p270
16510 42.270 42.270 66511 2 4127 42p270
16511 42.270 42.270 66512 3 4127 42p270
16512 42.280 42.280 66513 0 4128 42p280
16513 42.280 42.280 66514 1 4128 42p280
16514 42.280 42.280 66515 2 4128 42p280
16515 42.280 42.280 66516 3 4128 42p280
16516 42.290 42.290 66517 0 4129 42p290
16517 42.290 42.290 66518 1 4129 42p290
16518 42.290 42.290 66519 2 4129 42p290
16519 42.290 42.290 66520 3 4129 42p290
16520 42.300 42.300 66521 0 4130 42p300
16521 42.300 42.300 66522 1 4130 42p300
16522 42.300 42.300 66523 2 4130 42p300
16523 42.300 42.300 66524 3 4130 42p300
16524 42.310 42.310 66525 0 4131 42p310
16525 42.310 42.310 66526 1 4131 42p310
16526 42.310 42.310 66527 2 4131 42p310
16527 42.310 42.310 66528 3 4131 42p310
16528 42.320 42.320 66529 0 4132 42p320
16529 42.320 42.320 66530 1 4132 42p320
16530 42.320 42.320 66531 2 4132 42p320
16531 42.320 42.320 66532 3 4132 42p320
16532 42.330 42.330 66533 0 4133 42p330
16533 42.330 42.330 66534 1 4133 42p330
16534 42.330 42.330 66535 2 4133 42p330
16535 42.330 42.330 66536 3 4133 42p330
16536 42.340 42.340 66537 0 4134 42p340
16537 42.340 42.340 66538 1 4134 42p340
16538 42.340 42.340 66539 2 4134 42p340
16539 42.340 42.340 66540 3 4134 42p340
16540 42.350 42.350 66541 0 4135 42p350
16541 42.350 42.350 66542 1 4135 42p350
16542 42.350 42.350 66543 2 4135 42p350
16543 42.350 42.350 66544 3 4135 42p350
16544 42.360 42.360 66545 0 4136 42p360
16545 42.360 42.360 66546 1 4136 42p360
16546 42.360 42.360 66547 2 4136 42p360
16547 42.360 42.360 66548 3 4136 42p360
16548 42.370 42.370 66549 0 4137 42p370
16549 42.370 42.370 66550 1 4137 42p370
16550 42.370 42.370 66551 2 4137 42p370
16551 42.370 42.370 66552 3 4137 42p370
16552 42.380 42.380 66553 0 4138 42p380
16553 42.380 42.380 66554 1 4138 42p380
16554 42.380 42.380 66555 2 4138 42p380
16555 42.380 42.380 66556 3 4138 42p380
16556 42.390 42.390 66557 0 4139 42p390
16557 42.390 42.390 66558 1 4139 42p390
16558 42.390 42.390 66559 2 4139 42p390
16559 42.390 42.390 66560 3 4139 42p390
16560 42.400 42.400 66561 0 4140 42p400
16561 42.400 42.400 66562 1 4140 42p400
16562 42.400 42.400 66563 2 4140 42p400
16563 42.400 42.400 66564 3 4140 42p400
16564 42.410 42.410 66565 0 4141 42p410
16565 42.410 42.410 66566 1 4141 42p410
16566 42.410 42.410 66567 2 4141 42p410
16567 42.410 42.410 66568 3 4141 42p410
16568 42.420 42.420 66569 0 4142 42p420
16569 42.420 42.420 66570 1 4142 42p420
16570 42.420 42.420 66571 2 4142 42p420
16571 42.420 42.420 66572 3 4142 42p420
16572 42.430 42.430 66573 0 4143 42p430
16573 42.430 42.430 66574 1 4143 42p430
16574 42.430 42.430 66575 2 4143 42p430
16575 42.430 42.430 66576 3 4143 42p430
16576 42.440 42.440 66577 0 4144 42p440
16577 42.440 42.440 66578 1 4144 42p440
16578 42.440 42.440 66579 2 4144 42p440
16579 42.440 42.440 66580 3 4144 42p440
16580 42.450 42.450 66581 0 4145 42p450
16581 42.450 42.450 66582 1 4145 42p450
16582 42.450 42.450 66583 2 4145 42p450
16583 42.450 42.450 66584 3 4145 42p450
16584 42.460 42.460 66585 0 4146 42p460
16585 42.460 42.460 66586 1 4146 42p460
16586 42.460 42.460 66587 2 4146 42p460
16587 42.460 42.460 66588 3 4146 42p460
16588 42.470 42.470 66589 0 4147 42p470
16589 42.470 42.470 66590 1 4147 42p470
16590 42.470 42.470 66591 2 4147 42p470
16591 42.470 42.470 66592 3 4147 42p470
16592 42.480 42.480 66593 0 4148 42p480
16593 42.480 42.480 66594 1 4148 42p480
16594 42.480 42.480 66595 2 4148 42p480
16595 42.480 42.480 66596 3 4148 42p480
16596 42.490 42.490 66597 0 4149 42p490
16597 42.490 42.490 66598 1 4149 42p490
16598 42.490 42.490 66599 2 4149 42p490
16599 42.490 42.490 66600 3 4149 42p490
16600 42.500 42.500 66601 0 4150 42p500
16601 42.500 42.500 66602 1 4150 42p500
16602 42.500 42.500 66603 2 4150 42p500
16603 42.500 42.500 66604 3 4150 42p500
16604 42.510 42.510 66605 0 4151 42p510
16605 42.510 42.510 66606 1 4151 42p510
16606 42.510 42.510 66607 2 4151 42p510
16607 42.510 42.510 66608 3 4151 42p510
16608 42.520 42.520 66609 0 4152 42p520
16609 42.520 42.520 66610 1 4152 42p520
16610 42.520 42.520 66611 2 4152 42p520
16611 42.520 42.520 66612 3 4152 42p520
16612 42.530 42.530 66613 0 4153 42p530
16613 42.530 42.530 66614 1 4153 42p530
16614 42.530 42.530 66615 2 4153 42p530
16615 42.530 42.530 66616 3 4153 42p530
16616 42.540 42.540 66617 0 4154 42p540
16617 42.540 42.540 66618 1 4154 42p540
16618 42.540 42.540 66619 2 4154 42p540
16619 42.540 42.540 66620 3 4154 42p540
16620 42.550 42.550 66621 0 4155 42p550
16621 42.550 42.550 66622 1 4155 42p550
16622 42.550 42.550 66623 2 4155 42p550
16623 42.550 42.550 66624 3 4155 42p550
16624 42.560 42.560 66625 0 4156 42p560
16625 42.560 42.560 66626 1 4156 42p560
16626 42.560 42.560 66627 2 4156 42p560
16627 42.560 42.560 66628 3 4156 42p560
16628 42.570 42.570 66629 0 4157 42p570
16629 42.570 42.570 66630 1 4157 42p570
16630 42.570 42.570 66631 2 4157 42p570
16631 42.570 42.570 66632 3 4157 42p570
16632 42.580 42.580 66633 0 4158 42p580
16633 42.580 42.580 66634 1 4158 42p580
16634 42.580 42.580 66635 2 4158 42p580
16635 42.580 42.580 66636 3 4158 42p580
16636 42.590 42.590 66637 0 4159 42p590
16637 42.590 42.590 66638 1 4159 42p590
16638 42.590 42.590 66639 2 4159 42p590
16639 42.590 42.590 66640 3 4159 42p590
16640 42.600 42.600 66641 0 4160 42p600
16641 42.600 42.600 66642 1 4160 42p600
16642 42.600 42.600 66643 2 4160 42p600
16643 42.600 42.600 66644 3 4160 42p600
16644 42.610 42.610 66645 0 4161 42p610
16645 42.610 42.610 66646 1 4161 42p610
16646 42.610 42.610 66647 2 4161 42p610
16647 42.610 42.610 66648 3 4161 42p610
16648 42.620 42.620 66649 0 4162 42p620
16649 42.620 42.620 66650 1 4162 42p620
16650 42.620 42.620 66651 2 4162 42p620
16651 42.620 42.620 66652 3 4162 42p620
16652 42.630 42.630 66653 0 4163 42p630
16653 42.630 42.630 66654 1 4163 42p630
16654 42.630 42.630 66655 2 4163 42p630
16655 42.630 42.630 66656 3 4163 42p630
16656 42.640 42.640 66657 0 4164 42p640
16657 42.640 42.640 66658 1 4164 42p640
16658 42.640 42.640 66659 2 4164 42p640
16659 42.640 42.640 66660 3 4164 42p640
16660 42.650 42.650 66661 0 4165 42p650
16661 42.650 42.650 66662 1 4165 42p650
16662 42.650 42.650 66663 2 4165 42p650
16663 42.650 42.650 66664 3 4165 42p650
16664 42.660 42.660 66665 0 4166 42p660
16665 42.660 42.660 66666 1 4166 42p660
16666 42.660 42.660 66667 2 4166 42p660
16667 42.660 42.660 66668 3 4166 42p660
16668 42.670 42.670 66669 0 4167 42p670
16669 42.670 42.670 66670 1 4167 42p670
16670 42.670 42.670 66671 2 4167 42p670
16671 42.670 42.670 66672 3 4167 42p670
16672 42.680 42.680 66673 0 4168 42p680
16673 42.680 42.680 66674 1 4168 42p680
16674 42.680 42.680 66675 2 4168 42p680
16675 42.680 42.680 66676 3 4168 42p680
16676 42.690 42.690 66677 0 4169 42p690
16677 42.690 42.690 66678 1 4169 42p690
16678 42.690 42.690 66679 2 4169 42p690
16679 42.690 42.690 66680 3 4169 42p690
16680 42.700 42.700 66681 0 4170 42p700
16681 42.700 42.700 66682 1 4170 42p700
16682 42.700 42.700 66683 2 4170 42p700
16683 42.700 42.700 66684 3 4170 42p700
16684 42.710 42.710 66685 0 4171 42p710
16685 42.710 42.710 66686 1 4171 42p710
16686 42.710 42.710 66687 2 4171 42p710
16687 42.710 42.710 66688 3 4171 42p710
16688 42.720 42.720 66689 0 4172 42p720
16689 42.720 42.720 66690 1 4172 42p720
16690 42.720 42.720 66691 2 4172 42p720
16691 42.720 42.720 66692 3 4172 42p720
16692 42.730 42.730 66693 0 4173 42p730
16693 42.730 42.730 66694 1 4173 42p730
16694 42.730 42.730 66695 2 4173 42p730
16695 42.730 42.730 66696 3 4173 42p730
16696 42.740 42.740 66697 0 4174 42p740
16697 42.740 42.740 66698 1 4174 42p740
16698 42.740 42.740 66699 2 4174 42p740
16699 42.740 42.740 66700 3 4174 42p740
16700 42.750 42.750 66701 0 4175 42p750
16701 42.750 42.750 66702 1 4175 42p750
16702 42.750 42.750 66703 2 4175 42p750
16703 42.750 42.750 66704 3 4175 42p750
16704 42.760 42.760 66705 0 4176 42p760
16705 42.760 42.760 66706 1 4176 42p760
16706 42.760 42.760 66707 2 4176 42p760
16707 42.760 42.760 66708 3 4176 42p760
16708 42.770 42.770 66709 0 4177 42p770
16709 42.770 42.770 66710 1 4177 42p770
16710 42.770 42.770 66711 2 4177 42p770
16711 42.770 42.770 66712 3 4177 42p770
16712 42.780 42.780 66713 0 4178 42p780
16713 42.780 42.780 66714 1 4178 42p780
16714 42.780 42.780 66715 2 4178 42p780
16715 42.780 42.780 66716 3 4178 42p780
16716 42.790 42.790 66717 0 4179 42p790
16717 42.790 42.790 66718 1 4179 42p790
16718 42.790 42.790 66719 2 4179 42p790
16719 42.790 42.790 66720 3 4179 42p790
16720 42.800 42.800 66721 0 4180 42p800
16721 42.800 42.800 66722 1 4180 42p800
16722 42.800 42.800 66723 2 4180 42p800
16723 42.800 42.800 66724 3 4180 42p800
16724 42.810 42.810 66725 0 4181 42p810
16725 42.810 42.810 66726 1 4181 42p810
16726 42.810 42.810 66727 2 4181 42p810
16727 42.810 42.810 66728 3 4181 42p810
16728 42.820 42.820 66729 0 4182 42p820
16729 42.820 42.820 66730 1 4182 42p820
16730 42.820 42.820 66731 2 4182 42p820
16731 42.820 42.820 66732 3 4182 42p820
16732 42.830 42.830 66733 0 4183 42p830
16733 42.830 42.830 66734 1 4183 42p830
16734 42.830 42.830 66735 2 4183 42p830
16735 42.830 42.830 66736 3 4183 42p830
16736 42.840 42.840 66737 0 4184 42p840
16737 42.840 42.840 66738 1 4184 42p840
16738 42.840 42.840 66739 2 4184 42p840
16739 42.840 42.840 66740 3 4184 42p840
16740 42.850 42.850 66741 0 4185 42p850
16741 42.850 42.850 66742 1 4185 42p850
16742 42.850 42.850 66743 2 4185 42p850
16743 42.850 42.850 66744 3 4185 42p850
16744 42.860 42.860 66745 0 4186 42p860
16745 42.860 42.860 66746 1 4186 42p860
16746 42.860 42.860 66747 2 4186 42p860
16747 42.860 42.860 66748 3 4186 42p860
16748 42.870 42.870 66749 0 4187 42p870
16749 42.870 42.870 66750 1 4187 42p870
16750 42.870 42.870 66751 2 4187 42p870
16751 42.870 42.870 66752 3 4187 42p870
16752 42.880 42.880 66753 0 4188 42p880
16753 42.880 42.880 66754 1 4188 42p880
16754 42.880 42.880 66755 2 4188 42p880
16755 42.880 42.880 66756 3 4188 42p880
16756 42.890 42.890 66757 0 4189 42p890
16757 42.890 42.890 66758 1 4189 42p890
16758 42.890 42.890 66759 2 4189 42p890
16759 42.890 42.890 66760 3 4189 42p890
16760 42.900 42.900 66761 0 4190 42p900
16761 42.900 42.900 66762 1 4190 42p900
16762 42.900 42.900 66763 2 4190 42p900
16763 42.900 42.900 66764 3 4190 42p900
16764 42.910 42.910 66765 0 4191 42p910
16765 42.910 42.910 66766 1 4191 42p910
16766 42.910 42.910 66767 2 4191 42p910
16767 42.910 42.910 66768 3 4191 42p910
16768 42.920 42.920 66769 0 4192 42p920
16769 42.920 42.920 66770 1 4192 42p920
16770 42.920 42.920 66771 2 4192 42p920
16771 42.920 42.920 66772 3 4192 42p920
16772 42.930 42.930 66773 0 4193 42p930
16773 42.930 42.930 66774 1 4193 42p930
16774 42.930 42.930 66775 2 4193 42p930
16775 42.930 42.930 66776 3 4193 42p930
16776 42.940 42.940 66777 0 4194 42p940
16777 42.940 42.940 66778 1 4194 42p940
16778 42.940 42.940 66779 2 4194 42p940
16779 42.940 42.940 66780 3 4194 42p940
16780 42.950 42.950 66781 0 4195 42p950
16781 42.950 42.950 66782 1 4195 42p950
16782 42.950 42.950 66783 2 4195 42p950
16783 42.950 42.950 66784 3 4195 42p950
16784 42.960 42.960 66785 0 4196 42p960
16785 42.960 42.960 66786 1 4196 42p960
16786 42.960 42.960 66787 2 4196 42p960
16787 42.960 42.960 66788 3 4196 42p960
16788 42.970 42.970 66789 0 4197 42p970
16789 42.970 42.970 66790 1 4197 42p970
16790 42.970 42.970 66791 2 4197 42p970
16791 42.970 42.970 66792 3 4197 42p970
16792 42.980 42.980 66793 0 4198 42p980
16793 42.980 42.980 66794 1 4198 42p980
16794 42.980 42.980 66795 2 4198 42p980
16795 42.980 42.980 66796 3 4198 42p980
16796 42.990 42.990 66797 0 4199 42p990
16797 42.990 42.990 66798 1 4199 42p990
16798 42.990 42.990 66799 2 4199 42p990
16799 42.990 42.990 66800 3 4199 42p990
16800 43.000 43.000 66801 0 4200 43p000
16801 43.000 43.000 66802 1 4200 43p000
16802 43.000 43.000 66803 2 4200 43p000
16803 43.000 43.000 66804 3 4200 43p000
16804 43.010 43.010 66805 0 4201 43p010
16805 43.010 43.010 66806 1 4201 43p010
16806 43.010 43.010 66807 2 4201 43p010
16807 43.010 43.010 66808 3 4201 43p010
16808 43.020 43.020 66809 0 4202 43p020
16809 43.020 43.020 66810 1 4202 43p020
16810 43.020 43.020 66811 2 4202 43p020
16811 43.020 43.020 66812 3 4202 43p020
16812 43.030 43.030 66813 0 4203 43p030
16813 43.030 43.030 66814 1 4203 43p030
16814 43.030 43.030 66815 2 4203 43p030
16815 43.030 43.030 66816 3 4203 43p030
16816 43.040 43.040 66817 0 4204 43p040
16817 43.040 43.040 66818 1 4204 43p040
16818 43.040 43.040 66819 2 4204 43p040
16819 43.040 43.040 66820 3 4204 43p040
16820 43.050 43.050 66821 0 4205 43p050
16821 43.050 43.050 66822 1 4205 43p050
16822 43.050 43.050 66823 2 4205 43p050
16823 43.050 43.050 66824 3 4205 43p050
16824 43.060 43.060 66825 0 4206 43p060
16825 43.060 43.060 66826 1 4206 43p060
16826 43.060 43.060 66827 2 4206 43p060
16827 43.060 43.060 66828 3 4206 43p060
16828 43.070 43.070 66829 0 4207 43p070
16829 43.070 43.070 66830 1 4207 43p070
16830 43.070 43.070 66831 2 4207 43p070
16831 43.070 43.070 66832 3 4207 43p070
16832 43.080 43.080 66833 0 4208 43p080
16833 43.080 43.080 66834 1 4208 43p080
16834 43.080 43.080 66835 2 4208 43p080
16835 43.080 43.080 66836 3 4208 43p080
16836 43.090 43.090 66837 0 4209 43p090
16837 43.090 43.090 66838 1 4209 43p090
16838 43.090 43.090 66839 2 4209 43p090
16839 43.090 43.090 66840 3 4209 43p090
16840 43.100 43.100 66841 0 4210 43p100
16841 43.100 43.100 66842 1 4210 43p100
16842 43.100 43.100 66843 2 4210 43p100
16843 43.100 43.100 66844 3 4210 43p100
16844 43.110 43.110 66845 0 4211 43p110
16845 43.110 43.110 66846 1 4211 43p110
16846 43.110 43.110 66847 2 4211 43p110
16847 43.110 43.110 66848 3 4211 43p110
16848 43.120 43.120 66849 0 4212 43p120
16849 43.120 43.120 66850 1 4212 43p120
16850 43.120 43.120 66851 2 4212 43p120
16851 43.120 43.120 66852 3 4212 43p120
16852 43.130 43.130 66853 0 4213 43p130
16853 43.130 43.130 66854 1 4213 43p130
16854 43.130 43.130 66855 2 4213 43p130
16855 43.130 43.130 66856 3 4213 43p130
16856 43.140 43.140 66857 0 4214 43p140
16857 43.140 43.140 66858 1 4214 43p140
16858 43.140 43.140 66859 2 4214 43p140
16859 43.140 43.140 66860 3 4214 43p140
16860 43.150 43.150 66861 0 4215 43p150
16861 43.150 43.150 66862 1 4215 43p150
16862 43.150 43.150 66863 2 4215 43p150
16863 43.150 43.150 66864 3 4215 43p150
16864 43.160 43.160 66865 0 4216 43p160
16865 43.160 43.160 66866 1 4216 43p160
16866 43.160 43.160 66867 2 4216 43p160
16867 43.160 43.160 66868 3 4216 43p160
16868 43.170 43.170 66869 0 4217 43p170
16869 43.170 43.170 66870 1 4217 43p170
16870 43.170 43.170 66871 2 4217 43p170
16871 43.170 43.170 66872 3 4217 43p170
16872 43.180 43.180 66873 0 4218 43p180
16873 43.180 43.180 66874 1 4218 43p180
16874 43.180 43.180 66875 2 4218 43p180
16875 43.180 43.180 66876 3 4218 43p180
16876 43.190 43.190 66877 0 4219 43p190
16877 43.190 43.190 66878 1 4219 43p190
16878 43.190 43.190 66879 2 4219 43p190
16879 43.190 43.190 66880 3 4219 43p190
16880 43.200 43.200 66881 0 4220 43p200
16881 43.200 43.200 66882 1 4220 43p200
16882 43.200 43.200 66883 2 4220 43p200
16883 43.200 43.200 66884 3 4220 43p200
16884 43.210 43.210 66885 0 4221 43p210
16885 43.210 43.210 66886 1 4221 43p210
16886 43.210 43.210 66887 2 4221 43p210
16887 43.210 43.210 66888 3 4221 43p210
16888 43.220 43.220 66889 0 4222 43p220
16889 43.220 43.220 66890 1 4222 43p220
16890 43.220 43.220 66891 2 4222 43p220
16891 43.220 43.220 66892 3 4222 43p220
16892 43.230 43.230 66893 0 4223 43p230
16893 43.230 43.230 66894 1 4223 43p230
16894 43.230 43.230 66895 2 4223 43p230
16895 43.230 43.230 66896 3 4223 43p230
16896 43.240 43.240 66897 0 4224 43p240
16897 43.240 43.240 66898 1 4224 43p240
16898 43.240 43.240 66899 2 4224 43p240
16899 43.240 43.240 66900 3 4224 43p240
16900 43.250 43.250 66901 0 4225 43p250
16901 43.250 43.250 66902 1 4225 43p250
16902 43.250 43.250 66903 2 4225 43p250
16903 43.250 43.250 66904 3 4225 43p250
16904 43.260 43.260 66905 0 4226 43p260
16905 43.260 43.260 66906 1 4226 43p260
16906 43.260 43.260 66907 2 4226 43p260
16907 43.260 43.260 66908 3 4226 43p260
16908 43.270 43.270 66909 0 4227 43p270
16909 43.270 43.270 66910 1 4227 43p270
16910 43.270 43.270 66911 2 4227 43p270
16911 43.270 43.270 66912 3 4227 43p270
16912 43.280 43.280 66913 0 4228 43p280
16913 43.280 43.280 66914 1 4228 43p280
16914 43.280 43.280 66915 2 4228 43p280
16915 43.280 43.280 66916 3 4228 43p280
16916 43.290 43.290 66917 0 4229 43p290
16917 43.290 43.290 66918 1 4229 43p290
16918 43.290 43.290 66919 2 4229 43p290
16919 43.290 43.290 66920 3 4229 43p290
16920 43.300 43.300 66921 0 4230 43p300
16921 43.300 43.300 66922 1 4230 43p300
16922 43.300 43.300 66923 2 4230 43p300
16923 43.300 43.300 66924 3 4230 43p300
16924 43.310 43.310 66925 0 4231 43p310
16925 43.310 43.310 66926 1 4231 43p310
16926 43.310 43.310 66927 2 4231 43p310
16927 43.310 43.310 66928 3 4231 43p310
16928 43.320 43.320 66929 0 4232 43p320
16929 43.320 43.320 66930 1 4232 43p320
16930 43.320 43.320 66931 2 4232 43p320
16931 43.320 43.320 66932 3 4232 43p320
16932 43.330 43.330 66933 0 4233 43p330
16933 43.330 43.330 66934 1 4233 43p330
16934 43.330 43.330 66935 2 4233 43p330
16935 43.330 43.330 66936 3 4233 43p330
16936 43.340 43.340 66937 0 4234 43p340
16937 43.340 43.340 66938 1 4234 43p340
16938 43.340 43.340 66939 2 4234 43p340
16939 43.340 43.340 66940 3 4234 43p340
16940 43.350 43.350 66941 0 4235 43p350
16941 43.350 43.350 66942 1 4235 43p350
16942 43.350 43.350 66943 2 4235 43p350
16943 43.350 43.350 66944 3 4235 43p350
16944 43.360 43.360 66945 0 4236 43p360
16945 43.360 43.360 66946 1 4236 43p360
16946 43.360 43.360 66947 2 4236 43p360
16947 43.360 43.360 66948 3 4236 43p360
16948 43.370 43.370 66949 0 4237 43p370
16949 43.370 43.370 66950 1 4237 43p370
16950 43.370 43.370 66951 2 4237 43p370
16951 43.370 43.370 66952 3 4237 43p370
16952 43.380 43.380 66953 0 4238 43p380
16953 43.380 43.380 66954 1 4238 43p380
16954 43.380 43.380 66955 2 4238 43p380
16955 43.380 43.380 66956 3 4238 43p380
16956 43.390 43.390 66957 0 4239 43p390
16957 43.390 43.390 66958 1 4239 43p390
16958 43.390 43.390 66959 2 4239 43p390
16959 43.390 43.390 66960 3 4239 43p390
16960 43.400 43.400 66961 0 4240 43p400
16961 43.400 43.400 66962 1 4240 43p400
16962 43.400 43.400 66963 2 4240 43p400
16963 43.400 43.400 66964 3 4240 43p400
16964 43.410 43.410 66965 0 4241 43p410
16965 43.410 43.410 66966 1 4241 43p410
16966 43.410 43.410 66967 2 4241 43p410
16967 43.410 43.410 66968 3 4241 43p410
16968 43.420 43.420 66969 0 4242 43p420
16969 43.420 43.420 66970 1 4242 43p420
16970 43.420 43.420 66971 2 4242 43p420
16971 43.420 43.420 66972 3 4242 43p420
16972 43.430 43.430 66973 0 4243 43p430
16973 43.430 43.430 66974 1 4243 43p430
16974 43.430 43.430 66975 2 4243 43p430
16975 43.430 43.430 66976 3 4243 43p430
16976 43.440 43.440 66977 0 4244 43p440
16977 43.440 43.440 66978 1 4244 43p440
16978 43.440 43.440 66979 2 4244 43p440
16979 43.440 43.440 66980 3 4244 43p440
16980 43.450 43.450 66981 0 4245 43p450
16981 43.450 43.450 66982 1 4245 43p450
16982 43.450 43.450 66983 2 4245 43p450
16983 43.450 43.450 66984 3 4245 43p450
16984 43.460 43.460 66985 0 4246 43p460
16985 43.460 43.460 66986 1 4246 43p460
16986 43.460 43.460 66987 2 4246 43p460
16987 43.460 43.460 66988 3 4246 43p460
16988 43.470 43.470 66989 0 4247 43p470
16989 43.470 43.470 66990 1 4247 43p470
16990 43.470 43.470 66991 2 4247 43p470
16991 43.470 43.470 66992 3 4247 43p470
16992 43.480 43.480 66993 0 4248 43p480
16993 43.480 43.480 66994 1 4248 43p480
16994 43.480 43.480 66995 2 4248 43p480
16995 43.480 43.480 66996 3 4248 43p480
16996 43.490 43.490 66997 0 4249 43p490
16997 43.490 43.490 66998 1 4249 43p490
16998 43.490 43.490 66999 2 4249 43p490
16999 43.490 43.490 67000 3 4249 43p490
17000 43.500 43.500 67001 0 4250 43p500
17001 43.500 43.500 67002 1 4250 43p500
17002 43.500 43.500 67003 2 4250 43p500
17003 43.500 43.500 67004 3 4250 43p500
17004 43.510 43.510 67005 0 4251 43p510
17005 43.510 43.510 67006 1 4251 43p510
17006 43.510 43.510 67007 2 4251 43p510
17007 43.510 43.510 67008 3 4251 43p510
17008 43.520 43.520 67009 0 4252 43p520
17009 43.520 43.520 67010 1 4252 43p520
17010 43.520 43.520 67011 2 4252 43p520
17011 43.520 43.520 67012 3 4252 43p520
17012 43.530 43.530 67013 0 4253 43p530
17013 43.530 43.530 67014 1 4253 43p530
17014 43.530 43.530 67015 2 4253 43p530
17015 43.530 43.530 67016 3 4253 43p530
17016 43.540 43.540 67017 0 4254 43p540
17017 43.540 43.540 67018 1 4254 43p540
17018 43.540 43.540 67019 2 4254 43p540
17019 43.540 43.540 67020 3 4254 43p540
17020 43.550 43.550 67021 0 4255 43p550
17021 43.550 43.550 67022 1 4255 43p550
17022 43.550 43.550 67023 2 4255 43p550
17023 43.550 43.550 67024 3 4255 43p550
17024 43.560 43.560 67025 0 4256 43p560
17025 43.560 43.560 67026 1 4256 43p560
17026 43.560 43.560 67027 2 4256 43p560
17027 43.560 43.560 67028 3 4256 43p560
17028 43.570 43.570 67029 0 4257 43p570
17029 43.570 43.570 67030 1 4257 43p570
17030 43.570 43.570 67031 2 4257 43p570
17031 43.570 43.570 67032 3 4257 43p570
17032 43.580 43.580 67033 0 4258 43p580
17033 43.580 43.580 67034 1 4258 43p580
17034 43.580 43.580 67035 2 4258 43p580
17035 43.580 43.580 67036 3 4258 43p580
17036 43.590 43.590 67037 0 4259 43p590
17037 43.590 43.590 67038 1 4259 43p590
17038 43.590 43.590 67039 2 4259 43p590
17039 43.590 43.590 67040 3 4259 43p590
17040 43.600 43.600 67041 0 4260 43p600
17041 43.600 43.600 67042 1 4260 43p600
17042 43.600 43.600 67043 2 4260 43p600
17043 43.600 43.600 67044 3 4260 43p600
17044 43.610 43.610 67045 0 4261 43p610
17045 43.610 43.610 67046 1 4261 43p610
17046 43.610 43.610 67047 2 4261 43p610
17047 43.610 43.610 67048 3 4261 43p610
17048 43.620 43.620 67049 0 4262 43p620
17049 43.620 43.620 67050 1 4262 43p620
17050 43.620 43.620 67051 2 4262 43p620
17051 43.620 43.620 67052 3 4262 43p620
17052 43.630 43.630 67053 0 4263 43p630
17053 43.630 43.630 67054 1 4263 43p630
17054 43.630 43.630 67055 2 4263 43p630
17055 43.630 43.630 67056 3 4263 43p630
17056 43.640 43.640 67057 0 4264 43p640
17057 43.640 43.640 67058 1 4264 43p640
17058 43.640 43.640 67059 2 4264 43p640
17059 43.640 43.640 67060 3 4264 43p640
17060 43.650 43.650 67061 0 4265 43p650
17061 43.650 43.650 67062 1 4265 43p650
17062 43.650 43.650 67063 2 4265 43p650
17063 43.650 43.650 67064 3 4265 43p650
17064 43.660 43.660 67065 0 4266 43p660
17065 43.660 43.660 67066 1 4266 43p660
17066 43.660 43.660 67067 2 4266 43p660
17067 43.660 43.660 67068 3 4266 43p660
17068 43.670 43.670 67069 0 4267 43p670
17069 43.670 43.670 67070 1 4267 43p670
17070 43.670 43.670 67071 2 4267 43p670
17071 43.670 43.670 67072 3 4267 43p670
17072 43.680 43.680 67073 0 4268 43p680
17073 43.680 43.680 67074 1 4268 43p680
17074 43.680 43.680 67075 2 4268 43p680
17075 43.680 43.680 67076 3 4268 43p680
17076 43.690 43.690 67077 0 4269 43p690
17077 43.690 43.690 67078 1 4269 43p690
17078 43.690 43.690 67079 2 4269 43p690
17079 43.690 43.690 67080 3 4269 43p690
17080 43.700 43.700 67081 0 4270 43p700
17081 43.700 43.700 67082 1 4270 43p700
17082 43.700 43.700 67083 2 4270 43p700
17083 43.700 43.700 67084 3 4270 43p700
17084 43.710 43.710 67085 0 4271 43p710
17085 43.710 43.710 67086 1 4271 43p710
17086 43.710 43.710 67087 2 4271 43p710
17087 43.710 43.710 67088 3 4271 43p710
17088 43.720 43.720 67089 0 4272 43p720
17089 43.720 43.720 67090 1 4272 43p720
17090 43.720 43.720 67091 2 4272 43p720
17091 43.720 43.720 67092 3 4272 43p720
17092 43.730 43.730 67093 0 4273 43p730
17093 43.730 43.730 67094 1 4273 43p730
17094 43.730 43.730 67095 2 4273 43p730
17095 43.730 43.730 67096 3 4273 43p730
17096 43.740 43.740 67097 0 4274 43p740
17097 43.740 43.740 67098 1 4274 43p740
17098 43.740 43.740 67099 2 4274 43p740
17099 43.740 43.740 67100 3 4274 43p740
17100 43.750 43.750 67101 0 4275 43p750
17101 43.750 43.750 67102 1 4275 43p750
17102 43.750 43.750 67103 2 4275 43p750
17103 43.750 43.750 67104 3 4275 43p750
17104 43.760 43.760 67105 0 4276 43p760
17105 43.760 43.760 67106 1 4276 43p760
17106 43.760 43.760 67107 2 4276 43p760
17107 43.760 43.760 67108 3 4276 43p760
17108 43.770 43.770 67109 0 4277 43p770
17109 43.770 43.770 67110 1 4277 43p770
17110 43.770 43.770 67111 2 4277 43p770
17111 43.770 43.770 67112 3 4277 43p770
17112 43.780 43.780 67113 0 4278 43p780
17113 43.780 43.780 67114 1 4278 43p780
17114 43.780 43.780 67115 2 4278 43p780
17115 43.780 43.780 67116 3 4278 43p780
17116 43.790 43.790 67117 0 4279 43p790
17117 43.790 43.790 67118 1 4279 43p790
17118 43.790 43.790 67119 2 4279 43p790
17119 43.790 43.790 67120 3 4279 43p790
17120 43.800 43.800 67121 0 4280 43p800
17121 43.800 43.800 67122 1 4280 43p800
17122 43.800 43.800 67123 2 4280 43p800
17123 43.800 43.800 67124 3 4280 43p800
17124 43.810 43.810 67125 0 4281 43p810
17125 43.810 43.810 67126 1 4281 43p810
17126 43.810 43.810 67127 2 4281 43p810
17127 43.810 43.810 67128 3 4281 43p810
17128 43.820 43.820 67129 0 4282 43p820
17129 43.820 43.820 67130 1 4282 43p820
17130 43.820 43.820 67131 2 4282 43p820
17131 43.820 43.820 67132 3 4282 43p820
17132 43.830 43.830 67133 0 4283 43p830
17133 43.830 43.830 67134 1 4283 43p830
17134 43.830 43.830 67135 2 4283 43p830
17135 43.830 43.830 67136 3 4283 43p830
17136 43.840 43.840 67137 0 4284 43p840
17137 43.840 43.840 67138 1 4284 43p840
17138 43.840 43.840 67139 2 4284 43p840
17139 43.840 43.840 67140 3 4284 43p840
17140 43.850 43.850 67141 0 4285 43p850
17141 43.850 43.850 67142 1 4285 43p850
17142 43.850 43.850 67143 2 4285 43p850
17143 43.850 43.850 67144 3 4285 43p850
17144 43.860 43.860 67145 0 4286 43p860
17145 43.860 43.860 67146 1 4286 43p860
17146 43.860 43.860 67147 2 4286 43p860
17147 43.860 43.860 67148 3 4286 43p860
17148 43.870 43.870 67149 0 4287 43p870
17149 43.870 43.870 67150 1 4287 43p870
17150 43.870 43.870 67151 2 4287 43p870
17151 43.870 43.870 67152 3 4287 43p870
17152 43.880 43.880 67153 0 4288 43p880
17153 43.880 43.880 67154 1 4288 43p880
17154 43.880 43.880 67155 2 4288 43p880
17155 43.880 43.880 67156 3 4288 43p880
17156 43.890 43.890 67157 0 4289 43p890
17157 43.890 43.890 67158 1 4289 43p890
17158 43.890 43.890 67159 2 4289 43p890
17159 43.890 43.890 67160 3 4289 43p890
17160 43.900 43.900 67161 0 4290 43p900
17161 43.900 43.900 67162 1 4290 43p900
17162 43.900 43.900 67163 2 4290 43p900
17163 43.900 43.900 67164 3 4290 43p900
17164 43.910 43.910 67165 0 4291 43p910
17165 43.910 43.910 67166 1 4291 43p910
17166 43.910 43.910 67167 2 4291 43p910
17167 43.910 43.910 67168 3 4291 43p910
17168 43.920 43.920 67169 0 4292 43p920
17169 43.920 43.920 67170 1 4292 43p920
17170 43.920 43.920 67171 2 4292 43p920
17171 43.920 43.920 67172 3 4292 43p920
17172 43.930 43.930 67173 0 4293 43p930
17173 43.930 43.930 67174 1 4293 43p930
17174 43.930 43.930 67175 2 4293 43p930
17175 43.930 43.930 67176 3 4293 43p930
17176 43.940 43.940 67177 0 4294 43p940
17177 43.940 43.940 67178 1 4294 43p940
17178 43.940 43.940 67179 2 4294 43p940
17179 43.940 43.940 67180 3 4294 43p940
17180 43.950 43.950 67181 0 4295 43p950
17181 43.950 43.950 67182 1 4295 43p950
17182 43.950 43.950 67183 2 4295 43p950
17183 43.950 43.950 67184 3 4295 43p950
17184 43.960 43.960 67185 0 4296 43p960
17185 43.960 43.960 67186 1 4296 43p960
17186 43.960 43.960 67187 2 4296 43p960
17187 43.960 43.960 67188 3 4296 43p960
17188 43.970 43.970 67189 0 4297 43p970
17189 43.970 43.970 67190 1 4297 43p970
17190 43.970 43.970 67191 2 4297 43p970
17191 43.970 43.970 67192 3 4297 43p970
17192 43.980 43.980 67193 0 4298 43p980
17193 43.980 43.980 67194 1 4298 43p980
17194 43.980 43.980 67195 2 4298 43p980
17195 43.980 43.980 67196 3 4298 43p980
17196 43.990 43.990 67197 0 4299 43p990
17197 43.990 43.990 67198 1 4299 43p990
17198 43.990 43.990 67199 2 4299 43p990
17199 43.990 43.990 67200 3 4299 43p990
17200 44.000 44.000 67201 0 4300 44p000
17201 44.000 44.000 67202 1 4300 44p000
17202 44.000 44.000 67203 2 4300 44p000
17203 44.000 44.000 67204 3 4300 44p000
17204 44.010 44.010 67205 0 4301 44p010
17205 44.010 44.010 67206 1 4301 44p010
17206 44.010 44.010 67207 2 4301 44p010
17207 44.010 44.010 67208 3 4301 44p010
17208 44.020 44.020 67209 0 4302 44p020
17209 44.020 44.020 67210 1 4302 44p020
17210 44.020 44.020 67211 2 4302 44p020
17211 44.020 44.020 67212 3 4302 44p020
17212 44.030 44.030 67213 0 4303 44p030
17213 44.030 44.030 67214 1 4303 44p030
17214 44.030 44.030 67215 2 4303 44p030
17215 44.030 44.030 67216 3 4303 44p030
17216 44.040 44.040 67217 0 4304 44p040
17217 44.040 44.040 67218 1 4304 44p040
17218 44.040 44.040 67219 2 4304 44p040
17219 44.040 44.040 67220 3 4304 44p040
17220 44.050 44.050 67221 0 4305 44p050
17221 44.050 44.050 67222 1 4305 44p050
17222 44.050 44.050 67223 2 4305 44p050
17223 44.050 44.050 67224 3 4305 44p050
17224 44.060 44.060 67225 0 4306 44p060
17225 44.060 44.060 67226 1 4306 44p060
17226 44.060 44.060 67227 2 4306 44p060
17227 44.060 44.060 67228 3 4306 44p060
17228 44.070 44.070 67229 0 4307 44p070
17229 44.070 44.070 67230 1 4307 44p070
17230 44.070 44.070 67231 2 4307 44p070
17231 44.070 44.070 67232 3 4307 44p070
17232 44.080 44.080 67233 0 4308 44p080
17233 44.080 44.080 67234 1 4308 44p080
17234 44.080 44.080 67235 2 4308 44p080
17235 44.080 44.080 67236 3 4308 44p080
17236 44.090 44.090 67237 0 4309 44p090
17237 44.090 44.090 67238 1 4309 44p090
17238 44.090 44.090 67239 2 4309 44p090
17239 44.090 44.090 67240 3 4309 44p090
17240 44.100 44.100 67241 0 4310 44p100
17241 44.100 44.100 67242 1 4310 44p100
17242 44.100 44.100 67243 2 4310 44p100
17243 44.100 44.100 67244 3 4310 44p100
17244 44.110 44.110 67245 0 4311 44p110
17245 44.110 44.110 67246 1 4311 44p110
17246 44.110 44.110 67247 2 4311 44p110
17247 44.110 44.110 67248 3 4311 44p110
17248 44.120 44.120 67249 0 4312 44p120
17249 44.120 44.120 67250 1 4312 44p120
17250 44.120 44.120 67251 2 4312 44p120
17251 44.120 44.120 67252 3 4312 44p120
17252 44.130 44.130 67253 0 4313 44p130
17253 44.130 44.130 67254 1 4313 44p130
17254 44.130 44.130 67255 2 4313 44p130
17255 44.130 44.130 67256 3 4313 44p130
17256 44.140 44.140 67257 0 4314 44p140
17257 44.140 44.140 67258 1 4314 44p140
17258 44.140 44.140 67259 2 4314 44p140
17259 44.140 44.140 67260 3 4314 44p140
17260 44.150 44.150 67261 0 4315 44p150
17261 44.150 44.150 67262 1 4315 44p150
17262 44.150 44.150 67263 2 4315 44p150
17263 44.150 44.150 67264 3 4315 44p150
17264 44.160 44.160 67265 0 4316 44p160
17265 44.160 44.160 67266 1 4316 44p160
17266 44.160 44.160 67267 2 4316 44p160
17267 44.160 44.160 67268 3 4316 44p160
17268 44.170 44.170 67269 0 4317 44p170
17269 44.170 44.170 67270 1 4317 44p170
17270 44.170 44.170 67271 2 4317 44p170
17271 44.170 44.170 67272 3 4317 44p170
17272 44.180 44.180 67273 0 4318 44p180
17273 44.180 44.180 67274 1 4318 44p180
17274 44.180 44.180 67275 2 4318 44p180
17275 44.180 44.180 67276 3 4318 44p180
17276 44.190 44.190 67277 0 4319 44p190
17277 44.190 44.190 67278 1 4319 44p190
17278 44.190 44.190 67279 2 4319 44p190
17279 44.190 44.190 67280 3 4319 44p190
17280 44.200 44.200 67281 0 4320 44p200
17281 44.200 44.200 67282 1 4320 44p200
17282 44.200 44.200 67283 2 4320 44p200
17283 44.200 44.200 67284 3 4320 44p200
17284 44.210 44.210 67285 0 4321 44p210
17285 44.210 44.210 67286 1 4321 44p210
17286 44.210 44.210 67287 2 4321 44p210
17287 44.210 44.210 67288 3 4321 44p210
17288 44.220 44.220 67289 0 4322 44p220
17289 44.220 44.220 67290 1 4322 44p220
17290 44.220 44.220 67291 2 4322 44p220
17291 44.220 44.220 67292 3 4322 44p220
17292 44.230 44.230 67293 0 4323 44p230
17293 44.230 44.230 67294 1 4323 44p230
17294 44.230 44.230 67295 2 4323 44p230
17295 44.230 44.230 67296 3 4323 44p230
17296 44.240 44.240 67297 0 4324 44p240
17297 44.240 44.240 67298 1 4324 44p240
17298 44.240 44.240 67299 2 4324 44p240
17299 44.240 44.240 67300 3 4324 44p240
17300 44.250 44.250 67301 0 4325 44p250
17301 44.250 44.250 67302 1 4325 44p250
17302 44.250 44.250 67303 2 4325 44p250
17303 44.250 44.250 67304 3 4325 44p250
17304 44.260 44.260 67305 0 4326 44p260
17305 44.260 44.260 67306 1 4326 44p260
17306 44.260 44.260 67307 2 4326 44p260
17307 44.260 44.260 67308 3 4326 44p260
17308 44.270 44.270 67309 0 4327 44p270
17309 44.270 44.270 67310 1 4327 44p270
17310 44.270 44.270 67311 2 4327 44p270
17311 44.270 44.270 67312 3 4327 44p270
17312 44.280 44.280 67313 0 4328 44p280
17313 44.280 44.280 67314 1 4328 44p280
17314 44.280 44.280 67315 2 4328 44p280
17315 44.280 44.280 67316 3 4328 44p280
17316 44.290 44.290 67317 0 4329 44p290
17317 44.290 44.290 67318 1 4329 44p290
17318 44.290 44.290 67319 2 4329 44p290
17319 44.290 44.290 67320 3 4329 44p290
17320 44.300 44.300 67321 0 4330 44p300
17321 44.300 44.300 67322 1 4330 44p300
17322 44.300 44.300 67323 2 4330 44p300
17323 44.300 44.300 67324 3 4330 44p300
17324 44.310 44.310 67325 0 4331 44p310
17325 44.310 44.310 67326 1 4331 44p310
17326 44.310 44.310 67327 2 4331 44p310
17327 44.310 44.310 67328 3 4331 44p310
17328 44.320 44.320 67329 0 4332 44p320
17329 44.320 44.320 67330 1 4332 44p320
17330 44.320 44.320 67331 2 4332 44p320
17331 44.320 44.320 67332 3 4332 44p320
17332 44.330 44.330 67333 0 4333 44p330
17333 44.330 44.330 67334 1 4333 44p330
17334 44.330 44.330 67335 2 4333 44p330
17335 44.330 44.330 67336 3 4333 44p330
17336 44.340 44.340 67337 0 4334 44p340
17337 44.340 44.340 67338 1 4334 44p340
17338 44.340 44.340 67339 2 4334 44p340
17339 44.340 44.340 67340 3 4334 44p340
17340 44.350 44.350 67341 0 4335 44p350
17341 44.350 44.350 67342 1 4335 44p350
17342 44.350 44.350 67343 2 4335 44p350
17343 44.350 44.350 67344 3 4335 44p350
17344 44.360 44.360 67345 0 4336 44p360
17345 44.360 44.360 67346 1 4336 44p360
17346 44.360 44.360 67347 2 4336 44p360
17347 44.360 44.360 67348 3 4336 44p360
17348 44.370 44.370 67349 0 4337 44p370
17349 44.370 44.370 67350 1 4337 44p370
17350 44.370 44.370 67351 2 4337 44p370
17351 44.370 44.370 67352 3 4337 44p370
17352 44.380 44.380 67353 0 4338 44p380
17353 44.380 44.380 67354 1 4338 44p380
17354 44.380 44.380 67355 2 4338 44p380
17355 44.380 44.380 67356 3 4338 44p380
17356 44.390 44.390 67357 0 4339 44p390
17357 44.390 44.390 67358 1 4339 44p390
17358 44.390 44.390 67359 2 4339 44p390
17359 44.390 44.390 67360 3 4339 44p390
17360 44.400 44.400 67361 0 4340 44p400
17361 44.400 44.400 67362 1 4340 44p400
17362 44.400 44.400 67363 2 4340 44p400
17363 44.400 44.400 67364 3 4340 44p400
17364 44.410 44.410 67365 0 4341 44p410
17365 44.410 44.410 67366 1 4341 44p410
17366 44.410 44.410 67367 2 4341 44p410
17367 44.410 44.410 67368 3 4341 44p410
17368 44.420 44.420 67369 0 4342 44p420
17369 44.420 44.420 67370 1 4342 44p420
17370 44.420 44.420 67371 2 4342 44p420
17371 44.420 44.420 67372 3 4342 44p420
17372 44.430 44.430 67373 0 4343 44p430
17373 44.430 44.430 67374 1 4343 44p430
17374 44.430 44.430 67375 2 4343 44p430
17375 44.430 44.430 67376 3 4343 44p430
17376 44.440 44.440 67377 0 4344 44p440
17377 44.440 44.440 67378 1 4344 44p440
17378 44.440 44.440 67379 2 4344 44p440
17379 44.440 44.440 67380 3 4344 44p440
17380 44.450 44.450 67381 0 4345 44p450
17381 44.450 44.450 67382 1 4345 44p450
17382 44.450 44.450 67383 2 4345 44p450
17383 44.450 44.450 67384 3 4345 44p450
17384 44.460 44.460 67385 0 4346 44p460
17385 44.460 44.460 67386 1 4346 44p460
17386 44.460 44.460 67387 2 4346 44p460
17387 44.460 44.460 67388 3 4346 44p460
17388 44.470 44.470 67389 0 4347 44p470
17389 44.470 44.470 67390 1 4347 44p470
17390 44.470 44.470 67391 2 4347 44p470
17391 44.470 44.470 67392 3 4347 44p470
17392 44.480 44.480 67393 0 4348 44p480
17393 44.480 44.480 67394 1 4348 44p480
17394 44.480 44.480 67395 2 4348 44p480
17395 44.480 44.480 67396 3 4348 44p480
17396 44.490 44.490 67397 0 4349 44p490
17397 44.490 44.490 67398 1 4349 44p490
17398 44.490 44.490 67399 2 4349 44p490
17399 44.490 44.490 67400 3 4349 44p490
17400 44.500 44.500 67401 0 4350 44p500
17401 44.500 44.500 67402 1 4350 44p500
17402 44.500 44.500 67403 2 4350 44p500
17403 44.500 44.500 67404 3 4350 44p500
17404 44.510 44.510 67405 0 4351 44p510
17405 44.510 44.510 67406 1 4351 44p510
17406 44.510 44.510 67407 2 4351 44p510
17407 44.510 44.510 67408 3 4351 44p510
17408 44.520 44.520 67409 0 4352 44p520
17409 44.520 44.520 67410 1 4352 44p520
17410 44.520 44.520 67411 2 4352 44p520
17411 44.520 44.520 67412 3 4352 44p520
17412 44.530 44.530 67413 0 4353 44p530
17413 44.530 44.530 67414 1 4353 44p530
17414 44.530 44.530 67415 2 4353 44p530
17415 44.530 44.530 67416 3 4353 44p530
17416 44.540 44.540 67417 0 4354 44p540
17417 44.540 44.540 67418 1 4354 44p540
17418 44.540 44.540 67419 2 4354 44p540
17419 44.540 44.540 67420 3 4354 44p540
17420 44.550 44.550 67421 0 4355 44p550
17421 44.550 44.550 67422 1 4355 44p550
17422 44.550 44.550 67423 2 4355 44p550
17423 44.550 44.550 67424 3 4355 44p550
17424 44.560 44.560 67425 0 4356 44p560
17425 44.560 44.560 67426 1 4356 44p560
17426 44.560 44.560 67427 2 4356 44p560
17427 44.560 44.560 67428 3 4356 44p560
17428 44.570 44.570 67429 0 4357 44p570
17429 44.570 44.570 67430 1 4357 44p570
17430 44.570 44.570 67431 2 4357 44p570
17431 44.570 44.570 67432 3 4357 44p570
17432 44.580 44.580 67433 0 4358 44p580
17433 44.580 44.580 67434 1 4358 44p580
17434 44.580 44.580 67435 2 4358 44p580
17435 44.580 44.580 67436 3 4358 44p580
17436 44.590 44.590 67437 0 4359 44p590
17437 44.590 44.590 67438 1 4359 44p590
17438 44.590 44.590 67439 2 4359 44p590
17439 44.590 44.590 67440 3 4359 44p590
17440 44.600 44.600 67441 0 4360 44p600
17441 44.600 44.600 67442 1 4360 44p600
17442 44.600 44.600 67443 2 4360 44p600
17443 44.600 44.600 67444 3 4360 44p600
17444 44.610 44.610 67445 0 4361 44p610
17445 44.610 44.610 67446 1 4361 44p610
17446 44.610 44.610 67447 2 4361 44p610
17447 44.610 44.610 67448 3 4361 44p610
17448 44.620 44.620 67449 0 4362 44p620
17449 44.620 44.620 67450 1 4362 44p620
17450 44.620 44.620 67451 2 4362 44p620
17451 44.620 44.620 67452 3 4362 44p620
17452 44.630 44.630 67453 0 4363 44p630
17453 44.630 44.630 67454 1 4363 44p630
17454 44.630 44.630 67455 2 4363 44p630
17455 44.630 44.630 67456 3 4363 44p630
17456 44.640 44.640 67457 0 4364 44p640
17457 44.640 44.640 67458 1 4364 44p640
17458 44.640 44.640 67459 2 4364 44p640
17459 44.640 44.640 67460 3 4364 44p640
17460 44.650 44.650 67461 0 4365 44p650
17461 44.650 44.650 67462 1 4365 44p650
17462 44.650 44.650 67463 2 4365 44p650
17463 44.650 44.650 67464 3 4365 44p650
17464 44.660 44.660 67465 0 4366 44p660
17465 44.660 44.660 67466 1 4366 44p660
17466 44.660 44.660 67467 2 4366 44p660
17467 44.660 44.660 67468 3 4366 44p660
17468 44.670 44.670 67469 0 4367 44p670
17469 44.670 44.670 67470 1 4367 44p670
17470 44.670 44.670 67471 2 4367 44p670
17471 44.670 44.670 67472 3 4367 44p670
17472 44.680 44.680 67473 0 4368 44p680
17473 44.680 44.680 67474 1 4368 44p680
17474 44.680 44.680 67475 2 4368 44p680
17475 44.680 44.680 67476 3 4368 44p680
17476 44.690 44.690 67477 0 4369 44p690
17477 44.690 44.690 67478 1 4369 44p690
17478 44.690 44.690 67479 2 4369 44p690
17479 44.690 44.690 67480 3 4369 44p690
17480 44.700 44.700 67481 0 4370 44p700
17481 44.700 44.700 67482 1 4370 44p700
17482 44.700 44.700 67483 2 4370 44p700
17483 44.700 44.700 67484 3 4370 44p700
17484 44.710 44.710 67485 0 4371 44p710
17485 44.710 44.710 67486 1 4371 44p710
17486 44.710 44.710 67487 2 4371 44p710
17487 44.710 44.710 67488 3 4371 44p710
17488 44.720 44.720 67489 0 4372 44p720
17489 44.720 44.720 67490 1 4372 44p720
17490 44.720 44.720 67491 2 4372 44p720
17491 44.720 44.720 67492 3 4372 44p720
17492 44.730 44.730 67493 0 4373 44p730
17493 44.730 44.730 67494 1 4373 44p730
17494 44.730 44.730 67495 2 4373 44p730
17495 44.730 44.730 67496 3 4373 44p730
17496 44.740 44.740 67497 0 4374 44p740
17497 44.740 44.740 67498 1 4374 44p740
17498 44.740 44.740 67499 2 4374 44p740
17499 44.740 44.740 67500 3 4374 44p740
17500 44.750 44.750 67501 0 4375 44p750
17501 44.750 44.750 67502 1 4375 44p750
17502 44.750 44.750 67503 2 4375 44p750
17503 44.750 44.750 67504 3 4375 44p750
17504 44.760 44.760 67505 0 4376 44p760
17505 44.760 44.760 67506 1 4376 44p760
17506 44.760 44.760 67507 2 4376 44p760
17507 44.760 44.760 67508 3 4376 44p760
17508 44.770 44.770 67509 0 4377 44p770
17509 44.770 44.770 67510 1 4377 44p770
17510 44.770 44.770 67511 2 4377 44p770
17511 44.770 44.770 67512 3 4377 44p770
17512 44.780 44.780 67513 0 4378 44p780
17513 44.780 44.780 67514 1 4378 44p780
17514 44.780 44.780 67515 2 4378 44p780
17515 44.780 44.780 67516 3 4378 44p780
17516 44.790 44.790 67517 0 4379 44p790
17517 44.790 44.790 67518 1 4379 44p790
17518 44.790 44.790 67519 2 4379 44p790
17519 44.790 44.790 67520 3 4379 44p790
17520 44.800 44.800 67521 0 4380 44p800
17521 44.800 44.800 67522 1 4380 44p800
17522 44.800 44.800 67523 2 4380 44p800
17523 44.800 44.800 67524 3 4380 44p800
17524 44.810 44.810 67525 0 4381 44p810
17525 44.810 44.810 67526 1 4381 44p810
17526 44.810 44.810 67527 2 4381 44p810
17527 44.810 44.810 67528 3 4381 44p810
17528 44.820 44.820 67529 0 4382 44p820
17529 44.820 44.820 67530 1 4382 44p820
17530 44.820 44.820 67531 2 4382 44p820
17531 44.820 44.820 67532 3 4382 44p820
17532 44.830 44.830 67533 0 4383 44p830
17533 44.830 44.830 67534 1 4383 44p830
17534 44.830 44.830 67535 2 4383 44p830
17535 44.830 44.830 67536 3 4383 44p830
17536 44.840 44.840 67537 0 4384 44p840
17537 44.840 44.840 67538 1 4384 44p840
17538 44.840 44.840 67539 2 4384 44p840
17539 44.840 44.840 67540 3 4384 44p840
17540 44.850 44.850 67541 0 4385 44p850
17541 44.850 44.850 67542 1 4385 44p850
17542 44.850 44.850 67543 2 4385 44p850
17543 44.850 44.850 67544 3 4385 44p850
17544 44.860 44.860 67545 0 4386 44p860
17545 44.860 44.860 67546 1 4386 44p860
17546 44.860 44.860 67547 2 4386 44p860
17547 44.860 44.860 67548 3 4386 44p860
17548 44.870 44.870 67549 0 4387 44p870
17549 44.870 44.870 67550 1 4387 44p870
17550 44.870 44.870 67551 2 4387 44p870
17551 44.870 44.870 67552 3 4387 44p870
17552 44.880 44.880 67553 0 4388 44p880
17553 44.880 44.880 67554 1 4388 44p880
17554 44.880 44.880 67555 2 4388 44p880
17555 44.880 44.880 67556 3 4388 44p880
17556 44.890 44.890 67557 0 4389 44p890
17557 44.890 44.890 67558 1 4389 44p890
17558 44.890 44.890 67559 2 4389 44p890
17559 44.890 44.890 67560 3 4389 44p890
17560 44.900 44.900 67561 0 4390 44p900
17561 44.900 44.900 67562 1 4390 44p900
17562 44.900 44.900 67563 2 4390 44p900
17563 44.900 44.900 67564 3 4390 44p900
17564 44.910 44.910 67565 0 4391 44p910
17565 44.910 44.910 67566 1 4391 44p910
17566 44.910 44.910 67567 2 4391 44p910
17567 44.910 44.910 67568 3 4391 44p910
17568 44.920 44.920 67569 0 4392 44p920
17569 44.920 44.920 67570 1 4392 44p920
17570 44.920 44.920 67571 2 4392 44p920
17571 44.920 44.920 67572 3 4392 44p920
17572 44.930 44.930 67573 0 4393 44p930
17573 44.930 44.930 67574 1 4393 44p930
17574 44.930 44.930 67575 2 4393 44p930
17575 44.930 44.930 67576 3 4393 44p930
17576 44.940 44.940 67577 0 4394 44p940
17577 44.940 44.940 67578 1 4394 44p940
17578 44.940 44.940 67579 2 4394 44p940
17579 44.940 44.940 67580 3 4394 44p940
17580 44.950 44.950 67581 0 4395 44p950
17581 44.950 44.950 67582 1 4395 44p950
17582 44.950 44.950 67583 2 4395 44p950
17583 44.950 44.950 67584 3 4395 44p950
17584 44.960 44.960 67585 0 4396 44p960
17585 44.960 44.960 67586 1 4396 44p960
17586 44.960 44.960 67587 2 4396 44p960
17587 44.960 44.960 67588 3 4396 44p960
17588 44.970 44.970 67589 0 4397 44p970
17589 44.970 44.970 67590 1 4397 44p970
17590 44.970 44.970 67591 2 4397 44p970
17591 44.970 44.970 67592 3 4397 44p970
17592 44.980 44.980 67593 0 4398 44p980
17593 44.980 44.980 67594 1 4398 44p980
17594 44.980 44.980 67595 2 4398 44p980
17595 44.980 44.980 67596 3 4398 44p980
17596 44.990 44.990 67597 0 4399 44p990
17597 44.990 44.990 67598 1 4399 44p990
17598 44.990 44.990 67599 2 4399 44p990
17599 44.990 44.990 67600 3 4399 44p990
17600 45.000 45.000 67601 0 4400 45p000
17601 45.000 45.000 67602 1 4400 45p000
17602 45.000 45.000 67603 2 4400 45p000
17603 45.000 45.000 67604 3 4400 45p000
17604 45.010 45.010 67605 0 4401 45p010
17605 45.010 45.010 67606 1 4401 45p010
17606 45.010 45.010 67607 2 4401 45p010
17607 45.010 45.010 67608 3 4401 45p010
17608 45.020 45.020 67609 0 4402 45p020
17609 45.020 45.020 67610 1 4402 45p020
17610 45.020 45.020 67611 2 4402 45p020
17611 45.020 45.020 67612 3 4402 45p020
17612 45.030 45.030 67613 0 4403 45p030
17613 45.030 45.030 67614 1 4403 45p030
17614 45.030 45.030 67615 2 4403 45p030
17615 45.030 45.030 67616 3 4403 45p030
17616 45.040 45.040 67617 0 4404 45p040
17617 45.040 45.040 67618 1 4404 45p040
17618 45.040 45.040 67619 2 4404 45p040
17619 45.040 45.040 67620 3 4404 45p040
17620 45.050 45.050 67621 0 4405 45p050
17621 45.050 45.050 67622 1 4405 45p050
17622 45.050 45.050 67623 2 4405 45p050
17623 45.050 45.050 67624 3 4405 45p050
17624 45.060 45.060 67625 0 4406 45p060
17625 45.060 45.060 67626 1 4406 45p060
17626 45.060 45.060 67627 2 4406 45p060
17627 45.060 45.060 67628 3 4406 45p060
17628 45.070 45.070 67629 0 4407 45p070
17629 45.070 45.070 67630 1 4407 45p070
17630 45.070 45.070 67631 2 4407 45p070
17631 45.070 45.070 67632 3 4407 45p070
17632 45.080 45.080 67633 0 4408 45p080
17633 45.080 45.080 67634 1 4408 45p080
17634 45.080 45.080 67635 2 4408 45p080
17635 45.080 45.080 67636 3 4408 45p080
17636 45.090 45.090 67637 0 4409 45p090
17637 45.090 45.090 67638 1 4409 45p090
17638 45.090 45.090 67639 2 4409 45p090
17639 45.090 45.090 67640 3 4409 45p090
17640 45.100 45.100 67641 0 4410 45p100
17641 45.100 45.100 67642 1 4410 45p100
17642 45.100 45.100 67643 2 4410 45p100
17643 45.100 45.100 67644 3 4410 45p100
17644 45.110 45.110 67645 0 4411 45p110
17645 45.110 45.110 67646 1 4411 45p110
17646 45.110 45.110 67647 2 4411 45p110
17647 45.110 45.110 67648 3 4411 45p110
17648 45.120 45.120 67649 0 4412 45p120
17649 45.120 45.120 67650 1 4412 45p120
17650 45.120 45.120 67651 2 4412 45p120
17651 45.120 45.120 67652 3 4412 45p120
17652 45.130 45.130 67653 0 4413 45p130
17653 45.130 45.130 67654 1 4413 45p130
17654 45.130 45.130 67655 2 4413 45p130
17655 45.130 45.130 67656 3 4413 45p130
17656 45.140 45.140 67657 0 4414 45p140
17657 45.140 45.140 67658 1 4414 45p140
17658 45.140 45.140 67659 2 4414 45p140
17659 45.140 45.140 67660 3 4414 45p140
17660 45.150 45.150 67661 0 4415 45p150
17661 45.150 45.150 67662 1 4415 45p150
17662 45.150 45.150 67663 2 4415 45p150
17663 45.150 45.150 67664 3 4415 45p150
17664 45.160 45.160 67665 0 4416 45p160
17665 45.160 45.160 67666 1 4416 45p160
17666 45.160 45.160 67667 2 4416 45p160
17667 45.160 45.160 67668 3 4416 45p160
17668 45.170 45.170 67669 0 4417 45p170
17669 45.170 45.170 67670 1 4417 45p170
17670 45.170 45.170 67671 2 4417 45p170
17671 45.170 45.170 67672 3 4417 45p170
17672 45.180 45.180 67673 0 4418 45p180
17673 45.180 45.180 67674 1 4418 45p180
17674 45.180 45.180 67675 2 4418 45p180
17675 45.180 45.180 67676 3 4418 45p180
17676 45.190 45.190 67677 0 4419 45p190
17677 45.190 45.190 67678 1 4419 45p190
17678 45.190 45.190 67679 2 4419 45p190
17679 45.190 45.190 67680 3 4419 45p190
17680 45.200 45.200 67681 0 4420 45p200
17681 45.200 45.200 67682 1 4420 45p200
17682 45.200 45.200 67683 2 4420 45p200
17683 45.200 45.200 67684 3 4420 45p200
17684 45.210 45.210 67685 0 4421 45p210
17685 45.210 45.210 67686 1 4421 45p210
17686 45.210 45.210 67687 2 4421 45p210
17687 45.210 45.210 67688 3 4421 45p210
17688 45.220 45.220 67689 0 4422 45p220
17689 45.220 45.220 67690 1 4422 45p220
17690 45.220 45.220 67691 2 4422 45p220
17691 45.220 45.220 67692 3 4422 45p220
17692 45.230 45.230 67693 0 4423 45p230
17693 45.230 45.230 67694 1 4423 45p230
17694 45.230 45.230 67695 2 4423 45p230
17695 45.230 45.230 67696 3 4423 45p230
17696 45.240 45.240 67697 0 4424 45p240
17697 45.240 45.240 67698 1 4424 45p240
17698 45.240 45.240 67699 2 4424 45p240
17699 45.240 45.240 67700 3 4424 45p240
17700 45.250 45.250 67701 0 4425 45p250
17701 45.250 45.250 67702 1 4425 45p250
17702 45.250 45.250 67703 2 4425 45p250
17703 45.250 45.250 67704 3 4425 45p250
17704 45.260 45.260 67705 0 4426 45p260
17705 45.260 45.260 67706 1 4426 45p260
17706 45.260 45.260 67707 2 4426 45p260
17707 45.260 45.260 67708 3 4426 45p260
17708 45.270 45.270 67709 0 4427 45p270
17709 45.270 45.270 67710 1 4427 45p270
17710 45.270 45.270 67711 2 4427 45p270
17711 45.270 45.270 67712 3 4427 45p270
17712 45.280 45.280 67713 0 4428 45p280
17713 45.280 45.280 67714 1 4428 45p280
17714 45.280 45.280 67715 2 4428 45p280
17715 45.280 45.280 67716 3 4428 45p280
17716 45.290 45.290 67717 0 4429 45p290
17717 45.290 45.290 67718 1 4429 45p290
17718 45.290 45.290 67719 2 4429 45p290
17719 45.290 45.290 67720 3 4429 45p290
17720 45.300 45.300 67721 0 4430 45p300
17721 45.300 45.300 67722 1 4430 45p300
17722 45.300 45.300 67723 2 4430 45p300
17723 45.300 45.300 67724 3 4430 45p300
17724 45.310 45.310 67725 0 4431 45p310
17725 45.310 45.310 67726 1 4431 45p310
17726 45.310 45.310 67727 2 4431 45p310
17727 45.310 45.310 67728 3 4431 45p310
17728 45.320 45.320 67729 0 4432 45p320
17729 45.320 45.320 67730 1 4432 45p320
17730 45.320 45.320 67731 2 4432 45p320
17731 45.320 45.320 67732 3 4432 45p320
17732 45.330 45.330 67733 0 4433 45p330
17733 45.330 45.330 67734 1 4433 45p330
17734 45.330 45.330 67735 2 4433 45p330
17735 45.330 45.330 67736 3 4433 45p330
17736 45.340 45.340 67737 0 4434 45p340
17737 45.340 45.340 67738 1 4434 45p340
17738 45.340 45.340 67739 2 4434 45p340
17739 45.340 45.340 67740 3 4434 45p340
17740 45.350 45.350 67741 0 4435 45p350
17741 45.350 45.350 67742 1 4435 45p350
17742 45.350 45.350 67743 2 4435 45p350
17743 45.350 45.350 67744 3 4435 45p350
17744 45.360 45.360 67745 0 4436 45p360
17745 45.360 45.360 67746 1 4436 45p360
17746 45.360 45.360 67747 2 4436 45p360
17747 45.360 45.360 67748 3 4436 45p360
17748 45.370 45.370 67749 0 4437 45p370
17749 45.370 45.370 67750 1 4437 45p370
17750 45.370 45.370 67751 2 4437 45p370
17751 45.370 45.370 67752 3 4437 45p370
17752 45.380 45.380 67753 0 4438 45p380
17753 45.380 45.380 67754 1 4438 45p380
17754 45.380 45.380 67755 2 4438 45p380
17755 45.380 45.380 67756 3 4438 45p380
17756 45.390 45.390 67757 0 4439 45p390
17757 45.390 45.390 67758 1 4439 45p390
17758 45.390 45.390 67759 2 4439 45p390
17759 45.390 45.390 67760 3 4439 45p390
17760 45.400 45.400 67761 0 4440 45p400
17761 45.400 45.400 67762 1 4440 45p400
17762 45.400 45.400 67763 2 4440 45p400
17763 45.400 45.400 67764 3 4440 45p400
17764 45.410 45.410 67765 0 4441 45p410
17765 45.410 45.410 67766 1 4441 45p410
17766 45.410 45.410 67767 2 4441 45p410
17767 45.410 45.410 67768 3 4441 45p410
17768 45.420 45.420 67769 0 4442 45p420
17769 45.420 45.420 67770 1 4442 45p420
17770 45.420 45.420 67771 2 4442 45p420
17771 45.420 45.420 67772 3 4442 45p420
17772 45.430 45.430 67773 0 4443 45p430
17773 45.430 45.430 67774 1 4443 45p430
17774 45.430 45.430 67775 2 4443 45p430
17775 45.430 45.430 67776 3 4443 45p430
17776 45.440 45.440 67777 0 4444 45p440
17777 45.440 45.440 67778 1 4444 45p440
17778 45.440 45.440 67779 2 4444 45p440
17779 45.440 45.440 67780 3 4444 45p440
17780 45.450 45.450 67781 0 4445 45p450
17781 45.450 45.450 67782 1 4445 45p450
17782 45.450 45.450 67783 2 4445 45p450
17783 45.450 45.450 67784 3 4445 45p450
17784 45.460 45.460 67785 0 4446 45p460
17785 45.460 45.460 67786 1 4446 45p460
17786 45.460 45.460 67787 2 4446 45p460
17787 45.460 45.460 67788 3 4446 45p460
17788 45.470 45.470 67789 0 4447 45p470
17789 45.470 45.470 67790 1 4447 45p470
17790 45.470 45.470 67791 2 4447 45p470
17791 45.470 45.470 67792 3 4447 45p470
17792 45.480 45.480 67793 0 4448 45p480
17793 45.480 45.480 67794 1 4448 45p480
17794 45.480 45.480 67795 2 4448 45p480
17795 45.480 45.480 67796 3 4448 45p480
17796 45.490 45.490 67797 0 4449 45p490
17797 45.490 45.490 67798 1 4449 45p490
17798 45.490 45.490 67799 2 4449 45p490
17799 45.490 45.490 67800 3 4449 45p490
17800 45.500 45.500 67801 0 4450 45p500
17801 45.500 45.500 67802 1 4450 45p500
17802 45.500 45.500 67803 2 4450 45p500
17803 45.500 45.500 67804 3 4450 45p500
17804 45.510 45.510 67805 0 4451 45p510
17805 45.510 45.510 67806 1 4451 45p510
17806 45.510 45.510 67807 2 4451 45p510
17807 45.510 45.510 67808 3 4451 45p510
17808 45.520 45.520 67809 0 4452 45p520
17809 45.520 45.520 67810 1 4452 45p520
17810 45.520 45.520 67811 2 4452 45p520
17811 45.520 45.520 67812 3 4452 45p520
17812 45.530 45.530 67813 0 4453 45p530
17813 45.530 45.530 67814 1 4453 45p530
17814 45.530 45.530 67815 2 4453 45p530
17815 45.530 45.530 67816 3 4453 45p530
17816 45.540 45.540 67817 0 4454 45p540
17817 45.540 45.540 67818 1 4454 45p540
17818 45.540 45.540 67819 2 4454 45p540
17819 45.540 45.540 67820 3 4454 45p540
17820 45.550 45.550 67821 0 4455 45p550
17821 45.550 45.550 67822 1 4455 45p550
17822 45.550 45.550 67823 2 4455 45p550
17823 45.550 45.550 67824 3 4455 45p550
17824 45.560 45.560 67825 0 4456 45p560
17825 45.560 45.560 67826 1 4456 45p560
17826 45.560 45.560 67827 2 4456 45p560
17827 45.560 45.560 67828 3 4456 45p560
17828 45.570 45.570 67829 0 4457 45p570
17829 45.570 45.570 67830 1 4457 45p570
17830 45.570 45.570 67831 2 4457 45p570
17831 45.570 45.570 67832 3 4457 45p570
17832 45.580 45.580 67833 0 4458 45p580
17833 45.580 45.580 67834 1 4458 45p580
17834 45.580 45.580 67835 2 4458 45p580
17835 45.580 45.580 67836 3 4458 45p580
17836 45.590 45.590 67837 0 4459 45p590
17837 45.590 45.590 67838 1 4459 45p590
17838 45.590 45.590 67839 2 4459 45p590
17839 45.590 45.590 67840 3 4459 45p590
17840 45.600 45.600 67841 0 4460 45p600
17841 45.600 45.600 67842 1 4460 45p600
17842 45.600 45.600 67843 2 4460 45p600
17843 45.600 45.600 67844 3 4460 45p600
17844 45.610 45.610 67845 0 4461 45p610
17845 45.610 45.610 67846 1 4461 45p610
17846 45.610 45.610 67847 2 4461 45p610
17847 45.610 45.610 67848 3 4461 45p610
17848 45.620 45.620 67849 0 4462 45p620
17849 45.620 45.620 67850 1 4462 45p620
17850 45.620 45.620 67851 2 4462 45p620
17851 45.620 45.620 67852 3 4462 45p620
17852 45.630 45.630 67853 0 4463 45p630
17853 45.630 45.630 67854 1 4463 45p630
17854 45.630 45.630 67855 2 4463 45p630
17855 45.630 45.630 67856 3 4463 45p630
17856 45.640 45.640 67857 0 4464 45p640
17857 45.640 45.640 67858 1 4464 45p640
17858 45.640 45.640 67859 2 4464 45p640
17859 45.640 45.640 67860 3 4464 45p640
17860 45.650 45.650 67861 0 4465 45p650
17861 45.650 45.650 67862 1 4465 45p650
17862 45.650 45.650 67863 2 4465 45p650
17863 45.650 45.650 67864 3 4465 45p650
17864 45.660 45.660 67865 0 4466 45p660
17865 45.660 45.660 67866 1 4466 45p660
17866 45.660 45.660 67867 2 4466 45p660
17867 45.660 45.660 67868 3 4466 45p660
17868 45.670 45.670 67869 0 4467 45p670
17869 45.670 45.670 67870 1 4467 45p670
17870 45.670 45.670 67871 2 4467 45p670
17871 45.670 45.670 67872 3 4467 45p670
17872 45.680 45.680 67873 0 4468 45p680
17873 45.680 45.680 67874 1 4468 45p680
17874 45.680 45.680 67875 2 4468 45p680
17875 45.680 45.680 67876 3 4468 45p680
17876 45.690 45.690 67877 0 4469 45p690
17877 45.690 45.690 67878 1 4469 45p690
17878 45.690 45.690 67879 2 4469 45p690
17879 45.690 45.690 67880 3 4469 45p690
17880 45.700 45.700 67881 0 4470 45p700
17881 45.700 45.700 67882 1 4470 45p700
17882 45.700 45.700 67883 2 4470 45p700
17883 45.700 45.700 67884 3 4470 45p700
17884 45.710 45.710 67885 0 4471 45p710
17885 45.710 45.710 67886 1 4471 45p710
17886 45.710 45.710 67887 2 4471 45p710
17887 45.710 45.710 67888 3 4471 45p710
17888 45.720 45.720 67889 0 4472 45p720
17889 45.720 45.720 67890 1 4472 45p720
17890 45.720 45.720 67891 2 4472 45p720
17891 45.720 45.720 67892 3 4472 45p720
17892 45.730 45.730 67893 0 4473 45p730
17893 45.730 45.730 67894 1 4473 45p730
17894 45.730 45.730 67895 2 4473 45p730
17895 45.730 45.730 67896 3 4473 45p730
17896 45.740 45.740 67897 0 4474 45p740
17897 45.740 45.740 67898 1 4474 45p740
17898 45.740 45.740 67899 2 4474 45p740
17899 45.740 45.740 67900 3 4474 45p740
17900 45.750 45.750 67901 0 4475 45p750
17901 45.750 45.750 67902 1 4475 45p750
17902 45.750 45.750 67903 2 4475 45p750
17903 45.750 45.750 67904 3 4475 45p750
17904 45.760 45.760 67905 0 4476 45p760
17905 45.760 45.760 67906 1 4476 45p760
17906 45.760 45.760 67907 2 4476 45p760
17907 45.760 45.760 67908 3 4476 45p760
17908 45.770 45.770 67909 0 4477 45p770
17909 45.770 45.770 67910 1 4477 45p770
17910 45.770 45.770 67911 2 4477 45p770
17911 45.770 45.770 67912 3 4477 45p770
17912 45.780 45.780 67913 0 4478 45p780
17913 45.780 45.780 67914 1 4478 45p780
17914 45.780 45.780 67915 2 4478 45p780
17915 45.780 45.780 67916 3 4478 45p780
17916 45.790 45.790 67917 0 4479 45p790
17917 45.790 45.790 67918 1 4479 45p790
17918 45.790 45.790 67919 2 4479 45p790
17919 45.790 45.790 67920 3 4479 45p790
17920 45.800 45.800 67921 0 4480 45p800
17921 45.800 45.800 67922 1 4480 45p800
17922 45.800 45.800 67923 2 4480 45p800
17923 45.800 45.800 67924 3 4480 45p800
17924 45.810 45.810 67925 0 4481 45p810
17925 45.810 45.810 67926 1 4481 45p810
17926 45.810 45.810 67927 2 4481 45p810
17927 45.810 45.810 67928 3 4481 45p810
17928 45.820 45.820 67929 0 4482 45p820
17929 45.820 45.820 67930 1 4482 45p820
17930 45.820 45.820 67931 2 4482 45p820
17931 45.820 45.820 67932 3 4482 45p820
17932 45.830 45.830 67933 0 4483 45p830
17933 45.830 45.830 67934 1 4483 45p830
17934 45.830 45.830 67935 2 4483 45p830
17935 45.830 45.830 67936 3 4483 45p830
17936 45.840 45.840 67937 0 4484 45p840
17937 45.840 45.840 67938 1 4484 45p840
17938 45.840 45.840 67939 2 4484 45p840
17939 45.840 45.840 67940 3 4484 45p840
17940 45.850 45.850 67941 0 4485 45p850
17941 45.850 45.850 67942 1 4485 45p850
17942 45.850 45.850 67943 2 4485 45p850
17943 45.850 45.850 67944 3 4485 45p850
17944 45.860 45.860 67945 0 4486 45p860
17945 45.860 45.860 67946 1 4486 45p860
17946 45.860 45.860 67947 2 4486 45p860
17947 45.860 45.860 67948 3 4486 45p860
17948 45.870 45.870 67949 0 4487 45p870
17949 45.870 45.870 67950 1 4487 45p870
17950 45.870 45.870 67951 2 4487 45p870
17951 45.870 45.870 67952 3 4487 45p870
17952 45.880 45.880 67953 0 4488 45p880
17953 45.880 45.880 67954 1 4488 45p880
17954 45.880 45.880 67955 2 4488 45p880
17955 45.880 45.880 67956 3 4488 45p880
17956 45.890 45.890 67957 0 4489 45p890
17957 45.890 45.890 67958 1 4489 45p890
17958 45.890 45.890 67959 2 4489 45p890
17959 45.890 45.890 67960 3 4489 45p890
17960 45.900 45.900 67961 0 4490 45p900
17961 45.900 45.900 67962 1 4490 45p900
17962 45.900 45.900 67963 2 4490 45p900
17963 45.900 45.900 67964 3 4490 45p900
17964 45.910 45.910 67965 0 4491 45p910
17965 45.910 45.910 67966 1 4491 45p910
17966 45.910 45.910 67967 2 4491 45p910
17967 45.910 45.910 67968 3 4491 45p910
17968 45.920 45.920 67969 0 4492 45p920
17969 45.920 45.920 67970 1 4492 45p920
17970 45.920 45.920 67971 2 4492 45p920
17971 45.920 45.920 67972 3 4492 45p920
17972 45.930 45.930 67973 0 4493 45p930
17973 45.930 45.930 67974 1 4493 45p930
17974 45.930 45.930 67975 2 4493 45p930
17975 45.930 45.930 67976 3 4493 45p930
17976 45.940 45.940 67977 0 4494 45p940
17977 45.940 45.940 67978 1 4494 45p940
17978 45.940 45.940 67979 2 4494 45p940
17979 45.940 45.940 67980 3 4494 45p940
17980 45.950 45.950 67981 0 4495 45p950
17981 45.950 45.950 67982 1 4495 45p950
17982 45.950 45.950 67983 2 4495 45p950
17983 45.950 45.950 67984 3 4495 45p950
17984 45.960 45.960 67985 0 4496 45p960
17985 45.960 45.960 67986 1 4496 45p960
17986 45.960 45.960 67987 2 4496 45p960
17987 45.960 45.960 67988 3 4496 45p960
17988 45.970 45.970 67989 0 4497 45p970
17989 45.970 45.970 67990 1 4497 45p970
17990 45.970 45.970 67991 2 4497 45p970
17991 45.970 45.970 67992 3 4497 45p970
17992 45.980 45.980 67993 0 4498 45p980
17993 45.980 45.980 67994 1 4498 45p980
17994 45.980 45.980 67995 2 4498 45p980
17995 45.980 45.980 67996 3 4498 45p980
17996 45.990 45.990 67997 0 4499 45p990
17997 45.990 45.990 67998 1 4499 45p990
17998 45.990 45.990 67999 2 4499 45p990
17999 45.990 45.990 68000 3 4499 45p990
18000 46.000 46.000 68001 0 4500 46p000
18001 46.000 46.000 68002 1 4500 46p000
18002 46.000 46.000 68003 2 4500 46p000
18003 46.000 46.000 68004 3 4500 46p000
18004 46.010 46.010 68005 0 4501 46p010
18005 46.010 46.010 68006 1 4501 46p010
18006 46.010 46.010 68007 2 4501 46p010
18007 46.010 46.010 68008 3 4501 46p010
18008 46.020 46.020 68009 0 4502 46p020
18009 46.020 46.020 68010 1 4502 46p020
18010 46.020 46.020 68011 2 4502 46p020
18011 46.020 46.020 68012 3 4502 46p020
18012 46.030 46.030 68013 0 4503 46p030
18013 46.030 46.030 68014 1 4503 46p030
18014 46.030 46.030 68015 2 4503 46p030
18015 46.030 46.030 68016 3 4503 46p030
18016 46.040 46.040 68017 0 4504 46p040
18017 46.040 46.040 68018 1 4504 46p040
18018 46.040 46.040 68019 2 4504 46p040
18019 46.040 46.040 68020 3 4504 46p040
18020 46.050 46.050 68021 0 4505 46p050
18021 46.050 46.050 68022 1 4505 46p050
18022 46.050 46.050 68023 2 4505 46p050
18023 46.050 46.050 68024 3 4505 46p050
18024 46.060 46.060 68025 0 4506 46p060
18025 46.060 46.060 68026 1 4506 46p060
18026 46.060 46.060 68027 2 4506 46p060
18027 46.060 46.060 68028 3 4506 46p060
18028 46.070 46.070 68029 0 4507 46p070
18029 46.070 46.070 68030 1 4507 46p070
18030 46.070 46.070 68031 2 4507 46p070
18031 46.070 46.070 68032 3 4507 46p070
18032 46.080 46.080 68033 0 4508 46p080
18033 46.080 46.080 68034 1 4508 46p080
18034 46.080 46.080 68035 2 4508 46p080
18035 46.080 46.080 68036 3 4508 46p080
18036 46.090 46.090 68037 0 4509 46p090
18037 46.090 46.090 68038 1 4509 46p090
18038 46.090 46.090 68039 2 4509 46p090
18039 46.090 46.090 68040 3 4509 46p090
18040 46.100 46.100 68041 0 4510 46p100
18041 46.100 46.100 68042 1 4510 46p100
18042 46.100 46.100 68043 2 4510 46p100
18043 46.100 46.100 68044 3 4510 46p100
18044 46.110 46.110 68045 0 4511 46p110
18045 46.110 46.110 68046 1 4511 46p110
18046 46.110 46.110 68047 2 4511 46p110
18047 46.110 46.110 68048 3 4511 46p110
18048 46.120 46.120 68049 0 4512 46p120
18049 46.120 46.120 68050 1 4512 46p120
18050 46.120 46.120 68051 2 4512 46p120
18051 46.120 46.120 68052 3 4512 46p120
18052 46.130 46.130 68053 0 4513 46p130
18053 46.130 46.130 68054 1 4513 46p130
18054 46.130 46.130 68055 2 4513 46p130
18055 46.130 46.130 68056 3 4513 46p130
18056 46.140 46.140 68057 0 4514 46p140
18057 46.140 46.140 68058 1 4514 46p140
18058 46.140 46.140 68059 2 4514 46p140
18059 46.140 46.140 68060 3 4514 46p140
18060 46.150 46.150 68061 0 4515 46p150
18061 46.150 46.150 68062 1 4515 46p150
18062 46.150 46.150 68063 2 4515 46p150
18063 46.150 46.150 68064 3 4515 46p150
18064 46.160 46.160 68065 0 4516 46p160
18065 46.160 46.160 68066 1 4516 46p160
18066 46.160 46.160 68067 2 4516 46p160
18067 46.160 46.160 68068 3 4516 46p160
18068 46.170 46.170 68069 0 4517 46p170
18069 46.170 46.170 68070 1 4517 46p170
18070 46.170 46.170 68071 2 4517 46p170
18071 46.170 46.170 68072 3 4517 46p170
18072 46.180 46.180 68073 0 4518 46p180
18073 46.180 46.180 68074 1 4518 46p180
18074 46.180 46.180 68075 2 4518 46p180
18075 46.180 46.180 68076 3 4518 46p180
18076 46.190 46.190 68077 0 4519 46p190
18077 46.190 46.190 68078 1 4519 46p190
18078 46.190 46.190 68079 2 4519 46p190
18079 46.190 46.190 68080 3 4519 46p190
18080 46.200 46.200 68081 0 4520 46p200
18081 46.200 46.200 68082 1 4520 46p200
18082 46.200 46.200 68083 2 4520 46p200
18083 46.200 46.200 68084 3 4520 46p200
18084 46.210 46.210 68085 0 4521 46p210
18085 46.210 46.210 68086 1 4521 46p210
18086 46.210 46.210 68087 2 4521 46p210
18087 46.210 46.210 68088 3 4521 46p210
18088 46.220 46.220 68089 0 4522 46p220
18089 46.220 46.220 68090 1 4522 46p220
18090 46.220 46.220 68091 2 4522 46p220
18091 46.220 46.220 68092 3 4522 46p220
18092 46.230 46.230 68093 0 4523 46p230
18093 46.230 46.230 68094 1 4523 46p230
18094 46.230 46.230 68095 2 4523 46p230
18095 46.230 46.230 68096 3 4523 46p230
18096 46.240 46.240 68097 0 4524 46p240
18097 46.240 46.240 68098 1 4524 46p240
18098 46.240 46.240 68099 2 4524 46p240
18099 46.240 46.240 68100 3 4524 46p240
18100 46.250 46.250 68101 0 4525 46p250
18101 46.250 46.250 68102 1 4525 46p250
18102 46.250 46.250 68103 2 4525 46p250
18103 46.250 46.250 68104 3 4525 46p250
18104 46.260 46.260 68105 0 4526 46p260
18105 46.260 46.260 68106 1 4526 46p260
18106 46.260 46.260 68107 2 4526 46p260
18107 46.260 46.260 68108 3 4526 46p260
18108 46.270 46.270 68109 0 4527 46p270
18109 46.270 46.270 68110 1 4527 46p270
18110 46.270 46.270 68111 2 4527 46p270
18111 46.270 46.270 68112 3 4527 46p270
18112 46.280 46.280 68113 0 4528 46p280
18113 46.280 46.280 68114 1 4528 46p280
18114 46.280 46.280 68115 2 4528 46p280
18115 46.280 46.280 68116 3 4528 46p280
18116 46.290 46.290 68117 0 4529 46p290
18117 46.290 46.290 68118 1 4529 46p290
18118 46.290 46.290 68119 2 4529 46p290
18119 46.290 46.290 68120 3 4529 46p290
18120 46.300 46.300 68121 0 4530 46p300
18121 46.300 46.300 68122 1 4530 46p300
18122 46.300 46.300 68123 2 4530 46p300
18123 46.300 46.300 68124 3 4530 46p300
18124 46.310 46.310 68125 0 4531 46p310
18125 46.310 46.310 68126 1 4531 46p310
18126 46.310 46.310 68127 2 4531 46p310
18127 46.310 46.310 68128 3 4531 46p310
18128 46.320 46.320 68129 0 4532 46p320
18129 46.320 46.320 68130 1 4532 46p320
18130 46.320 46.320 68131 2 4532 46p320
18131 46.320 46.320 68132 3 4532 46p320
18132 46.330 46.330 68133 0 4533 46p330
18133 46.330 46.330 68134 1 4533 46p330
18134 46.330 46.330 68135 2 4533 46p330
18135 46.330 46.330 68136 3 4533 46p330
18136 46.340 46.340 68137 0 4534 46p340
18137 46.340 46.340 68138 1 4534 46p340
18138 46.340 46.340 68139 2 4534 46p340
18139 46.340 46.340 68140 3 4534 46p340
18140 46.350 46.350 68141 0 4535 46p350
18141 46.350 46.350 68142 1 4535 46p350
18142 46.350 46.350 68143 2 4535 46p350
18143 46.350 46.350 68144 3 4535 46p350
18144 46.360 46.360 68145 0 4536 46p360
18145 46.360 46.360 68146 1 4536 46p360
18146 46.360 46.360 68147 2 4536 46p360
18147 46.360 46.360 68148 3 4536 46p360
18148 46.370 46.370 68149 0 4537 46p370
18149 46.370 46.370 68150 1 4537 46p370
18150 46.370 46.370 68151 2 4537 46p370
18151 46.370 46.370 68152 3 4537 46p370
18152 46.380 46.380 68153 0 4538 46p380
18153 46.380 46.380 68154 1 4538 46p380
18154 46.380 46.380 68155 2 4538 46p380
18155 46.380 46.380 68156 3 4538 46p380
18156 46.390 46.390 68157 0 4539 46p390
18157 46.390 46.390 68158 1 4539 46p390
18158 46.390 46.390 68159 2 4539 46p390
18159 46.390 46.390 68160 3 4539 46p390
18160 46.400 46.400 68161 0 4540 46p400
18161 46.400 46.400 68162 1 4540 46p400
18162 46.400 46.400 68163 2 4540 46p400
18163 46.400 46.400 68164 3 4540 46p400
18164 46.410 46.410 68165 0 4541 46p410
18165 46.410 46.410 68166 1 4541 46p410
18166 46.410 46.410 68167 2 4541 46p410
18167 46.410 46.410 68168 3 4541 46p410
18168 46.420 46.420 68169 0 4542 46p420
18169 46.420 46.420 68170 1 4542 46p420
18170 46.420 46.420 68171 2 4542 46p420
18171 46.420 46.420 68172 3 4542 46p420
18172 46.430 46.430 68173 0 4543 46p430
18173 46.430 46.430 68174 1 4543 46p430
18174 46.430 46.430 68175 2 4543 46p430
18175 46.430 46.430 68176 3 4543 46p430
18176 46.440 46.440 68177 0 4544 46p440
18177 46.440 46.440 68178 1 4544 46p440
18178 46.440 46.440 68179 2 4544 46p440
18179 46.440 46.440 68180 3 4544 46p440
18180 46.450 46.450 68181 0 4545 46p450
18181 46.450 46.450 68182 1 4545 46p450
18182 46.450 46.450 68183 2 4545 46p450
18183 46.450 46.450 68184 3 4545 46p450
18184 46.460 46.460 68185 0 4546 46p460
18185 46.460 46.460 68186 1 4546 46p460
18186 46.460 46.460 68187 2 4546 46p460
18187 46.460 46.460 68188 3 4546 46p460
18188 46.470 46.470 68189 0 4547 46p470
18189 46.470 46.470 68190 1 4547 46p470
18190 46.470 46.470 68191 2 4547 46p470
18191 46.470 46.470 68192 3 4547 46p470
18192 46.480 46.480 68193 0 4548 46p480
18193 46.480 46.480 68194 1 4548 46p480
18194 46.480 46.480 68195 2 4548 46p480
18195 46.480 46.480 68196 3 4548 46p480
18196 46.490 46.490 68197 0 4549 46p490
18197 46.490 46.490 68198 1 4549 46p490
18198 46.490 46.490 68199 2 4549 46p490
18199 46.490 46.490 68200 3 4549 46p490
18200 46.500 46.500 68201 0 4550 46p500
18201 46.500 46.500 68202 1 4550 46p500
18202 46.500 46.500 68203 2 4550 46p500
18203 46.500 46.500 68204 3 4550 46p500
18204 46.510 46.510 68205 0 4551 46p510
18205 46.510 46.510 68206 1 4551 46p510
18206 46.510 46.510 68207 2 4551 46p510
18207 46.510 46.510 68208 3 4551 46p510
18208 46.520 46.520 68209 0 4552 46p520
18209 46.520 46.520 68210 1 4552 46p520
18210 46.520 46.520 68211 2 4552 46p520
18211 46.520 46.520 68212 3 4552 46p520
18212 46.530 46.530 68213 0 4553 46p530
18213 46.530 46.530 68214 1 4553 46p530
18214 46.530 46.530 68215 2 4553 46p530
18215 46.530 46.530 68216 3 4553 46p530
18216 46.540 46.540 68217 0 4554 46p540
18217 46.540 46.540 68218 1 4554 46p540
18218 46.540 46.540 68219 2 4554 46p540
18219 46.540 46.540 68220 3 4554 46p540
18220 46.550 46.550 68221 0 4555 46p550
18221 46.550 46.550 68222 1 4555 46p550
18222 46.550 46.550 68223 2 4555 46p550
18223 46.550 46.550 68224 3 4555 46p550
18224 46.560 46.560 68225 0 4556 46p560
18225 46.560 46.560 68226 1 4556 46p560
18226 46.560 46.560 68227 2 4556 46p560
18227 46.560 46.560 68228 3 4556 46p560
18228 46.570 46.570 68229 0 4557 46p570
18229 46.570 46.570 68230 1 4557 46p570
18230 46.570 46.570 68231 2 4557 46p570
18231 46.570 46.570 68232 3 4557 46p570
18232 46.580 46.580 68233 0 4558 46p580
18233 46.580 46.580 68234 1 4558 46p580
18234 46.580 46.580 68235 2 4558 46p580
18235 46.580 46.580 68236 3 4558 46p580
18236 46.590 46.590 68237 0 4559 46p590
18237 46.590 46.590 68238 1 4559 46p590
18238 46.590 46.590 68239 2 4559 46p590
18239 46.590 46.590 68240 3 4559 46p590
18240 46.600 46.600 68241 0 4560 46p600
18241 46.600 46.600 68242 1 4560 46p600
18242 46.600 46.600 68243 2 4560 46p600
18243 46.600 46.600 68244 3 4560 46p600
18244 46.610 46.610 68245 0 4561 46p610
18245 46.610 46.610 68246 1 4561 46p610
18246 46.610 46.610 68247 2 4561 46p610
18247 46.610 46.610 68248 3 4561 46p610
18248 46.620 46.620 68249 0 4562 46p620
18249 46.620 46.620 68250 1 4562 46p620
18250 46.620 46.620 68251 2 4562 46p620
18251 46.620 46.620 68252 3 4562 46p620
18252 46.630 46.630 68253 0 4563 46p630
18253 46.630 46.630 68254 1 4563 46p630
18254 46.630 46.630 68255 2 4563 46p630
18255 46.630 46.630 68256 3 4563 46p630
18256 46.640 46.640 68257 0 4564 46p640
18257 46.640 46.640 68258 1 4564 46p640
18258 46.640 46.640 68259 2 4564 46p640
18259 46.640 46.640 68260 3 4564 46p640
18260 46.650 46.650 68261 0 4565 46p650
18261 46.650 46.650 68262 1 4565 46p650
18262 46.650 46.650 68263 2 4565 46p650
18263 46.650 46.650 68264 3 4565 46p650
18264 46.660 46.660 68265 0 4566 46p660
18265 46.660 46.660 68266 1 4566 46p660
18266 46.660 46.660 68267 2 4566 46p660
18267 46.660 46.660 68268 3 4566 46p660
18268 46.670 46.670 68269 0 4567 46p670
18269 46.670 46.670 68270 1 4567 46p670
18270 46.670 46.670 68271 2 4567 46p670
18271 46.670 46.670 68272 3 4567 46p670
18272 46.680 46.680 68273 0 4568 46p680
18273 46.680 46.680 68274 1 4568 46p680
18274 46.680 46.680 68275 2 4568 46p680
18275 46.680 46.680 68276 3 4568 46p680
18276 46.690 46.690 68277 0 4569 46p690
18277 46.690 46.690 68278 1 4569 46p690
18278 46.690 46.690 68279 2 4569 46p690
18279 46.690 46.690 68280 3 4569 46p690
18280 46.700 46.700 68281 0 4570 46p700
18281 46.700 46.700 68282 1 4570 46p700
18282 46.700 46.700 68283 2 4570 46p700
18283 46.700 46.700 68284 3 4570 46p700
18284 46.710 46.710 68285 0 4571 46p710
18285 46.710 46.710 68286 1 4571 46p710
18286 46.710 46.710 68287 2 4571 46p710
18287 46.710 46.710 68288 3 4571 46p710
18288 46.720 46.720 68289 0 4572 46p720
18289 46.720 46.720 68290 1 4572 46p720
18290 46.720 46.720 68291 2 4572 46p720
18291 46.720 46.720 68292 3 4572 46p720
18292 46.730 46.730 68293 0 4573 46p730
18293 46.730 46.730 68294 1 4573 46p730
18294 46.730 46.730 68295 2 4573 46p730
18295 46.730 46.730 68296 3 4573 46p730
18296 46.740 46.740 68297 0 4574 46p740
18297 46.740 46.740 68298 1 4574 46p740
18298 46.740 46.740 68299 2 4574 46p740
18299 46.740 46.740 68300 3 4574 46p740
18300 46.750 46.750 68301 0 4575 46p750
18301 46.750 46.750 68302 1 4575 46p750
18302 46.750 46.750 68303 2 4575 46p750
18303 46.750 46.750 68304 3 4575 46p750
18304 46.760 46.760 68305 0 4576 46p760
18305 46.760 46.760 68306 1 4576 46p760
18306 46.760 46.760 68307 2 4576 46p760
18307 46.760 46.760 68308 3 4576 46p760
18308 46.770 46.770 68309 0 4577 46p770
18309 46.770 46.770 68310 1 4577 46p770
18310 46.770 46.770 68311 2 4577 46p770
18311 46.770 46.770 68312 3 4577 46p770
18312 46.780 46.780 68313 0 4578 46p780
18313 46.780 46.780 68314 1 4578 46p780
18314 46.780 46.780 68315 2 4578 46p780
18315 46.780 46.780 68316 3 4578 46p780
18316 46.790 46.790 68317 0 4579 46p790
18317 46.790 46.790 68318 1 4579 46p790
18318 46.790 46.790 68319 2 4579 46p790
18319 46.790 46.790 68320 3 4579 46p790
18320 46.800 46.800 68321 0 4580 46p800
18321 46.800 46.800 68322 1 4580 46p800
18322 46.800 46.800 68323 2 4580 46p800
18323 46.800 46.800 68324 3 4580 46p800
18324 46.810 46.810 68325 0 4581 46p810
18325 46.810 46.810 68326 1 4581 46p810
18326 46.810 46.810 68327 2 4581 46p810
18327 46.810 46.810 68328 3 4581 46p810
18328 46.820 46.820 68329 0 4582 46p820
18329 46.820 46.820 68330 1 4582 46p820
18330 46.820 46.820 68331 2 4582 46p820
18331 46.820 46.820 68332 3 4582 46p820
18332 46.830 46.830 68333 0 4583 46p830
18333 46.830 46.830 68334 1 4583 46p830
18334 46.830 46.830 68335 2 4583 46p830
18335 46.830 46.830 68336 3 4583 46p830
18336 46.840 46.840 68337 0 4584 46p840
18337 46.840 46.840 68338 1 4584 46p840
18338 46.840 46.840 68339 2 4584 46p840
18339 46.840 46.840 68340 3 4584 46p840
18340 46.850 46.850 68341 0 4585 46p850
18341 46.850 46.850 68342 1 4585 46p850
18342 46.850 46.850 68343 2 4585 46p850
18343 46.850 46.850 68344 3 4585 46p850
18344 46.860 46.860 68345 0 4586 46p860
18345 46.860 46.860 68346 1 4586 46p860
18346 46.860 46.860 68347 2 4586 46p860
18347 46.860 46.860 68348 3 4586 46p860
18348 46.870 46.870 68349 0 4587 46p870
18349 46.870 46.870 68350 1 4587 46p870
18350 46.870 46.870 68351 2 4587 46p870
18351 46.870 46.870 68352 3 4587 46p870
18352 46.880 46.880 68353 0 4588 46p880
18353 46.880 46.880 68354 1 4588 46p880
18354 46.880 46.880 68355 2 4588 46p880
18355 46.880 46.880 68356 3 4588 46p880
18356 46.890 46.890 68357 0 4589 46p890
18357 46.890 46.890 68358 1 4589 46p890
18358 46.890 46.890 68359 2 4589 46p890
18359 46.890 46.890 68360 3 4589 46p890
18360 46.900 46.900 68361 0 4590 46p900
18361 46.900 46.900 68362 1 4590 46p900
18362 46.900 46.900 68363 2 4590 46p900
18363 46.900 46.900 68364 3 4590 46p900
18364 46.910 46.910 68365 0 4591 46p910
18365 46.910 46.910 68366 1 4591 46p910
18366 46.910 46.910 68367 2 4591 46p910
18367 46.910 46.910 68368 3 4591 46p910
18368 46.920 46.920 68369 0 4592 46p920
18369 46.920 46.920 68370 1 4592 46p920
18370 46.920 46.920 68371 2 4592 46p920
18371 46.920 46.920 68372 3 4592 46p920
18372 46.930 46.930 68373 0 4593 46p930
18373 46.930 46.930 68374 1 4593 46p930
18374 46.930 46.930 68375 2 4593 46p930
18375 46.930 46.930 68376 3 4593 46p930
18376 46.940 46.940 68377 0 4594 46p940
18377 46.940 46.940 68378 1 4594 46p940
18378 46.940 46.940 68379 2 4594 46p940
18379 46.940 46.940 68380 3 4594 46p940
18380 46.950 46.950 68381 0 4595 46p950
18381 46.950 46.950 68382 1 4595 46p950
18382 46.950 46.950 68383 2 4595 46p950
18383 46.950 46.950 68384 3 4595 46p950
18384 46.960 46.960 68385 0 4596 46p960
18385 46.960 46.960 68386 1 4596 46p960
18386 46.960 46.960 68387 2 4596 46p960
18387 46.960 46.960 68388 3 4596 46p960
18388 46.970 46.970 68389 0 4597 46p970
18389 46.970 46.970 68390 1 4597 46p970
18390 46.970 46.970 68391 2 4597 46p970
18391 46.970 46.970 68392 3 4597 46p970
18392 46.980 46.980 68393 0 4598 46p980
18393 46.980 46.980 68394 1 4598 46p980
18394 46.980 46.980 68395 2 4598 46p980
18395 46.980 46.980 68396 3 4598 46p980
18396 46.990 46.990 68397 0 4599 46p990
18397 46.990 46.990 68398 1 4599 46p990
18398 46.990 46.990 68399 2 4599 46p990
18399 46.990 46.990 68400 3 4599 46p990
18400 47.000 47.000 68401 0 4600 47p000
18401 47.000 47.000 68402 1 4600 47p000
18402 47.000 47.000 68403 2 4600 47p000
18403 47.000 47.000 68404 3 4600 47p000
18404 47.010 47.010 68405 0 4601 47p010
18405 47.010 47.010 68406 1 4601 47p010
18406 47.010 47.010 68407 2 4601 47p010
18407 47.010 47.010 68408 3 4601 47p010
18408 47.020 47.020 68409 0 4602 47p020
18409 47.020 47.020 68410 1 4602 47p020
18410 47.020 47.020 68411 2 4602 47p020
18411 47.020 47.020 68412 3 4602 47p020
18412 47.030 47.030 68413 0 4603 47p030
18413 47.030 47.030 68414 1 4603 47p030
18414 47.030 47.030 68415 2 4603 47p030
18415 47.030 47.030 68416 3 4603 47p030
18416 47.040 47.040 68417 0 4604 47p040
18417 47.040 47.040 68418 1 4604 47p040
18418 47.040 47.040 68419 2 4604 47p040
18419 47.040 47.040 68420 3 4604 47p040
18420 47.050 47.050 68421 0 4605 47p050
18421 47.050 47.050 68422 1 4605 47p050
18422 47.050 47.050 68423 2 4605 47p050
18423 47.050 47.050 68424 3 4605 47p050
18424 47.060 47.060 68425 0 4606 47p060
18425 47.060 47.060 68426 1 4606 47p060
18426 47.060 47.060 68427 2 4606 47p060
18427 47.060 47.060 68428 3 4606 47p060
18428 47.070 47.070 68429 0 4607 47p070
18429 47.070 47.070 68430 1 4607 47p070
18430 47.070 47.070 68431 2 4607 47p070
18431 47.070 47.070 68432 3 4607 47p070
18432 47.080 47.080 68433 0 4608 47p080
18433 47.080 47.080 68434 1 4608 47p080
18434 47.080 47.080 68435 2 4608 47p080
18435 47.080 47.080 68436 3 4608 47p080
18436 47.090 47.090 68437 0 4609 47p090
18437 47.090 47.090 68438 1 4609 47p090
18438 47.090 47.090 68439 2 4609 47p090
18439 47.090 47.090 68440 3 4609 47p090
18440 47.100 47.100 68441 0 4610 47p100
18441 47.100 47.100 68442 1 4610 47p100
18442 47.100 47.100 68443 2 4610 47p100
18443 47.100 47.100 68444 3 4610 47p100
18444 47.110 47.110 68445 0 4611 47p110
18445 47.110 47.110 68446 1 4611 47p110
18446 47.110 47.110 68447 2 4611 47p110
18447 47.110 47.110 68448 3 4611 47p110
18448 47.120 47.120 68449 0 4612 47p120
18449 47.120 47.120 68450 1 4612 47p120
18450 47.120 47.120 68451 2 4612 47p120
18451 47.120 47.120 68452 3 4612 47p120
18452 47.130 47.130 68453 0 4613 47p130
18453 47.130 47.130 68454 1 4613 47p130
18454 47.130 47.130 68455 2 4613 47p130
18455 47.130 47.130 68456 3 4613 47p130
18456 47.140 47.140 68457 0 4614 47p140
18457 47.140 47.140 68458 1 4614 47p140
18458 47.140 47.140 68459 2 4614 47p140
18459 47.140 47.140 68460 3 4614 47p140
18460 47.150 47.150 68461 0 4615 47p150
18461 47.150 47.150 68462 1 4615 47p150
18462 47.150 47.150 68463 2 4615 47p150
18463 47.150 47.150 68464 3 4615 47p150
18464 47.160 47.160 68465 0 4616 47p160
18465 47.160 47.160 68466 1 4616 47p160
18466 47.160 47.160 68467 2 4616 47p160
18467 47.160 47.160 68468 3 4616 47p160
18468 47.170 47.170 68469 0 4617 47p170
18469 47.170 47.170 68470 1 4617 47p170
18470 47.170 47.170 68471 2 4617 47p170
18471 47.170 47.170 68472 3 4617 47p170
18472 47.180 47.180 68473 0 4618 47p180
18473 47.180 47.180 68474 1 4618 47p180
18474 47.180 47.180 68475 2 4618 47p180
18475 47.180 47.180 68476 3 4618 47p180
18476 47.190 47.190 68477 0 4619 47p190
18477 47.190 47.190 68478 1 4619 47p190
18478 47.190 47.190 68479 2 4619 47p190
18479 47.190 47.190 68480 3 4619 47p190
18480 47.200 47.200 68481 0 4620 47p200
18481 47.200 47.200 68482 1 4620 47p200
18482 47.200 47.200 68483 2 4620 47p200
18483 47.200 47.200 68484 3 4620 47p200
18484 47.210 47.210 68485 0 4621 47p210
18485 47.210 47.210 68486 1 4621 47p210
18486 47.210 47.210 68487 2 4621 47p210
18487 47.210 47.210 68488 3 4621 47p210
18488 47.220 47.220 68489 0 4622 47p220
18489 47.220 47.220 68490 1 4622 47p220
18490 47.220 47.220 68491 2 4622 47p220
18491 47.220 47.220 68492 3 4622 47p220
18492 47.230 47.230 68493 0 4623 47p230
18493 47.230 47.230 68494 1 4623 47p230
18494 47.230 47.230 68495 2 4623 47p230
18495 47.230 47.230 68496 3 4623 47p230
18496 47.240 47.240 68497 0 4624 47p240
18497 47.240 47.240 68498 1 4624 47p240
18498 47.240 47.240 68499 2 4624 47p240
18499 47.240 47.240 68500 3 4624 47p240
18500 47.250 47.250 68501 0 4625 47p250
18501 47.250 47.250 68502 1 4625 47p250
18502 47.250 47.250 68503 2 4625 47p250
18503 47.250 47.250 68504 3 4625 47p250
18504 47.260 47.260 68505 0 4626 47p260
18505 47.260 47.260 68506 1 4626 47p260
18506 47.260 47.260 68507 2 4626 47p260
18507 47.260 47.260 68508 3 4626 47p260
18508 47.270 47.270 68509 0 4627 47p270
18509 47.270 47.270 68510 1 4627 47p270
18510 47.270 47.270 68511 2 4627 47p270
18511 47.270 47.270 68512 3 4627 47p270
18512 47.280 47.280 68513 0 4628 47p280
18513 47.280 47.280 68514 1 4628 47p280
18514 47.280 47.280 68515 2 4628 47p280
18515 47.280 47.280 68516 3 4628 47p280
18516 47.290 47.290 68517 0 4629 47p290
18517 47.290 47.290 68518 1 4629 47p290
18518 47.290 47.290 68519 2 4629 47p290
18519 47.290 47.290 68520 3 4629 47p290
18520 47.300 47.300 68521 0 4630 47p300
18521 47.300 47.300 68522 1 4630 47p300
18522 47.300 47.300 68523 2 4630 47p300
18523 47.300 47.300 68524 3 4630 47p300
18524 47.310 47.310 68525 0 4631 47p310
18525 47.310 47.310 68526 1 4631 47p310
18526 47.310 47.310 68527 2 4631 47p310
18527 47.310 47.310 68528 3 4631 47p310
18528 47.320 47.320 68529 0 4632 47p320
18529 47.320 47.320 68530 1 4632 47p320
18530 47.320 47.320 68531 2 4632 47p320
18531 47.320 47.320 68532 3 4632 47p320
18532 47.330 47.330 68533 0 4633 47p330
18533 47.330 47.330 68534 1 4633 47p330
18534 47.330 47.330 68535 2 4633 47p330
18535 47.330 47.330 68536 3 4633 47p330
18536 47.340 47.340 68537 0 4634 47p340
18537 47.340 47.340 68538 1 4634 47p340
18538 47.340 47.340 68539 2 4634 47p340
18539 47.340 47.340 68540 3 4634 47p340
18540 47.350 47.350 68541 0 4635 47p350
18541 47.350 47.350 68542 1 4635 47p350
18542 47.350 47.350 68543 2 4635 47p350
18543 47.350 47.350 68544 3 4635 47p350
18544 47.360 47.360 68545 0 4636 47p360
18545 47.360 47.360 68546 1 4636 47p360
18546 47.360 47.360 68547 2 4636 47p360
18547 47.360 47.360 68548 3 4636 47p360
18548 47.370 47.370 68549 0 4637 47p370
18549 47.370 47.370 68550 1 4637 47p370
18550 47.370 47.370 68551 2 4637 47p370
18551 47.370 47.370 68552 3 4637 47p370
18552 47.380 47.380 68553 0 4638 47p380
18553 47.380 47.380 68554 1 4638 47p380
18554 47.380 47.380 68555 2 4638 47p380
18555 47.380 47.380 68556 3 4638 47p380
18556 47.390 47.390 68557 0 4639 47p390
18557 47.390 47.390 68558 1 4639 47p390
18558 47.390 47.390 68559 2 4639 47p390
18559 47.390 47.390 68560 3 4639 47p390
18560 47.400 47.400 68561 0 4640 47p400
18561 47.400 47.400 68562 1 4640 47p400
18562 47.400 47.400 68563 2 4640 47p400
18563 47.400 47.400 68564 3 4640 47p400
18564 47.410 47.410 68565 0 4641 47p410
18565 47.410 47.410 68566 1 4641 47p410
18566 47.410 47.410 68567 2 4641 47p410
18567 47.410 47.410 68568 3 4641 47p410
18568 47.420 47.420 68569 0 4642 47p420
18569 47.420 47.420 68570 1 4642 47p420
18570 47.420 47.420 68571 2 4642 47p420
18571 47.420 47.420 68572 3 4642 47p420
18572 47.430 47.430 68573 0 4643 47p430
18573 47.430 47.430 68574 1 4643 47p430
18574 47.430 47.430 68575 2 4643 47p430
18575 47.430 47.430 68576 3 4643 47p430
18576 47.440 47.440 68577 0 4644 47p440
18577 47.440 47.440 68578 1 4644 47p440
18578 47.440 47.440 68579 2 4644 47p440
18579 47.440 47.440 68580 3 4644 47p440
18580 47.450 47.450 68581 0 4645 47p450
18581 47.450 47.450 68582 1 4645 47p450
18582 47.450 47.450 68583 2 4645 47p450
18583 47.450 47.450 68584 3 4645 47p450
18584 47.460 47.460 68585 0 4646 47p460
18585 47.460 47.460 68586 1 4646 47p460
18586 47.460 47.460 68587 2 4646 47p460
18587 47.460 47.460 68588 3 4646 47p460
18588 47.470 47.470 68589 0 4647 47p470
18589 47.470 47.470 68590 1 4647 47p470
18590 47.470 47.470 68591 2 4647 47p470
18591 47.470 47.470 68592 3 4647 47p470
18592 47.480 47.480 68593 0 4648 47p480
18593 47.480 47.480 68594 1 4648 47p480
18594 47.480 47.480 68595 2 4648 47p480
18595 47.480 47.480 68596 3 4648 47p480
18596 47.490 47.490 68597 0 4649 47p490
18597 47.490 47.490 68598 1 4649 47p490
18598 47.490 47.490 68599 2 4649 47p490
18599 47.490 47.490 68600 3 4649 47p490
18600 47.500 47.500 68601 0 4650 47p500
18601 47.500 47.500 68602 1 4650 47p500
18602 47.500 47.500 68603 2 4650 47p500
18603 47.500 47.500 68604 3 4650 47p500
18604 47.510 47.510 68605 0 4651 47p510
18605 47.510 47.510 68606 1 4651 47p510
18606 47.510 47.510 68607 2 4651 47p510
18607 47.510 47.510 68608 3 4651 47p510
18608 47.520 47.520 68609 0 4652 47p520
18609 47.520 47.520 68610 1 4652 47p520
18610 47.520 47.520 68611 2 4652 47p520
18611 47.520 47.520 68612 3 4652 47p520
18612 47.530 47.530 68613 0 4653 47p530
18613 47.530 47.530 68614 1 4653 47p530
18614 47.530 47.530 68615 2 4653 47p530
18615 47.530 47.530 68616 3 4653 47p530
18616 47.540 47.540 68617 0 4654 47p540
18617 47.540 47.540 68618 1 4654 47p540
18618 47.540 47.540 68619 2 4654 47p540
18619 47.540 47.540 68620 3 4654 47p540
18620 47.550 47.550 68621 0 4655 47p550
18621 47.550 47.550 68622 1 4655 47p550
18622 47.550 47.550 68623 2 4655 47p550
18623 47.550 47.550 68624 3 4655 47p550
18624 47.560 47.560 68625 0 4656 47p560
18625 47.560 47.560 68626 1 4656 47p560
18626 47.560 47.560 68627 2 4656 47p560
18627 47.560 47.560 68628 3 4656 47p560
18628 47.570 47.570 68629 0 4657 47p570
18629 47.570 47.570 68630 1 4657 47p570
18630 47.570 47.570 68631 2 4657 47p570
18631 47.570 47.570 68632 3 4657 47p570
18632 47.580 47.580 68633 0 4658 47p580
18633 47.580 47.580 68634 1 4658 47p580
18634 47.580 47.580 68635 2 4658 47p580
18635 47.580 47.580 68636 3 4658 47p580
18636 47.590 47.590 68637 0 4659 47p590
18637 47.590 47.590 68638 1 4659 47p590
18638 47.590 47.590 68639 2 4659 47p590
18639 47.590 47.590 68640 3 4659 47p590
18640 47.600 47.600 68641 0 4660 47p600
18641 47.600 47.600 68642 1 4660 47p600
18642 47.600 47.600 68643 2 4660 47p600
18643 47.600 47.600 68644 3 4660 47p600
18644 47.610 47.610 68645 0 4661 47p610
18645 47.610 47.610 68646 1 4661 47p610
18646 47.610 47.610 68647 2 4661 47p610
18647 47.610 47.610 68648 3 4661 47p610
18648 47.620 47.620 68649 0 4662 47p620
18649 47.620 47.620 68650 1 4662 47p620
18650 47.620 47.620 68651 2 4662 47p620
18651 47.620 47.620 68652 3 4662 47p620
18652 47.630 47.630 68653 0 4663 47p630
18653 47.630 47.630 68654 1 4663 47p630
18654 47.630 47.630 68655 2 4663 47p630
18655 47.630 47.630 68656 3 4663 47p630
18656 47.640 47.640 68657 0 4664 47p640
18657 47.640 47.640 68658 1 4664 47p640
18658 47.640 47.640 68659 2 4664 47p640
18659 47.640 47.640 68660 3 4664 47p640
18660 47.650 47.650 68661 0 4665 47p650
18661 47.650 47.650 68662 1 4665 47p650
18662 47.650 47.650 68663 2 4665 47p650
18663 47.650 47.650 68664 3 4665 47p650
18664 47.660 47.660 68665 0 4666 47p660
18665 47.660 47.660 68666 1 4666 47p660
18666 47.660 47.660 68667 2 4666 47p660
18667 47.660 47.660 68668 3 4666 47p660
18668 47.670 47.670 68669 0 4667 47p670
18669 47.670 47.670 68670 1 4667 47p670
18670 47.670 47.670 68671 2 4667 47p670
18671 47.670 47.670 68672 3 4667 47p670
18672 47.680 47.680 68673 0 4668 47p680
18673 47.680 47.680 68674 1 4668 47p680
18674 47.680 47.680 68675 2 4668 47p680
18675 47.680 47.680 68676 3 4668 47p680
18676 47.690 47.690 68677 0 4669 47p690
18677 47.690 47.690 68678 1 4669 47p690
18678 47.690 47.690 68679 2 4669 47p690
18679 47.690 47.690 68680 3 4669 47p690
18680 47.700 47.700 68681 0 4670 47p700
18681 47.700 47.700 68682 1 4670 47p700
18682 47.700 47.700 68683 2 4670 47p700
18683 47.700 47.700 68684 3 4670 47p700
18684 47.710 47.710 68685 0 4671 47p710
18685 47.710 47.710 68686 1 4671 47p710
18686 47.710 47.710 68687 2 4671 47p710
18687 47.710 47.710 68688 3 4671 47p710
18688 47.720 47.720 68689 0 4672 47p720
18689 47.720 47.720 68690 1 4672 47p720
18690 47.720 47.720 68691 2 4672 47p720
18691 47.720 47.720 68692 3 4672 47p720
18692 47.730 47.730 68693 0 4673 47p730
18693 47.730 47.730 68694 1 4673 47p730
18694 47.730 47.730 68695 2 4673 47p730
18695 47.730 47.730 68696 3 4673 47p730
18696 47.740 47.740 68697 0 4674 47p740
18697 47.740 47.740 68698 1 4674 47p740
18698 47.740 47.740 68699 2 4674 47p740
18699 47.740 47.740 68700 3 4674 47p740
18700 47.750 47.750 68701 0 4675 47p750
18701 47.750 47.750 68702 1 4675 47p750
18702 47.750 47.750 68703 2 4675 47p750
18703 47.750 47.750 68704 3 4675 47p750
18704 47.760 47.760 68705 0 4676 47p760
18705 47.760 47.760 68706 1 4676 47p760
18706 47.760 47.760 68707 2 4676 47p760
18707 47.760 47.760 68708 3 4676 47p760
18708 47.770 47.770 68709 0 4677 47p770
18709 47.770 47.770 68710 1 4677 47p770
18710 47.770 47.770 68711 2 4677 47p770
18711 47.770 47.770 68712 3 4677 47p770
18712 47.780 47.780 68713 0 4678 47p780
18713 47.780 47.780 68714 1 4678 47p780
18714 47.780 47.780 68715 2 4678 47p780
18715 47.780 47.780 68716 3 4678 47p780
18716 47.790 47.790 68717 0 4679 47p790
18717 47.790 47.790 68718 1 4679 47p790
18718 47.790 47.790 68719 2 4679 47p790
18719 47.790 47.790 68720 3 4679 47p790
18720 47.800 47.800 68721 0 4680 47p800
18721 47.800 47.800 68722 1 4680 47p800
18722 47.800 47.800 68723 2 4680 47p800
18723 47.800 47.800 68724 3 4680 47p800
18724 47.810 47.810 68725 0 4681 47p810
18725 47.810 47.810 68726 1 4681 47p810
18726 47.810 47.810 68727 2 4681 47p810
18727 47.810 47.810 68728 3 4681 47p810
18728 47.820 47.820 68729 0 4682 47p820
18729 47.820 47.820 68730 1 4682 47p820
18730 47.820 47.820 68731 2 4682 47p820
18731 47.820 47.820 68732 3 4682 47p820
18732 47.830 47.830 68733 0 4683 47p830
18733 47.830 47.830 68734 1 4683 47p830
18734 47.830 47.830 68735 2 4683 47p830
18735 47.830 47.830 68736 3 4683 47p830
18736 47.840 47.840 68737 0 4684 47p840
18737 47.840 47.840 68738 1 4684 47p840
18738 47.840 47.840 68739 2 4684 47p840
18739 47.840 47.840 68740 3 4684 47p840
18740 47.850 47.850 68741 0 4685 47p850
18741 47.850 47.850 68742 1 4685 47p850
18742 47.850 47.850 68743 2 4685 47p850
18743 47.850 47.850 68744 3 4685 47p850
18744 47.860 47.860 68745 0 4686 47p860
18745 47.860 47.860 68746 1 4686 47p860
18746 47.860 47.860 68747 2 4686 47p860
18747 47.860 47.860 68748 3 4686 47p860
18748 47.870 47.870 68749 0 4687 47p870
18749 47.870 47.870 68750 1 4687 47p870
18750 47.870 47.870 68751 2 4687 47p870
18751 47.870 47.870 68752 3 4687 47p870
18752 47.880 47.880 68753 0 4688 47p880
18753 47.880 47.880 68754 1 4688 47p880
18754 47.880 47.880 68755 2 4688 47p880
18755 47.880 47.880 68756 3 4688 47p880
18756 47.890 47.890 68757 0 4689 47p890
18757 47.890 47.890 68758 1 4689 47p890
18758 47.890 47.890 68759 2 4689 47p890
18759 47.890 47.890 68760 3 4689 47p890
18760 47.900 47.900 68761 0 4690 47p900
18761 47.900 47.900 68762 1 4690 47p900
18762 47.900 47.900 68763 2 4690 47p900
18763 47.900 47.900 68764 3 4690 47p900
18764 47.910 47.910 68765 0 4691 47p910
18765 47.910 47.910 68766 1 4691 47p910
18766 47.910 47.910 68767 2 4691 47p910
18767 47.910 47.910 68768 3 4691 47p910
18768 47.920 47.920 68769 0 4692 47p920
18769 47.920 47.920 68770 1 4692 47p920
18770 47.920 47.920 68771 2 4692 47p920
18771 47.920 47.920 68772 3 4692 47p920
18772 47.930 47.930 68773 0 4693 47p930
18773 47.930 47.930 68774 1 4693 47p930
18774 47.930 47.930 68775 2 4693 47p930
18775 47.930 47.930 68776 3 4693 47p930
18776 47.940 47.940 68777 0 4694 47p940
18777 47.940 47.940 68778 1 4694 47p940
18778 47.940 47.940 68779 2 4694 47p940
18779 47.940 47.940 68780 3 4694 47p940
18780 47.950 47.950 68781 0 4695 47p950
18781 47.950 47.950 68782 1 4695 47p950
18782 47.950 47.950 68783 2 4695 47p950
18783 47.950 47.950 68784 3 4695 47p950
18784 47.960 47.960 68785 0 4696 47p960
18785 47.960 47.960 68786 1 4696 47p960
18786 47.960 47.960 68787 2 4696 47p960
18787 47.960 47.960 68788 3 4696 47p960
18788 47.970 47.970 68789 0 4697 47p970
18789 47.970 47.970 68790 1 4697 47p970
18790 47.970 47.970 68791 2 4697 47p970
18791 47.970 47.970 68792 3 4697 47p970
18792 47.980 47.980 68793 0 4698 47p980
18793 47.980 47.980 68794 1 4698 47p980
18794 47.980 47.980 68795 2 4698 47p980
18795 47.980 47.980 68796 3 4698 47p980
18796 47.990 47.990 68797 0 4699 47p990
18797 47.990 47.990 68798 1 4699 47p990
18798 47.990 47.990 68799 2 4699 47p990
18799 47.990 47.990 68800 3 4699 47p990
18800 48.000 48.000 68801 0 4700 48p000
18801 48.000 48.000 68802 1 4700 48p000
18802 48.000 48.000 68803 2 4700 48p000
18803 48.000 48.000 68804 3 4700 48p000
18804 48.010 48.010 68805 0 4701 48p010
18805 48.010 48.010 68806 1 4701 48p010
18806 48.010 48.010 68807 2 4701 48p010
18807 48.010 48.010 68808 3 4701 48p010
18808 48.020 48.020 68809 0 4702 48p020
18809 48.020 48.020 68810 1 4702 48p020
18810 48.020 48.020 68811 2 4702 48p020
18811 48.020 48.020 68812 3 4702 48p020
18812 48.030 48.030 68813 0 4703 48p030
18813 48.030 48.030 68814 1 4703 48p030
18814 48.030 48.030 68815 2 4703 48p030
18815 48.030 48.030 68816 3 4703 48p030
18816 48.040 48.040 68817 0 4704 48p040
18817 48.040 48.040 68818 1 4704 48p040
18818 48.040 48.040 68819 2 4704 48p040
18819 48.040 48.040 68820 3 4704 48p040
18820 48.050 48.050 68821 0 4705 48p050
18821 48.050 48.050 68822 1 4705 48p050
18822 48.050 48.050 68823 2 4705 48p050
18823 48.050 48.050 68824 3 4705 48p050
18824 48.060 48.060 68825 0 4706 48p060
18825 48.060 48.060 68826 1 4706 48p060
18826 48.060 48.060 68827 2 4706 48p060
18827 48.060 48.060 68828 3 4706 48p060
18828 48.070 48.070 68829 0 4707 48p070
18829 48.070 48.070 68830 1 4707 48p070
18830 48.070 48.070 68831 2 4707 48p070
18831 48.070 48.070 68832 3 4707 48p070
18832 48.080 48.080 68833 0 4708 48p080
18833 48.080 48.080 68834 1 4708 48p080
18834 48.080 48.080 68835 2 4708 48p080
18835 48.080 48.080 68836 3 4708 48p080
18836 48.090 48.090 68837 0 4709 48p090
18837 48.090 48.090 68838 1 4709 48p090
18838 48.090 48.090 68839 2 4709 48p090
18839 48.090 48.090 68840 3 4709 48p090
18840 48.100 48.100 68841 0 4710 48p100
18841 48.100 48.100 68842 1 4710 48p100
18842 48.100 48.100 68843 2 4710 48p100
18843 48.100 48.100 68844 3 4710 48p100
18844 48.110 48.110 68845 0 4711 48p110
18845 48.110 48.110 68846 1 4711 48p110
18846 48.110 48.110 68847 2 4711 48p110
18847 48.110 48.110 68848 3 4711 48p110
18848 48.120 48.120 68849 0 4712 48p120
18849 48.120 48.120 68850 1 4712 48p120
18850 48.120 48.120 68851 2 4712 48p120
18851 48.120 48.120 68852 3 4712 48p120
18852 48.130 48.130 68853 0 4713 48p130
18853 48.130 48.130 68854 1 4713 48p130
18854 48.130 48.130 68855 2 4713 48p130
18855 48.130 48.130 68856 3 4713 48p130
18856 48.140 48.140 68857 0 4714 48p140
18857 48.140 48.140 68858 1 4714 48p140
18858 48.140 48.140 68859 2 4714 48p140
18859 48.140 48.140 68860 3 4714 48p140
18860 48.150 48.150 68861 0 4715 48p150
18861 48.150 48.150 68862 1 4715 48p150
18862 48.150 48.150 68863 2 4715 48p150
18863 48.150 48.150 68864 3 4715 48p150
18864 48.160 48.160 68865 0 4716 48p160
18865 48.160 48.160 68866 1 4716 48p160
18866 48.160 48.160 68867 2 4716 48p160
18867 48.160 48.160 68868 3 4716 48p160
18868 48.170 48.170 68869 0 4717 48p170
18869 48.170 48.170 68870 1 4717 48p170
18870 48.170 48.170 68871 2 4717 48p170
18871 48.170 48.170 68872 3 4717 48p170
18872 48.180 48.180 68873 0 4718 48p180
18873 48.180 48.180 68874 1 4718 48p180
18874 48.180 48.180 68875 2 4718 48p180
18875 48.180 48.180 68876 3 4718 48p180
18876 48.190 48.190 68877 0 4719 48p190
18877 48.190 48.190 68878 1 4719 48p190
18878 48.190 48.190 68879 2 4719 48p190
18879 48.190 48.190 68880 3 4719 48p190
18880 48.200 48.200 68881 0 4720 48p200
18881 48.200 48.200 68882 1 4720 48p200
18882 48.200 48.200 68883 2 4720 48p200
18883 48.200 48.200 68884 3 4720 48p200
18884 48.210 48.210 68885 0 4721 48p210
18885 48.210 48.210 68886 1 4721 48p210
18886 48.210 48.210 68887 2 4721 48p210
18887 48.210 48.210 68888 3 4721 48p210
18888 48.220 48.220 68889 0 4722 48p220
18889 48.220 48.220 68890 1 4722 48p220
18890 48.220 48.220 68891 2 4722 48p220
18891 48.220 48.220 68892 3 4722 48p220
18892 48.230 48.230 68893 0 4723 48p230
18893 48.230 48.230 68894 1 4723 48p230
18894 48.230 48.230 68895 2 4723 48p230
18895 48.230 48.230 68896 3 4723 48p230
18896 48.240 48.240 68897 0 4724 48p240
18897 48.240 48.240 68898 1 4724 48p240
18898 48.240 48.240 68899 2 4724 48p240
18899 48.240 48.240 68900 3 4724 48p240
18900 48.250 48.250 68901 0 4725 48p250
18901 48.250 48.250 68902 1 4725 48p250
18902 48.250 48.250 68903 2 4725 48p250
18903 48.250 48.250 68904 3 4725 48p250
18904 48.260 48.260 68905 0 4726 48p260
18905 48.260 48.260 68906 1 4726 48p260
18906 48.260 48.260 68907 2 4726 48p260
18907 48.260 48.260 68908 3 4726 48p260
18908 48.270 48.270 68909 0 4727 48p270
18909 48.270 48.270 68910 1 4727 48p270
18910 48.270 48.270 68911 2 4727 48p270
18911 48.270 48.270 68912 3 4727 48p270
18912 48.280 48.280 68913 0 4728 48p280
18913 48.280 48.280 68914 1 4728 48p280
18914 48.280 48.280 68915 2 4728 48p280
18915 48.280 48.280 68916 3 4728 48p280
18916 48.290 48.290 68917 0 4729 48p290
18917 48.290 48.290 68918 1 4729 48p290
18918 48.290 48.290 68919 2 4729 48p290
18919 48.290 48.290 68920 3 4729 48p290
18920 48.300 48.300 68921 0 4730 48p300
18921 48.300 48.300 68922 1 4730 48p300
18922 48.300 48.300 68923 2 4730 48p300
18923 48.300 48.300 68924 3 4730 48p300
18924 48.310 48.310 68925 0 4731 48p310
18925 48.310 48.310 68926 1 4731 48p310
18926 48.310 48.310 68927 2 4731 48p310
18927 48.310 48.310 68928 3 4731 48p310
18928 48.320 48.320 68929 0 4732 48p320
18929 48.320 48.320 68930 1 4732 48p320
18930 48.320 48.320 68931 2 4732 48p320
18931 48.320 48.320 68932 3 4732 48p320
18932 48.330 48.330 68933 0 4733 48p330
18933 48.330 48.330 68934 1 4733 48p330
18934 48.330 48.330 68935 2 4733 48p330
18935 48.330 48.330 68936 3 4733 48p330
18936 48.340 48.340 68937 0 4734 48p340
18937 48.340 48.340 68938 1 4734 48p340
18938 48.340 48.340 68939 2 4734 48p340
18939 48.340 48.340 68940 3 4734 48p340
18940 48.350 48.350 68941 0 4735 48p350
18941 48.350 48.350 68942 1 4735 48p350
18942 48.350 48.350 68943 2 4735 48p350
18943 48.350 48.350 68944 3 4735 48p350
18944 48.360 48.360 68945 0 4736 48p360
18945 48.360 48.360 68946 1 4736 48p360
18946 48.360 48.360 68947 2 4736 48p360
18947 48.360 48.360 68948 3 4736 48p360
18948 48.370 48.370 68949 0 4737 48p370
18949 48.370 48.370 68950 1 4737 48p370
18950 48.370 48.370 68951 2 4737 48p370
18951 48.370 48.370 68952 3 4737 48p370
18952 48.380 48.380 68953 0 4738 48p380
18953 48.380 48.380 68954 1 4738 48p380
18954 48.380 48.380 68955 2 4738 48p380
18955 48.380 48.380 68956 3 4738 48p380
18956 48.390 48.390 68957 0 4739 48p390
18957 48.390 48.390 68958 1 4739 48p390
18958 48.390 48.390 68959 2 4739 48p390
18959 48.390 48.390 68960 3 4739 48p390
18960 48.400 48.400 68961 0 4740 48p400
18961 48.400 48.400 68962 1 4740 48p400
18962 48.400 48.400 68963 2 4740 48p400
18963 48.400 48.400 68964 3 4740 48p400
18964 48.410 48.410 68965 0 4741 48p410
18965 48.410 48.410 68966 1 4741 48p410
18966 48.410 48.410 68967 2 4741 48p410
18967 48.410 48.410 68968 3 4741 48p410
18968 48.420 48.420 68969 0 4742 48p420
18969 48.420 48.420 68970 1 4742 48p420
18970 48.420 48.420 68971 2 4742 48p420
18971 48.420 48.420 68972 3 4742 48p420
18972 48.430 48.430 68973 0 4743 48p430
18973 48.430 48.430 68974 1 4743 48p430
18974 48.430 48.430 68975 2 4743 48p430
18975 48.430 48.430 68976 3 4743 48p430
18976 48.440 48.440 68977 0 4744 48p440
18977 48.440 48.440 68978 1 4744 48p440
18978 48.440 48.440 68979 2 4744 48p440
18979 48.440 48.440 68980 3 4744 48p440
18980 48.450 48.450 68981 0 4745 48p450
18981 48.450 48.450 68982 1 4745 48p450
18982 48.450 48.450 68983 2 4745 48p450
18983 48.450 48.450 68984 3 4745 48p450
18984 48.460 48.460 68985 0 4746 48p460
18985 48.460 48.460 68986 1 4746 48p460
18986 48.460 48.460 68987 2 4746 48p460
18987 48.460 48.460 68988 3 4746 48p460
18988 48.470 48.470 68989 0 4747 48p470
18989 48.470 48.470 68990 1 4747 48p470
18990 48.470 48.470 68991 2 4747 48p470
18991 48.470 48.470 68992 3 4747 48p470
18992 48.480 48.480 68993 0 4748 48p480
18993 48.480 48.480 68994 1 4748 48p480
18994 48.480 48.480 68995 2 4748 48p480
18995 48.480 48.480 68996 3 4748 48p480
18996 48.490 48.490 68997 0 4749 48p490
18997 48.490 48.490 68998 1 4749 48p490
18998 48.490 48.490 68999 2 4749 48p490
18999 48.490 48.490 69000 3 4749 48p490
19000 48.500 48.500 69001 0 4750 48p500
19001 48.500 48.500 69002 1 4750 48p500
19002 48.500 48.500 69003 2 4750 48p500
19003 48.500 48.500 69004 3 4750 48p500
19004 48.510 48.510 69005 0 4751 48p510
19005 48.510 48.510 69006 1 4751 48p510
19006 48.510 48.510 69007 2 4751 48p510
19007 48.510 48.510 69008 3 4751 48p510
19008 48.520 48.520 69009 0 4752 48p520
19009 48.520 48.520 69010 1 4752 48p520
19010 48.520 48.520 69011 2 4752 48p520
19011 48.520 48.520 69012 3 4752 48p520
19012 48.530 48.530 69013 0 4753 48p530
19013 48.530 48.530 69014 1 4753 48p530
19014 48.530 48.530 69015 2 4753 48p530
19015 48.530 48.530 69016 3 4753 48p530
19016 48.540 48.540 69017 0 4754 48p540
19017 48.540 48.540 69018 1 4754 48p540
19018 48.540 48.540 69019 2 4754 48p540
19019 48.540 48.540 69020 3 4754 48p540
19020 48.550 48.550 69021 0 4755 48p550
19021 48.550 48.550 69022 1 4755 48p550
19022 48.550 48.550 69023 2 4755 48p550
19023 48.550 48.550 69024 3 4755 48p550
19024 48.560 48.560 69025 0 4756 48p560
19025 48.560 48.560 69026 1 4756 48p560
19026 48.560 48.560 69027 2 4756 48p560
19027 48.560 48.560 69028 3 4756 48p560
19028 48.570 48.570 69029 0 4757 48p570
19029 48.570 48.570 69030 1 4757 48p570
19030 48.570 48.570 69031 2 4757 48p570
19031 48.570 48.570 69032 3 4757 48p570
19032 48.580 48.580 69033 0 4758 48p580
19033 48.580 48.580 69034 1 4758 48p580
19034 48.580 48.580 69035 2 4758 48p580
19035 48.580 48.580 69036 3 4758 48p580
19036 48.590 48.590 69037 0 4759 48p590
19037 48.590 48.590 69038 1 4759 48p590
19038 48.590 48.590 69039 2 4759 48p590
19039 48.590 48.590 69040 3 4759 48p590
19040 48.600 48.600 69041 0 4760 48p600
19041 48.600 48.600 69042 1 4760 48p600
19042 48.600 48.600 69043 2 4760 48p600
19043 48.600 48.600 69044 3 4760 48p600
19044 48.610 48.610 69045 0 4761 48p610
19045 48.610 48.610 69046 1 4761 48p610
19046 48.610 48.610 69047 2 4761 48p610
19047 48.610 48.610 69048 3 4761 48p610
19048 48.620 48.620 69049 0 4762 48p620
19049 48.620 48.620 69050 1 4762 48p620
19050 48.620 48.620 69051 2 4762 48p620
19051 48.620 48.620 69052 3 4762 48p620
19052 48.630 48.630 69053 0 4763 48p630
19053 48.630 48.630 69054 1 4763 48p630
19054 48.630 48.630 69055 2 4763 48p630
19055 48.630 48.630 69056 3 4763 48p630
19056 48.640 48.640 69057 0 4764 48p640
19057 48.640 48.640 69058 1 4764 48p640
19058 48.640 48.640 69059 2 4764 48p640
19059 48.640 48.640 69060 3 4764 48p640
19060 48.650 48.650 69061 0 4765 48p650
19061 48.650 48.650 69062 1 4765 48p650
19062 48.650 48.650 69063 2 4765 48p650
19063 48.650 48.650 69064 3 4765 48p650
19064 48.660 48.660 69065 0 4766 48p660
19065 48.660 48.660 69066 1 4766 48p660
19066 48.660 48.660 69067 2 4766 48p660
19067 48.660 48.660 69068 3 4766 48p660
19068 48.670 48.670 69069 0 4767 48p670
19069 48.670 48.670 69070 1 4767 48p670
19070 48.670 48.670 69071 2 4767 48p670
19071 48.670 48.670 69072 3 4767 48p670
19072 48.680 48.680 69073 0 4768 48p680
19073 48.680 48.680 69074 1 4768 48p680
19074 48.680 48.680 69075 2 4768 48p680
19075 48.680 48.680 69076 3 4768 48p680
19076 48.690 48.690 69077 0 4769 48p690
19077 48.690 48.690 69078 1 4769 48p690
19078 48.690 48.690 69079 2 4769 48p690
19079 48.690 48.690 69080 3 4769 48p690
19080 48.700 48.700 69081 0 4770 48p700
19081 48.700 48.700 69082 1 4770 48p700
19082 48.700 48.700 69083 2 4770 48p700
19083 48.700 48.700 69084 3 4770 48p700
19084 48.710 48.710 69085 0 4771 48p710
19085 48.710 48.710 69086 1 4771 48p710
19086 48.710 48.710 69087 2 4771 48p710
19087 48.710 48.710 69088 3 4771 48p710
19088 48.720 48.720 69089 0 4772 48p720
19089 48.720 48.720 69090 1 4772 48p720
19090 48.720 48.720 69091 2 4772 48p720
19091 48.720 48.720 69092 3 4772 48p720
19092 48.730 48.730 69093 0 4773 48p730
19093 48.730 48.730 69094 1 4773 48p730
19094 48.730 48.730 69095 2 4773 48p730
19095 48.730 48.730 69096 3 4773 48p730
19096 48.740 48.740 69097 0 4774 48p740
19097 48.740 48.740 69098 1 4774 48p740
19098 48.740 48.740 69099 2 4774 48p740
19099 48.740 48.740 69100 3 4774 48p740
19100 48.750 48.750 69101 0 4775 48p750
19101 48.750 48.750 69102 1 4775 48p750
19102 48.750 48.750 69103 2 4775 48p750
19103 48.750 48.750 69104 3 4775 48p750
19104 48.760 48.760 69105 0 4776 48p760
19105 48.760 48.760 69106 1 4776 48p760
19106 48.760 48.760 69107 2 4776 48p760
19107 48.760 48.760 69108 3 4776 48p760
19108 48.770 48.770 69109 0 4777 48p770
19109 48.770 48.770 69110 1 4777 48p770
19110 48.770 48.770 69111 2 4777 48p770
19111 48.770 48.770 69112 3 4777 48p770
19112 48.780 48.780 69113 0 4778 48p780
19113 48.780 48.780 69114 1 4778 48p780
19114 48.780 48.780 69115 2 4778 48p780
19115 48.780 48.780 69116 3 4778 48p780
19116 48.790 48.790 69117 0 4779 48p790
19117 48.790 48.790 69118 1 4779 48p790
19118 48.790 48.790 69119 2 4779 48p790
19119 48.790 48.790 69120 3 4779 48p790
19120 48.800 48.800 69121 0 4780 48p800
19121 48.800 48.800 69122 1 4780 48p800
19122 48.800 48.800 69123 2 4780 48p800
19123 48.800 48.800 69124 3 4780 48p800
19124 48.810 48.810 69125 0 4781 48p810
19125 48.810 48.810 69126 1 4781 48p810
19126 48.810 48.810 69127 2 4781 48p810
19127 48.810 48.810 69128 3 4781 48p810
19128 48.820 48.820 69129 0 4782 48p820
19129 48.820 48.820 69130 1 4782 48p820
19130 48.820 48.820 69131 2 4782 48p820
19131 48.820 48.820 69132 3 4782 48p820
19132 48.830 48.830 69133 0 4783 48p830
19133 48.830 48.830 69134 1 4783 48p830
19134 48.830 48.830 69135 2 4783 48p830
19135 48.830 48.830 69136 3 4783 48p830
19136 48.840 48.840 69137 0 4784 48p840
19137 48.840 48.840 69138 1 4784 48p840
19138 48.840 48.840 69139 2 4784 48p840
19139 48.840 48.840 69140 3 4784 48p840
19140 48.850 48.850 69141 0 4785 48p850
19141 48.850 48.850 69142 1 4785 48p850
19142 48.850 48.850 69143 2 4785 48p850
19143 48.850 48.850 69144 3 4785 48p850
19144 48.860 48.860 69145 0 4786 48p860
19145 48.860 48.860 69146 1 4786 48p860
19146 48.860 48.860 69147 2 4786 48p860
19147 48.860 48.860 69148 3 4786 48p860
19148 48.870 48.870 69149 0 4787 48p870
19149 48.870 48.870 69150 1 4787 48p870
19150 48.870 48.870 69151 2 4787 48p870
19151 48.870 48.870 69152 3 4787 48p870
19152 48.880 48.880 69153 0 4788 48p880
19153 48.880 48.880 69154 1 4788 48p880
19154 48.880 48.880 69155 2 4788 48p880
19155 48.880 48.880 69156 3 4788 48p880
19156 48.890 48.890 69157 0 4789 48p890
19157 48.890 48.890 69158 1 4789 48p890
19158 48.890 48.890 69159 2 4789 48p890
19159 48.890 48.890 69160 3 4789 48p890
19160 48.900 48.900 69161 0 4790 48p900
19161 48.900 48.900 69162 1 4790 48p900
19162 48.900 48.900 69163 2 4790 48p900
19163 48.900 48.900 69164 3 4790 48p900
19164 48.910 48.910 69165 0 4791 48p910
19165 48.910 48.910 69166 1 4791 48p910
19166 48.910 48.910 69167 2 4791 48p910
19167 48.910 48.910 69168 3 4791 48p910
19168 48.920 48.920 69169 0 4792 48p920
19169 48.920 48.920 69170 1 4792 48p920
19170 48.920 48.920 69171 2 4792 48p920
19171 48.920 48.920 69172 3 4792 48p920
19172 48.930 48.930 69173 0 4793 48p930
19173 48.930 48.930 69174 1 4793 48p930
19174 48.930 48.930 69175 2 4793 48p930
19175 48.930 48.930 69176 3 4793 48p930
19176 48.940 48.940 69177 0 4794 48p940
19177 48.940 48.940 69178 1 4794 48p940
19178 48.940 48.940 69179 2 4794 48p940
19179 48.940 48.940 69180 3 4794 48p940
19180 48.950 48.950 69181 0 4795 48p950
19181 48.950 48.950 69182 1 4795 48p950
19182 48.950 48.950 69183 2 4795 48p950
19183 48.950 48.950 69184 3 4795 48p950
19184 48.960 48.960 69185 0 4796 48p960
19185 48.960 48.960 69186 1 4796 48p960
19186 48.960 48.960 69187 2 4796 48p960
19187 48.960 48.960 69188 3 4796 48p960
19188 48.970 48.970 69189 0 4797 48p970
19189 48.970 48.970 69190 1 4797 48p970
19190 48.970 48.970 69191 2 4797 48p970
19191 48.970 48.970 69192 3 4797 48p970
19192 48.980 48.980 69193 0 4798 48p980
19193 48.980 48.980 69194 1 4798 48p980
19194 48.980 48.980 69195 2 4798 48p980
19195 48.980 48.980 69196 3 4798 48p980
19196 48.990 48.990 69197 0 4799 48p990
19197 48.990 48.990 69198 1 4799 48p990
19198 48.990 48.990 69199 2 4799 48p990
19199 48.990 48.990 69200 3 4799 48p990
19200 49.000 49.000 69201 0 4800 49p000
19201 49.000 49.000 69202 1 4800 49p000
19202 49.000 49.000 69203 2 4800 49p000
19203 49.000 49.000 69204 3 4800 49p000
19204 49.010 49.010 69205 0 4801 49p010
19205 49.010 49.010 69206 1 4801 49p010
19206 49.010 49.010 69207 2 4801 49p010
19207 49.010 49.010 69208 3 4801 49p010
19208 49.020 49.020 69209 0 4802 49p020
19209 49.020 49.020 69210 1 4802 49p020
19210 49.020 49.020 69211 2 4802 49p020
19211 49.020 49.020 69212 3 4802 49p020
19212 49.030 49.030 69213 0 4803 49p030
19213 49.030 49.030 69214 1 4803 49p030
19214 49.030 49.030 69215 2 4803 49p030
19215 49.030 49.030 69216 3 4803 49p030
19216 49.040 49.040 69217 0 4804 49p040
19217 49.040 49.040 69218 1 4804 49p040
19218 49.040 49.040 69219 2 4804 49p040
19219 49.040 49.040 69220 3 4804 49p040
19220 49.050 49.050 69221 0 4805 49p050
19221 49.050 49.050 69222 1 4805 49p050
19222 49.050 49.050 69223 2 4805 49p050
19223 49.050 49.050 69224 3 4805 49p050
19224 49.060 49.060 69225 0 4806 49p060
19225 49.060 49.060 69226 1 4806 49p060
19226 49.060 49.060 69227 2 4806 49p060
19227 49.060 49.060 69228 3 4806 49p060
19228 49.070 49.070 69229 0 4807 49p070
19229 49.070 49.070 69230 1 4807 49p070
19230 49.070 49.070 69231 2 4807 49p070
19231 49.070 49.070 69232 3 4807 49p070
19232 49.080 49.080 69233 0 4808 49p080
19233 49.080 49.080 69234 1 4808 49p080
19234 49.080 49.080 69235 2 4808 49p080
19235 49.080 49.080 69236 3 4808 49p080
19236 49.090 49.090 69237 0 4809 49p090
19237 49.090 49.090 69238 1 4809 49p090
19238 49.090 49.090 69239 2 4809 49p090
19239 49.090 49.090 69240 3 4809 49p090
19240 49.100 49.100 69241 0 4810 49p100
19241 49.100 49.100 69242 1 4810 49p100
19242 49.100 49.100 69243 2 4810 49p100
19243 49.100 49.100 69244 3 4810 49p100
19244 49.110 49.110 69245 0 4811 49p110
19245 49.110 49.110 69246 1 4811 49p110
19246 49.110 49.110 69247 2 4811 49p110
19247 49.110 49.110 69248 3 4811 49p110
19248 49.120 49.120 69249 0 4812 49p120
19249 49.120 49.120 69250 1 4812 49p120
19250 49.120 49.120 69251 2 4812 49p120
19251 49.120 49.120 69252 3 4812 49p120
19252 49.130 49.130 69253 0 4813 49p130
19253 49.130 49.130 69254 1 4813 49p130
19254 49.130 49.130 69255 2 4813 49p130
19255 49.130 49.130 69256 3 4813 49p130
19256 49.140 49.140 69257 0 4814 49p140
19257 49.140 49.140 69258 1 4814 49p140
19258 49.140 49.140 69259 2 4814 49p140
19259 49.140 49.140 69260 3 4814 49p140
19260 49.150 49.150 69261 0 4815 49p150
19261 49.150 49.150 69262 1 4815 49p150
19262 49.150 49.150 69263 2 4815 49p150
19263 49.150 49.150 69264 3 4815 49p150
19264 49.160 49.160 69265 0 4816 49p160
19265 49.160 49.160 69266 1 4816 49p160
19266 49.160 49.160 69267 2 4816 49p160
19267 49.160 49.160 69268 3 4816 49p160
19268 49.170 49.170 69269 0 4817 49p170
19269 49.170 49.170 69270 1 4817 49p170
19270 49.170 49.170 69271 2 4817 49p170
19271 49.170 49.170 69272 3 4817 49p170
19272 49.180 49.180 69273 0 4818 49p180
19273 49.180 49.180 69274 1 4818 49p180
19274 49.180 49.180 69275 2 4818 49p180
19275 49.180 49.180 69276 3 4818 49p180
19276 49.190 49.190 69277 0 4819 49p190
19277 49.190 49.190 69278 1 4819 49p190
19278 49.190 49.190 69279 2 4819 49p190
19279 49.190 49.190 69280 3 4819 49p190
19280 49.200 49.200 69281 0 4820 49p200
19281 49.200 49.200 69282 1 4820 49p200
19282 49.200 49.200 69283 2 4820 49p200
19283 49.200 49.200 69284 3 4820 49p200
19284 49.210 49.210 69285 0 4821 49p210
19285 49.210 49.210 69286 1 4821 49p210
19286 49.210 49.210 69287 2 4821 49p210
19287 49.210 49.210 69288 3 4821 49p210
19288 49.220 49.220 69289 0 4822 49p220
19289 49.220 49.220 69290 1 4822 49p220
19290 49.220 49.220 69291 2 4822 49p220
19291 49.220 49.220 69292 3 4822 49p220
19292 49.230 49.230 69293 0 4823 49p230
19293 49.230 49.230 69294 1 4823 49p230
19294 49.230 49.230 69295 2 4823 49p230
19295 49.230 49.230 69296 3 4823 49p230
19296 49.240 49.240 69297 0 4824 49p240
19297 49.240 49.240 69298 1 4824 49p240
19298 49.240 49.240 69299 2 4824 49p240
19299 49.240 49.240 69300 3 4824 49p240
19300 49.250 49.250 69301 0 4825 49p250
19301 49.250 49.250 69302 1 4825 49p250
19302 49.250 49.250 69303 2 4825 49p250
19303 49.250 49.250 69304 3 4825 49p250
19304 49.260 49.260 69305 0 4826 49p260
19305 49.260 49.260 69306 1 4826 49p260
19306 49.260 49.260 69307 2 4826 49p260
19307 49.260 49.260 69308 3 4826 49p260
19308 49.270 49.270 69309 0 4827 49p270
19309 49.270 49.270 69310 1 4827 49p270
19310 49.270 49.270 69311 2 4827 49p270
19311 49.270 49.270 69312 3 4827 49p270
19312 49.280 49.280 69313 0 4828 49p280
19313 49.280 49.280 69314 1 4828 49p280
19314 49.280 49.280 69315 2 4828 49p280
19315 49.280 49.280 69316 3 4828 49p280
19316 49.290 49.290 69317 0 4829 49p290
19317 49.290 49.290 69318 1 4829 49p290
19318 49.290 49.290 69319 2 4829 49p290
19319 49.290 49.290 69320 3 4829 49p290
19320 49.300 49.300 69321 0 4830 49p300
19321 49.300 49.300 69322 1 4830 49p300
19322 49.300 49.300 69323 2 4830 49p300
19323 49.300 49.300 69324 3 4830 49p300
19324 49.310 49.310 69325 0 4831 49p310
19325 49.310 49.310 69326 1 4831 49p310
19326 49.310 49.310 69327 2 4831 49p310
19327 49.310 49.310 69328 3 4831 49p310
19328 49.320 49.320 69329 0 4832 49p320
19329 49.320 49.320 69330 1 4832 49p320
19330 49.320 49.320 69331 2 4832 49p320
19331 49.320 49.320 69332 3 4832 49p320
19332 49.330 49.330 69333 0 4833 49p330
19333 49.330 49.330 69334 1 4833 49p330
19334 49.330 49.330 69335 2 4833 49p330
19335 49.330 49.330 69336 3 4833 49p330
19336 49.340 49.340 69337 0 4834 49p340
19337 49.340 49.340 69338 1 4834 49p340
19338 49.340 49.340 69339 2 4834 49p340
19339 49.340 49.340 69340 3 4834 49p340
19340 49.350 49.350 69341 0 4835 49p350
19341 49.350 49.350 69342 1 4835 49p350
19342 49.350 49.350 69343 2 4835 49p350
19343 49.350 49.350 69344 3 4835 49p350
19344 49.360 49.360 69345 0 4836 49p360
19345 49.360 49.360 69346 1 4836 49p360
19346 49.360 49.360 69347 2 4836 49p360
19347 49.360 49.360 69348 3 4836 49p360
19348 49.370 49.370 69349 0 4837 49p370
19349 49.370 49.370 69350 1 4837 49p370
19350 49.370 49.370 69351 2 4837 49p370
19351 49.370 49.370 69352 3 4837 49p370
19352 49.380 49.380 69353 0 4838 49p380
19353 49.380 49.380 69354 1 4838 49p380
19354 49.380 49.380 69355 2 4838 49p380
19355 49.380 49.380 69356 3 4838 49p380
19356 49.390 49.390 69357 0 4839 49p390
19357 49.390 49.390 69358 1 4839 49p390
19358 49.390 49.390 69359 2 4839 49p390
19359 49.390 49.390 69360 3 4839 49p390
19360 49.400 49.400 69361 0 4840 49p400
19361 49.400 49.400 69362 1 4840 49p400
19362 49.400 49.400 69363 2 4840 49p400
19363 49.400 49.400 69364 3 4840 49p400
19364 49.410 49.410 69365 0 4841 49p410
19365 49.410 49.410 69366 1 4841 49p410
19366 49.410 49.410 69367 2 4841 49p410
19367 49.410 49.410 69368 3 4841 49p410
19368 49.420 49.420 69369 0 4842 49p420
19369 49.420 49.420 69370 1 4842 49p420
19370 49.420 49.420 69371 2 4842 49p420
19371 49.420 49.420 69372 3 4842 49p420
19372 49.430 49.430 69373 0 4843 49p430
19373 49.430 49.430 69374 1 4843 49p430
19374 49.430 49.430 69375 2 4843 49p430
19375 49.430 49.430 69376 3 4843 49p430
19376 49.440 49.440 69377 0 4844 49p440
19377 49.440 49.440 69378 1 4844 49p440
19378 49.440 49.440 69379 2 4844 49p440
19379 49.440 49.440 69380 3 4844 49p440
19380 49.450 49.450 69381 0 4845 49p450
19381 49.450 49.450 69382 1 4845 49p450
19382 49.450 49.450 69383 2 4845 49p450
19383 49.450 49.450 69384 3 4845 49p450
19384 49.460 49.460 69385 0 4846 49p460
19385 49.460 49.460 69386 1 4846 49p460
19386 49.460 49.460 69387 2 4846 49p460
19387 49.460 49.460 69388 3 4846 49p460
19388 49.470 49.470 69389 0 4847 49p470
19389 49.470 49.470 69390 1 4847 49p470
19390 49.470 49.470 69391 2 4847 49p470
19391 49.470 49.470 69392 3 4847 49p470
19392 49.480 49.480 69393 0 4848 49p480
19393 49.480 49.480 69394 1 4848 49p480
19394 49.480 49.480 69395 2 4848 49p480
19395 49.480 49.480 69396 3 4848 49p480
19396 49.490 49.490 69397 0 4849 49p490
19397 49.490 49.490 69398 1 4849 49p490
19398 49.490 49.490 69399 2 4849 49p490
19399 49.490 49.490 69400 3 4849 49p490
19400 49.500 49.500 69401 0 4850 49p500
19401 49.500 49.500 69402 1 4850 49p500
19402 49.500 49.500 69403 2 4850 49p500
19403 49.500 49.500 69404 3 4850 49p500
19404 49.510 49.510 69405 0 4851 49p510
19405 49.510 49.510 69406 1 4851 49p510
19406 49.510 49.510 69407 2 4851 49p510
19407 49.510 49.510 69408 3 4851 49p510
19408 49.520 49.520 69409 0 4852 49p520
19409 49.520 49.520 69410 1 4852 49p520
19410 49.520 49.520 69411 2 4852 49p520
19411 49.520 49.520 69412 3 4852 49p520
19412 49.530 49.530 69413 0 4853 49p530
19413 49.530 49.530 69414 1 4853 49p530
19414 49.530 49.530 69415 2 4853 49p530
19415 49.530 49.530 69416 3 4853 49p530
19416 49.540 49.540 69417 0 4854 49p540
19417 49.540 49.540 69418 1 4854 49p540
19418 49.540 49.540 69419 2 4854 49p540
19419 49.540 49.540 69420 3 4854 49p540
19420 49.550 49.550 69421 0 4855 49p550
19421 49.550 49.550 69422 1 4855 49p550
19422 49.550 49.550 69423 2 4855 49p550
19423 49.550 49.550 69424 3 4855 49p550
19424 49.560 49.560 69425 0 4856 49p560
19425 49.560 49.560 69426 1 4856 49p560
19426 49.560 49.560 69427 2 4856 49p560
19427 49.560 49.560 69428 3 4856 49p560
19428 49.570 49.570 69429 0 4857 49p570
19429 49.570 49.570 69430 1 4857 49p570
19430 49.570 49.570 69431 2 4857 49p570
19431 49.570 49.570 69432 3 4857 49p570
19432 49.580 49.580 69433 0 4858 49p580
19433 49.580 49.580 69434 1 4858 49p580
19434 49.580 49.580 69435 2 4858 49p580
19435 49.580 49.580 69436 3 4858 49p580
19436 49.590 49.590 69437 0 4859 49p590
19437 49.590 49.590 69438 1 4859 49p590
19438 49.590 49.590 69439 2 4859 49p590
19439 49.590 49.590 69440 3 4859 49p590
19440 49.600 49.600 69441 0 4860 49p600
19441 49.600 49.600 69442 1 4860 49p600
19442 49.600 49.600 69443 2 4860 49p600
19443 49.600 49.600 69444 3 4860 49p600
19444 49.610 49.610 69445 0 4861 49p610
19445 49.610 49.610 69446 1 4861 49p610
19446 49.610 49.610 69447 2 4861 49p610
19447 49.610 49.610 69448 3 4861 49p610
19448 49.620 49.620 69449 0 4862 49p620
19449 49.620 49.620 69450 1 4862 49p620
19450 49.620 49.620 69451 2 4862 49p620
19451 49.620 49.620 69452 3 4862 49p620
19452 49.630 49.630 69453 0 4863 49p630
19453 49.630 49.630 69454 1 4863 49p630
19454 49.630 49.630 69455 2 4863 49p630
19455 49.630 49.630 69456 3 4863 49p630
19456 49.640 49.640 69457 0 4864 49p640
19457 49.640 49.640 69458 1 4864 49p640
19458 49.640 49.640 69459 2 4864 49p640
19459 49.640 49.640 69460 3 4864 49p640
19460 49.650 49.650 69461 0 4865 49p650
19461 49.650 49.650 69462 1 4865 49p650
19462 49.650 49.650 69463 2 4865 49p650
19463 49.650 49.650 69464 3 4865 49p650
19464 49.660 49.660 69465 0 4866 49p660
19465 49.660 49.660 69466 1 4866 49p660
19466 49.660 49.660 69467 2 4866 49p660
19467 49.660 49.660 69468 3 4866 49p660
19468 49.670 49.670 69469 0 4867 49p670
19469 49.670 49.670 69470 1 4867 49p670
19470 49.670 49.670 69471 2 4867 49p670
19471 49.670 49.670 69472 3 4867 49p670
19472 49.680 49.680 69473 0 4868 49p680
19473 49.680 49.680 69474 1 4868 49p680
19474 49.680 49.680 69475 2 4868 49p680
19475 49.680 49.680 69476 3 4868 49p680
19476 49.690 49.690 69477 0 4869 49p690
19477 49.690 49.690 69478 1 4869 49p690
19478 49.690 49.690 69479 2 4869 49p690
19479 49.690 49.690 69480 3 4869 49p690
19480 49.700 49.700 69481 0 4870 49p700
19481 49.700 49.700 69482 1 4870 49p700
19482 49.700 49.700 69483 2 4870 49p700
19483 49.700 49.700 69484 3 4870 49p700
19484 49.710 49.710 69485 0 4871 49p710
19485 49.710 49.710 69486 1 4871 49p710
19486 49.710 49.710 69487 2 4871 49p710
19487 49.710 49.710 69488 3 4871 49p710
19488 49.720 49.720 69489 0 4872 49p720
19489 49.720 49.720 69490 1 4872 49p720
19490 49.720 49.720 69491 2 4872 49p720
19491 49.720 49.720 69492 3 4872 49p720
19492 49.730 49.730 69493 0 4873 49p730
19493 49.730 49.730 69494 1 4873 49p730
19494 49.730 49.730 69495 2 4873 49p730
19495 49.730 49.730 69496 3 4873 49p730
19496 49.740 49.740 69497 0 4874 49p740
19497 49.740 49.740 69498 1 4874 49p740
19498 49.740 49.740 69499 2 4874 49p740
19499 49.740 49.740 69500 3 4874 49p740
19500 49.750 49.750 69501 0 4875 49p750
19501 49.750 49.750 69502 1 4875 49p750
19502 49.750 49.750 69503 2 4875 49p750
19503 49.750 49.750 69504 3 4875 49p750
19504 49.760 49.760 69505 0 4876 49p760
19505 49.760 49.760 69506 1 4876 49p760
19506 49.760 49.760 69507 2 4876 49p760
19507 49.760 49.760 69508 3 4876 49p760
19508 49.770 49.770 69509 0 4877 49p770
19509 49.770 49.770 69510 1 4877 49p770
19510 49.770 49.770 69511 2 4877 49p770
19511 49.770 49.770 69512 3 4877 49p770
19512 49.780 49.780 69513 0 4878 49p780
19513 49.780 49.780 69514 1 4878 49p780
19514 49.780 49.780 69515 2 4878 49p780
19515 49.780 49.780 69516 3 4878 49p780
19516 49.790 49.790 69517 0 4879 49p790
19517 49.790 49.790 69518 1 4879 49p790
19518 49.790 49.790 69519 2 4879 49p790
19519 49.790 49.790 69520 3 4879 49p790
19520 49.800 49.800 69521 0 4880 49p800
19521 49.800 49.800 69522 1 4880 49p800
19522 49.800 49.800 69523 2 4880 49p800
19523 49.800 49.800 69524 3 4880 49p800
19524 49.810 49.810 69525 0 4881 49p810
19525 49.810 49.810 69526 1 4881 49p810
19526 49.810 49.810 69527 2 4881 49p810
19527 49.810 49.810 69528 3 4881 49p810
19528 49.820 49.820 69529 0 4882 49p820
19529 49.820 49.820 69530 1 4882 49p820
19530 49.820 49.820 69531 2 4882 49p820
19531 49.820 49.820 69532 3 4882 49p820
19532 49.830 49.830 69533 0 4883 49p830
19533 49.830 49.830 69534 1 4883 49p830
19534 49.830 49.830 69535 2 4883 49p830
19535 49.830 49.830 69536 3 4883 49p830
19536 49.840 49.840 69537 0 4884 49p840
19537 49.840 49.840 69538 1 4884 49p840
19538 49.840 49.840 69539 2 4884 49p840
19539 49.840 49.840 69540 3 4884 49p840
19540 49.850 49.850 69541 0 4885 49p850
19541 49.850 49.850 69542 1 4885 49p850
19542 49.850 49.850 69543 2 4885 49p850
19543 49.850 49.850 69544 3 4885 49p850
19544 49.860 49.860 69545 0 4886 49p860
19545 49.860 49.860 69546 1 4886 49p860
19546 49.860 49.860 69547 2 4886 49p860
19547 49.860 49.860 69548 3 4886 49p860
19548 49.870 49.870 69549 0 4887 49p870
19549 49.870 49.870 69550 1 4887 49p870
19550 49.870 49.870 69551 2 4887 49p870
19551 49.870 49.870 69552 3 4887 49p870
19552 49.880 49.880 69553 0 4888 49p880
19553 49.880 49.880 69554 1 4888 49p880
19554 49.880 49.880 69555 2 4888 49p880
19555 49.880 49.880 69556 3 4888 49p880
19556 49.890 49.890 69557 0 4889 49p890
19557 49.890 49.890 69558 1 4889 49p890
19558 49.890 49.890 69559 2 4889 49p890
19559 49.890 49.890 69560 3 4889 49p890
19560 49.900 49.900 69561 0 4890 49p900
19561 49.900 49.900 69562 1 4890 49p900
19562 49.900 49.900 69563 2 4890 49p900
19563 49.900 49.900 69564 3 4890 49p900
19564 49.910 49.910 69565 0 4891 49p910
19565 49.910 49.910 69566 1 4891 49p910
19566 49.910 49.910 69567 2 4891 49p910
19567 49.910 49.910 69568 3 4891 49p910
19568 49.920 49.920 69569 0 4892 49p920
19569 49.920 49.920 69570 1 4892 49p920
19570 49.920 49.920 69571 2 4892 49p920
19571 49.920 49.920 69572 3 4892 49p920
19572 49.930 49.930 69573 0 4893 49p930
19573 49.930 49.930 69574 1 4893 49p930
19574 49.930 49.930 69575 2 4893 49p930
19575 49.930 49.930 69576 3 4893 49p930
19576 49.940 49.940 69577 0 4894 49p940
19577 49.940 49.940 69578 1 4894 49p940
19578 49.940 49.940 69579 2 4894 49p940
19579 49.940 49.940 69580 3 4894 49p940
19580 49.950 49.950 69581 0 4895 49p950
19581 49.950 49.950 69582 1 4895 49p950
19582 49.950 49.950 69583 2 4895 49p950
19583 49.950 49.950 69584 3 4895 49p950
19584 49.960 49.960 69585 0 4896 49p960
19585 49.960 49.960 69586 1 4896 49p960
19586 49.960 49.960 69587 2 4896 49p960
19587 49.960 49.960 69588 3 4896 49p960
19588 49.970 49.970 69589 0 4897 49p970
19589 49.970 49.970 69590 1 4897 49p970
19590 49.970 49.970 69591 2 4897 49p970
19591 49.970 49.970 69592 3 4897 49p970
19592 49.980 49.980 69593 0 4898 49p980
19593 49.980 49.980 69594 1 4898 49p980
19594 49.980 49.980 69595 2 4898 49p980
19595 49.980 49.980 69596 3 4898 49p980
19596 49.990 49.990 69597 0 4899 49p990
19597 49.990 49.990 69598 1 4899 49p990
19598 49.990 49.990 69599 2 4899 49p990
19599 49.990 49.990 69600 3 4899 49p990
19600 50.000 50.000 69601 0 4900 50p000
19601 50.000 50.000 69602 1 4900 50p000
19602 50.000 50.000 69603 2 4900 50p000
19603 50.000 50.000 69604 3 4900 50p000
